time,"V(N008,N005)","V(N009,N004)",V(n001),V(n002),V(n003),V(n004),V(n005),V(n006),V(n007),V(n008),V(n009),I(C1),I(C2),I(C3),I(C4),I(R1),I(R2),I(R3),I(R4),I(R5),I(R6),I(R7),I(R8),I(R9),I(V1),I(V2),I(V3)
0.0,-0.07,-0.07,0.0,-2.1000000000000002e-20,-2.1000000000000002e-20,-2.1042e-20,-2.1042e-20,-2.1042e-20,-2.1042e-20,-0.07,-0.07,4.199999999999999e-25,4.199999999999999e-25,2.0999999999999996e-38,2.0999999999999996e-38,-4.365708e-36,-4.365708e-36,0.0,0.0,4.199999999999999e-25,4.199999999999999e-25,0.0,4.199999999999999e-25,4.199999999999999e-25,-1.2611689999999998e-43,-1.2611689999999998e-43,-4.199999999999999e-25
0.001,-0.07,-0.07,0.0,-7.923816999999999e-17,-7.923816999999999e-17,-2.62832e-15,-2.62832e-15,-9.566937e-12,-9.566937e-12,-0.07,-0.07,2.5466889999999997e-17,2.5466889999999997e-17,2.548924e-17,2.548924e-17,2.391077e-20,2.391077e-20,0.0,0.0,2.5490820000000003e-17,2.5490820000000003e-17,1.4086799999999998e-33,1.5847629999999999e-21,1.5847629999999999e-21,-2.391077e-20,-2.391077e-20,-2.5490820000000003e-17
0.0010000001,-0.07024729,-0.06975272,-0.5,-0.4999987,-1.285377e-06,-0.2502488,-0.2497512,-0.2500015,-0.2499985,-0.3199985,-0.3200015,-9.930051e-06,9.930051e-06,-0.009640319,0.00964032,-6.194099e-13,6.194099e-13,9.930051e-06,0.00248757,-0.0024975,0.0024975,0.00714282,-2.570753e-11,2.570753e-11,6.193428000000001e-13,-6.195658000000001e-13,0.009640319
0.0010000003,-0.07074624,-0.0692538,-1.5,-1.499994,-5.554116e-06,-0.7507477,-0.7492523,-0.7500015,-0.7499985,-0.8199985000000001,-0.8200014999999999,-1.498546e-05,1.498546e-05,-0.02892088,0.02892088,-1.865624e-12,1.865624e-12,1.498546e-05,0.007477480999999999,-0.007492466999999999,0.007492466999999999,0.02142841,-1.110823e-10,1.110823e-10,1.865132e-12,-1.865977e-12,0.02892088
0.001000000906659477,-0.07226133,-0.06773853,-4.533298,-4.533257,-4.0786370000000004e-05,-2.268912,-2.264386,-2.26665,-2.2666470000000003,-2.336647,-2.33665,-1.498172e-05,1.498172e-05,-0.08740368,0.08740368,-5.653372e-12,5.653372e-12,1.4981729999999998e-05,0.02262847,-0.02264345,0.02264345,0.06476022,-8.157274e-10,8.157274e-10,5.652741e-12,-5.65345e-12,0.08740368
0.001000001,-0.07249451,-0.0675056,-5.0,-4.999951,-4.868318e-05,-2.502496,-2.497504,-2.5000009999999997,-2.4999990000000003,-2.569999,-2.570002,-1.513662e-05,1.513662e-05,-0.09640174,0.09640174,-6.23607e-12,6.23607e-12,1.5136629999999997e-05,0.02495942,-0.02497455,0.02497455,0.07142718,-9.736636e-10,9.736636e-10,6.235346e-12,-6.2360669999999996e-12,0.09640174
0.001000001060585351,-0.07249689,-0.06750298,-5.0,-4.999946,-5.452369000000001e-05,-2.502497,-2.497503,-2.5,-2.5,-2.57,-2.57,-5.145008e-06,5.145008e-06,-0.0964015,0.0964015,-6.241049e-12,6.241049e-12,5.145014999999999e-06,0.02496934,-0.02497448,0.02497448,0.07142701,-1.0904739999999999e-09,1.0904739999999999e-09,6.240244e-12,-6.241905e-12,0.0964015
0.001000001181756052,-0.07249737,-0.0675025,-5.0,-4.999934,-6.620467e-05,-2.502497,-2.497503,-2.5,-2.5,-2.57,-2.57,-2.302343e-09,2.302339e-09,-0.09640104,0.09640104,-6.2435900000000005e-12,6.2435900000000005e-12,2.308577e-09,0.02497436,-0.02497436,0.02497436,0.07142668,-1.3240940000000002e-09,1.3240940000000002e-09,6.241944e-12,-6.244042e-12,0.09640104
0.001000001424097454,-0.07249737,-0.0675025,-5.0,-4.99991,-8.956645000000001e-05,-2.502497,-2.497503,-2.5,-2.5,-2.57,-2.57,1.9688e-09,-1.968814e-09,-0.09640014,0.09640014,-6.243533e-12,6.243533e-12,-1.962576e-09,0.02497413,-0.02497413,0.02497413,0.07142601,-1.7913289999999997e-09,1.7913289999999997e-09,6.241462e-12,-6.242926e-12,0.09640014
0.001000001908780258,-0.07249737,-0.0675025,-5.0,-4.999864,-0.0001362892,-2.502497,-2.497503,-2.5,-2.5,-2.57,-2.57,-1.05743e-10,1.057335e-10,-0.09639834,0.09639834,-6.243416e-12,6.243416e-12,1.119721e-10,0.02497366,-0.02497366,0.02497366,0.07142468,-2.725784e-09,2.725784e-09,6.242012e-12,-6.242144e-12,0.09639834
0.001000019495842012,-0.07249566,-0.0675042,-5.0,-4.998169,-0.0018309160000000001,-2.502496,-2.497504,-2.5,-2.5,-2.57,-2.57,3.21489e-10,-3.214925e-10,-0.09633296,0.09633296,-6.239184e-12,6.239184e-12,-3.152508e-10,0.02495673,-0.02495673,0.02495673,0.07137626,-3.661831e-08,3.661831e-08,6.2385589999999994e-12,-6.2386989999999995e-12,0.09633299
0.001000037082903766,-0.07249396,-0.0675059,-5.0,-4.996476,-0.003524109,-2.502494,-2.497506,-2.5,-2.5,-2.57,-2.57,6.389804e-10,-6.389795e-10,-0.09626763,0.09626763,-6.234955000000001e-12,6.234955000000001e-12,-6.327363e-10,0.02493982,-0.02493982,0.02493982,0.07132789,-7.048219000000001e-08,7.048219000000001e-08,6.234822e-12,-6.2349980000000004e-12,0.0962677
0.001000054669965521,-0.07249226,-0.06750761,-5.0,-4.994783999999999,-0.00521587,-2.5024919999999997,-2.4975080000000003,-2.5,-2.5,-2.57,-2.57,8.467312e-10,-8.467274e-10,-0.09620236,0.09620236,-6.2307300000000005e-12,6.2307300000000005e-12,-8.404845e-10,0.02492292,-0.02492292,0.02492292,0.07127955,-1.043174e-07,1.043174e-07,6.2308e-12,-6.231042e-12,0.09620246
0.001000072257027275,-0.07249056,-0.06750931,-5.0,-4.993094,-0.0069061980000000005,-2.502491,-2.497509,-2.5,-2.5,-2.57,-2.57,9.447414e-10,-9.447363e-10,-0.09613715,0.09613715,-6.226508999999999e-12,6.226508e-12,-9.384954e-10,0.02490603,-0.02490603,0.02490603,0.07123126,-1.38124e-07,1.38124e-07,6.226494e-12,-6.226830999999999e-12,0.09613728
0.001000089844089029,-0.07248885,-0.06751101,-5.0,-4.991405,-0.008595092,-2.5024889999999997,-2.4975110000000003,-2.5,-2.5,-2.57,-2.57,9.330111e-10,-9.330061e-10,-0.09607199,0.09607199,-6.222291000000001e-12,6.22229e-12,-9.26769e-10,0.02488916,-0.02488916,0.02488916,0.071183,-1.719019e-07,1.719019e-07,6.221904e-12,-6.222365e-12,0.09607216
0.001000107431150783,-0.07248715,-0.06751272,-5.0,-4.989718,-0.01028255,-2.502487,-2.497513,-2.5,-2.5,-2.57,-2.57,8.115402e-10,-8.115369e-10,-0.09600688,0.09600688,-6.218076e-12,6.218076e-12,-8.053053e-10,0.0248723,-0.0248723,0.0248723,0.07113479,-2.056511e-07,2.056511e-07,6.2170290000000004e-12,-6.217645e-12,0.09600709
0.0010001250182125369,-0.07248545,-0.06751442,-5.0,-4.988030999999999,-0.01196858,-2.502486,-2.497514,-2.5,-2.5,-2.57,-2.57,5.803287e-10,-5.803287e-10,-0.09594183,0.09594183,-6.213865e-12,6.213865e-12,-5.741043e-10,0.02485546,-0.02485546,0.02485546,0.07108662,-2.3937170000000003e-07,2.3937170000000003e-07,6.211871e-12,-6.212669e-12,0.09594207
0.001000249097010425,-0.07247353,-0.06752634,-5.0,-4.976177,-0.02382329,-2.5024740000000003,-2.4975259999999997,-2.5,-2.5,-2.57,-2.57,5.697037e-10,-5.697084e-10,-0.09548446,0.09548446,-6.184258e-12,6.184258e-12,-5.635267e-10,0.02473703,-0.02473703,0.02473703,0.0707479,-4.7646590000000003e-07,4.7646590000000003e-07,6.18252e-12,-6.185428e-12,0.09548493
0.001000497254606201,-0.07245016,-0.06754971,-5.0,-4.952678,-0.0473218,-2.50245,-2.49755,-2.5,-2.5,-2.57,-2.57,5.682021e-10,-5.682163e-10,-0.09457786,0.09457786,-6.125571e-12,6.125569999999999e-12,-5.620914e-10,0.02450228,-0.02450228,0.02450228,0.07007653,-9.464360000000001e-07,9.464360000000001e-07,6.1249940000000004e-12,-6.128517e-12,0.0945788
0.0010009935697977519,-0.07240415,-0.06759572,-5.0,-4.90651,-0.09348999,-2.5024040000000003,-2.4975959999999997,-2.5,-2.5,-2.57,-2.57,5.555592e-10,-5.555686e-10,-0.09279662,0.09279662,-6.010265e-12,6.010265e-12,-5.495622e-10,0.02404106,-0.02404106,0.02404106,0.06875743,-1.8697999999999999e-06,1.8697999999999999e-06,6.010422e-12,-6.012474e-12,0.09279849
0.001001986200180855,-0.07231426,-0.0676856,-5.0,-4.8165629999999995,-0.18343729999999997,-2.502314,-2.497686,-2.5,-2.5,-2.57,-2.57,5.354202e-10,-5.354202e-10,-0.08932632,0.08932632,-5.7856220000000005e-12,5.785621e-12,-5.296431e-10,0.02314248,-0.02314248,0.02314248,0.06618751,-3.6687459999999997e-06,3.6687459999999997e-06,5.784358e-12,-5.786962e-12,0.08933
0.0010029862001808552,-0.07222676,-0.0677731,-5.0,-4.7289330000000005,-0.27106679999999994,-2.502227,-2.497773,-2.5,-2.5,-2.57,-2.57,5.151506e-10,-5.151506e-10,-0.08594545,0.08594545,-5.566767e-12,5.566766000000001e-12,-5.09587e-10,0.02226707,-0.02226706,0.02226706,0.06368381,-5.421336e-06,5.421336e-06,5.5667779999999995e-12,-5.568658e-12,0.08595087
0.001003986200180854,-0.07214236,-0.0678575,-5.0,-4.644614,-0.35538569999999997,-2.5021419999999996,-2.4978580000000004,-2.5,-2.5,-2.57,-2.57,4.956533e-10,-4.956533e-10,-0.0826923,0.0826923,-5.35618e-12,5.356179e-12,-4.902958e-10,0.02142472,-0.02142472,0.02142472,0.06127469,-7.107714e-06,7.107714e-06,5.358537e-12,-5.358144e-12,0.08269941
0.001004986200180854,-0.0720613,-0.06793857,-5.0,-4.563487,-0.436513,-2.502061,-2.497939,-2.5,-2.5,-2.57,-2.57,4.76895e-10,-4.76895e-10,-0.0795623,0.0795623,-5.1535639999999996e-12,5.1535639999999996e-12,-4.717364e-10,0.02061426,-0.02061426,0.02061426,0.05895677,-8.730261e-06,8.730261e-06,5.156181e-12,-5.1549e-12,0.07957102
0.0010059862001808538,-0.07198334,-0.06801653,-5.0,-4.485431,-0.5145695,-2.501983,-2.498017,-2.5,-2.5,-2.57,-2.57,4.588401e-10,-4.588401e-10,-0.07655077,0.07655077,-4.958618e-12,4.958618e-12,-4.538876e-10,0.01983447,-0.01983447,0.01983447,0.05672659,-1.0291389999999999e-05,1.0291389999999999e-05,4.959938e-12,-4.9591e-12,0.07656106
0.0010079862001808539,-0.07183623,-0.06816363,-5.0,-4.338069,-0.6619308,-2.501836,-2.498164,-2.5,-2.5,-2.57,-2.57,4.247624e-10,-4.247624e-10,-0.07086535,0.07086535,-4.590582e-12,4.590583e-12,-4.201794e-10,0.01836233,-0.01836233,0.01836233,0.05251626,-1.323862e-05,1.323862e-05,4.5897160000000005e-12,-4.589767e-12,0.0708786
0.001009986200180854,-0.07169986,-0.06830001,-5.0,-4.201653,-0.7983475999999999,-2.5017,-2.4983,-2.5,-2.5,-2.57,-2.57,3.932286e-10,-3.932143e-10,-0.0656022,0.0656022,-4.24988e-12,4.249883e-12,-3.889724e-10,0.01699952,-0.01699952,0.01699952,0.04861864,-1.5966949999999998e-05,1.5966949999999998e-05,4.250466000000001e-12,-4.250073e-12,0.06561816
0.001011986200180854,-0.07157373,-0.06842613,-5.0,-4.075367,-0.9246328000000001,-2.501574,-2.498426,-2.5,-2.5,-2.57,-2.57,3.64011e-10,-3.64011e-10,-0.06072994,0.06072994,-3.934483e-12,3.934485e-12,-3.600888e-10,0.01573793,-0.01573793,0.01573793,0.04501049,-1.849265e-05,1.849265e-05,3.93439e-12,-3.933553e-12,0.06074843
0.001014986200180854,-0.07140183,-0.06859803,-5.0,-3.9033059999999997,-1.096694,-2.501402,-2.498598,-2.5,-2.5,-2.57,-2.57,3.242278e-10,-3.242278e-10,-0.05409156,0.05409156,-3.504758e-12,3.5047620000000004e-12,-3.207248e-10,0.01401904,-0.01401904,0.01401904,0.04009445,-2.193388e-05,2.193388e-05,3.505086e-12,-3.5051370000000004e-12,0.05411349
0.001017986200180853,-0.07124877,-0.0687511,-5.0,-3.7500519999999997,-1.249948,-2.501249,-2.498751,-2.5,-2.5,-2.57,-2.57,2.887859e-10,-2.887859e-10,-0.04817881,0.04817881,-3.122006e-12,3.122011e-12,-2.856595e-10,0.01248803,-0.01248803,0.01248803,0.03571578,-2.4998960000000003e-05,2.4998960000000003e-05,3.1224e-12,-3.121562e-12,0.04820381
0.001020986200180853,-0.07111239,-0.06888747,-5.0,-3.613551,-1.386449,-2.501112,-2.498888,-2.5,-2.5,-2.57,-2.57,2.572165e-10,-2.572165e-10,-0.04291239,0.04291239,-2.781093e-12,2.781099e-12,-2.544311e-10,0.01112438,-0.01112438,0.01112438,0.03181574,-2.7728979999999997e-05,2.7728979999999997e-05,2.780672e-12,-2.780723e-12,0.04294012
0.001023986200180853,-0.0709908,-0.06900907,-5.0,-3.491971,-1.50803,-2.500991,-2.499009,-2.5,-2.5,-2.57,-2.57,2.291074e-10,-2.291074e-10,-0.03822165,0.03822165,-2.477445e-12,2.477452e-12,-2.266276e-10,0.009909796,-0.009909795,0.009909795,0.02834201,-3.0160590000000003e-05,3.0160590000000003e-05,2.478903e-12,-2.478066e-12,0.03825181
0.001026986200180853,-0.07088256,-0.06911731,-5.0,-3.3836800000000005,-1.61632,-2.500883,-2.499117,-2.5,-2.5,-2.57,-2.57,2.040679e-10,-2.040679e-10,-0.03404364,0.03404364,-2.206989e-12,2.206997e-12,-2.01851e-10,0.008827972,-0.008827971,0.008827971,0.025248,-3.2326399999999996e-05,3.2326399999999996e-05,2.2074900000000003e-12,-2.207541e-12,0.03407597
0.001029986200180852,-0.07078624,-0.06921363,-5.0,-3.2872269999999997,-1.7127729999999999,-2.500786,-2.499214,-2.5,-2.5,-2.57,-2.57,1.817497e-10,-1.817497e-10,-0.03032234,0.03032234,-1.966096e-12,1.966105e-12,-1.797815e-10,0.007864403,-0.007864403,0.007864403,0.02249219,-3.425547e-05,3.425547e-05,1.965384e-12,-1.964102e-12,0.03035659
0.001032986200180852,-0.07070065,-0.06929922,-5.0,-3.201317,-1.7986830000000003,-2.500701,-2.499299,-2.5,-2.5,-2.57,-2.57,1.618758e-10,-1.618758e-10,-0.02700781,0.02700781,-1.7515349999999998e-12,1.7515459999999999e-12,-1.60135e-10,0.0070061609999999995,-0.0070061609999999995,0.0070061609999999995,0.02003762,-3.597367e-05,3.597367e-05,1.752576e-12,-1.7512939999999998e-12,0.02704378
0.001035986200180852,-0.07062411,-0.06937575,-5.0,-3.1247979999999997,-1.875202,-2.500624,-2.499376,-2.5,-2.5,-2.57,-2.57,1.441904e-10,-1.441904e-10,-0.02405559,0.02405559,-1.5604280000000001e-12,1.560439e-12,-1.426272e-10,0.0062417340000000005,-0.0062417340000000005,0.0062417340000000005,0.01785136,-3.750405e-05,3.750405e-05,1.561472e-12,-1.560635e-12,0.02409309
0.001038986200180852,-0.07055593,-0.06944394,-5.0,-3.056643,-1.943357,-2.500556,-2.499444,-2.5,-2.5,-2.57,-2.57,1.284306e-10,-1.284306e-10,-0.02142608,0.02142608,-1.39021e-12,1.390223e-12,-1.270379e-10,0.005560865999999999,-0.005560865999999999,0.005560865999999999,0.01590408,-3.886715e-05,3.886715e-05,1.391261e-12,-1.391757e-12,0.02146494
0.001041986200180851,-0.07049537,-0.0695045,-5.0,-2.995938,-2.004062,-2.500495,-2.499505,-2.5,-2.5,-2.57,-2.57,1.143903e-10,-1.143903e-10,-0.01908399,0.01908399,-1.238599e-12,1.2386129999999998e-12,-1.131468e-10,0.004954424,-0.004954424,0.004954424,0.01416965,-4.008124e-05,4.008124e-05,1.239358e-12,-1.239409e-12,0.01912408
0.001044986200180851,-0.07044148,-0.06955838,-5.0,-2.941869,-2.058131,-2.5004419999999996,-2.4995580000000004,-2.5,-2.5,-2.57,-2.57,1.018847e-10,-1.018847e-10,-0.01699793,0.01699793,-1.10356e-12,1.103575e-12,-1.007834e-10,0.004414272,-0.004414272,0.004414272,0.01262482,-4.116263e-05,4.116263e-05,1.103666e-12,-1.104161e-12,0.01703909
0.001047986200180851,-0.07039332,-0.06960654,-5.0,-2.89371,-2.10629,-2.500393,-2.499607,-2.5,-2.5,-2.57,-2.57,9.075052e-11,-9.075052e-11,-0.01513989,0.01513989,-9.832828999999999e-13,9.832989e-13,-8.976997e-11,0.003933163,-0.003933163,0.003933163,0.01124885,-4.21258e-05,4.21258e-05,9.843142e-13,-9.834771000000001e-13,0.01518201
0.001050986200180851,-0.07035041,-0.06964946,-5.0,-2.8508150000000003,-2.1491849999999997,-2.50035,-2.49965,-2.5,-2.5,-2.57,-2.57,8.083134e-11,-8.083134e-11,-0.01348495,0.01348495,-8.761527e-13,8.761699e-13,-7.995026999999999e-11,0.003504645,-0.003504645,0.003504645,0.01002328,-4.29837e-05,4.29837e-05,8.759625e-13,-8.755695999999999e-13,0.01352793
0.00105398620018085,-0.07031226,-0.0696876,-5.0,-2.812609,-2.187391,-2.500312,-2.499688,-2.5,-2.5,-2.57,-2.57,7.19993e-11,-7.19993e-11,-0.01201091,0.01201091,-7.807329000000001e-13,7.807510999999999e-13,-7.121059e-11,0.003122968,-0.003122968,0.003122968,0.008931688,-4.374782e-05,4.374782e-05,7.81991e-13,-7.811541e-13,0.01205466
0.00105698620018085,-0.07027817,-0.0697217,-5.0,-2.778579,-2.221421,-2.500278,-2.499722,-2.5,-2.5,-2.57,-2.57,6.411938000000001e-11,-6.411938000000001e-11,-0.010698,0.010698,-6.957434000000001e-13,6.957627e-13,-6.343015e-11,0.002783012,-0.002783012,0.002783012,0.007959414,-4.442841e-05,4.442841e-05,6.951321e-13,-6.951834e-13,0.01074243
0.00105998620018085,-0.07024789,-0.06975198,-5.0,-2.74827,-2.25173,-2.500248,-2.499752,-2.5,-2.5,-2.57,-2.57,5.7113430000000006e-11,-5.7113430000000006e-11,-0.009528601,0.009528601,-6.200439e-13,6.200644e-13,-5.649525e-11,0.0024802170000000003,-0.0024802170000000003,0.0024802170000000003,0.007093419,-4.503460999999999e-05,4.503460999999999e-05,6.194997e-13,-6.186629e-13,0.009573636
0.00106298620018085,-0.07022095,-0.06977892,-5.0,-2.721273,-2.278727,-2.500221,-2.499779,-2.5,-2.5,-2.57,-2.57,5.086775e-11,-5.086775e-11,-0.008487030999999999,0.008487030999999999,-5.526191e-13,5.526407e-13,-5.031353e-11,0.00221052,-0.00221052,0.00221052,0.006322086,-4.5574540000000005e-05,4.5574540000000005e-05,5.525224e-13,-5.521296e-13,0.008532606
0.001065986200180849,-0.07019687,-0.069803,-5.0,-2.6972270000000003,-2.3027729999999997,-2.500197,-2.499803,-2.5,-2.5,-2.57,-2.57,4.5311309999999997e-11,-4.5311309999999997e-11,-0.007559315,0.007559315,-4.925645e-13,4.925871e-13,-4.482814e-11,0.001970303,-0.001970303,0.001970303,0.005635067,-4.605545e-05,4.605545e-05,4.930461e-13,-4.917653e-13,0.007605371
0.001068986200180849,-0.07017565,-0.06982422,-5.0,-2.67581,-2.32419,-2.5001759999999997,-2.4998240000000003,-2.5,-2.5,-2.57,-2.57,4.035883e-11,-4.035883e-11,-0.006733006999999999,0.006733006999999999,-4.390744000000001e-13,4.390981e-13,-3.991119e-11,0.001756345,-0.001756345,0.001756345,0.005023146,-4.6483800000000004e-05,4.6483800000000004e-05,4.405133e-13,-4.3967669999999996e-13,0.0067794909999999995
0.001071986200180849,-0.07015634,-0.06984353,-5.0,-2.656734,-2.343266,-2.500156,-2.499844,-2.5,-2.5,-2.57,-2.57,3.5946359999999995e-11,-3.593925e-11,-0.005997023000000001,0.005997023000000001,-3.9143119999999996e-13,3.91456e-13,-3.555556e-11,0.001565774,-0.001565774,0.001565774,0.004478114,-4.686532e-05,4.686532e-05,3.9177209999999996e-13,-3.918236e-13,0.006043889
0.001074986200180849,-0.07013941,-0.06986046,-5.0,-2.639743,-2.360257,-2.500139,-2.499861,-2.5,-2.5,-2.57,-2.57,3.202416e-11,-3.202416e-11,-0.0053414890000000005,0.0053414890000000005,-3.4899580000000003e-13,3.4902170000000003e-13,-3.166178e-11,0.001396035,-0.001396035,0.001396035,0.00399266,-4.720514e-05,4.720514e-05,3.5086599999999996e-13,-3.4958540000000005e-13,0.005388695
0.001077986200180848,-0.07012439,-0.06987548,-5.0,-2.624609,-2.375391,-2.500124,-2.499876,-2.5,-2.5,-2.57,-2.57,2.851408e-11,-2.851408e-11,-0.0047576120000000005,0.0047576120000000005,-3.1119899999999995e-13,3.112259e-13,-2.820855e-11,0.00124485,-0.00124485,0.00124485,0.00356027,-4.750781e-05,4.750781e-05,3.1068159999999996e-13,-3.09845e-13,0.00480512
0.001080986200180848,-0.07011104,-0.06988883,-5.0,-2.6111299999999997,-2.3888700000000003,-2.500111,-2.499889,-2.5,-2.5,-2.57,-2.57,2.54019e-11,-2.54019e-11,-0.004237558,0.004237558,-2.775336e-13,2.775617e-13,-2.511769e-11,0.001110191,-0.001110191,0.001110191,0.003175145,-4.77774e-05,4.77774e-05,2.7761359999999997e-13,-2.781094e-13,0.004285336
0.0010839862001808481,-0.07009888,-0.06990099,-5.0,-2.599124,-2.400876,-2.500099,-2.499901,-2.5,-2.5,-2.57,-2.57,2.263079e-11,-2.263079e-11,-0.0037743509999999996,0.0037743509999999996,-2.475482e-13,2.4757729999999995e-13,-2.23821e-11,0.0009902511,-0.0009902510000000002,0.0009902510000000002,0.002832118,-4.801752000000001e-05,4.801752000000001e-05,2.487037e-13,-2.474232e-13,0.0038223690000000004
0.001086986200180847,-0.07008839,-0.06991148,-5.0,-2.588431,-2.411569,-2.5000880000000003,-2.4999119999999997,-2.5,-2.5,-2.57,-2.57,2.014389e-11,-2.014389e-11,-0.0033617770000000003,0.0033617770000000003,-2.208404e-13,2.2087060000000002e-13,-1.993072e-11,0.0008834219999999999,-0.0008834219999999999,0.0008834219999999999,0.0025265870000000003,-4.823139e-05,4.823139e-05,2.211808e-13,-2.203444e-13,0.0034100090000000003
0.001089986200180847,-0.07007861,-0.06992126,-5.0,-2.578906,-2.421094,-2.500079,-2.499921,-2.5,-2.5,-2.57,-2.57,1.794831e-11,-1.794831e-11,-0.002994302,0.002994302,-1.97052e-13,1.970833e-13,-1.774936e-11,0.0007882703999999999,-0.0007882703999999999,0.0007882703999999999,0.002254453,-4.842188e-05,4.842188e-05,1.974904e-13,-1.9665399999999999e-13,0.003042724
0.0010929862001808472,-0.07007027,-0.0699296,-5.0,-2.570422,-2.429578,-2.50007,-2.49993,-2.5,-2.5,-2.57,-2.57,1.598721e-11,-1.598721e-11,-0.002666995,0.002666995,-1.758638e-13,1.7589620000000002e-13,-1.5809579999999998e-11,0.0007035199000000001,-0.0007035199000000001,0.0007035199000000001,0.002012067,-4.859155e-05,4.859155e-05,1.777229e-13,-1.777747e-13,0.002715587
0.0010959862001808471,-0.07006288,-0.06993699,-5.0,-2.562866,-2.437134,-2.500063,-2.499937,-2.5,-2.5,-2.57,-2.57,1.4239279999999999e-11,-1.4239279999999999e-11,-0.002375466,0.002375466,-1.569916e-13,1.5702509999999999e-13,-1.4082960000000001e-11,0.0006280335,-0.0006280334,0.0006280334,0.001796176,-4.874268e-05,4.874268e-05,1.561814e-13,-1.5534520000000002e-13,0.002424209
0.001098986200180846,-0.07005596,-0.0699439,-5.0,-2.556136,-2.443864,-2.5000560000000003,-2.4999439999999997,-2.5,-2.5,-2.57,-2.57,1.268319e-11,-1.268319e-11,-0.0021158039999999998,0.0021158039999999998,-1.4018229999999998e-13,1.4021689999999998e-13,-1.2541080000000001e-11,0.0005607984,-0.0005607984,0.0005607984,0.001603883,-4.887728e-05,4.887728e-05,1.419046e-13,-1.406244e-13,0.0021646820000000002
0.0011019862001808462,-0.07005,-0.06994987,-5.0,-2.550141,-2.449859,-2.50005,-2.49995,-2.5,-2.5,-2.57,-2.57,1.1297630000000001e-11,-1.1297630000000001e-11,-0.001884526,0.001884526,-1.252104e-13,1.25246e-13,-1.116973e-11,0.0005009128,-0.0005009128,0.0005009128,0.001432611,-4.8997170000000004e-05,4.8997170000000004e-05,1.270066e-13,-1.2572639999999998e-13,0.001933523
0.0011049862001808462,-0.07004476,-0.06995511,-5.0,-2.5448020000000002,-2.4551979999999998,-2.500045,-2.499955,-2.5,-2.5,-2.57,-2.57,1.0061289999999999e-11,-1.0061289999999999e-11,-0.001678529,0.001678529,-1.11875e-13,1.119117e-13,-9.947598e-12,0.00044757330000000004,-0.00044757330000000004,0.00044757330000000004,0.00128006,-4.910396e-05,4.910396e-05,1.1052300000000001e-13,-1.10575e-13,0.001727633
0.0011079862001808461,-0.07003999,-0.06995988,-5.0,-2.540046,-2.459954,-2.5000400000000003,-2.4999599999999997,-2.5,-2.5,-2.57,-2.57,8.952838e-12,-8.952838e-12,-0.001495049,0.001495049,-9.99972e-14,1.00035e-13,-8.867572999999999e-12,0.0004000643,-0.0004000643,0.0004000643,0.001144184,-4.919907e-05,4.919907e-05,9.935256000000001e-14,-1.0073689999999999e-13,0.0015442479999999998
0.001110986200180845,-0.0700357,-0.06996417,-5.0,-2.5358110000000003,-2.4641889999999997,-2.500036,-2.499964,-2.5,-2.5,-2.57,-2.57,7.979395e-12,-7.979395e-12,-0.001331626,0.001331626,-8.941771999999999e-14,8.945657e-14,-7.887024e-12,0.00035774849999999997,-0.00035774849999999997,0.00035774849999999997,0.001023161,-4.9283789999999997e-05,4.9283789999999997e-05,9.046704999999999e-14,-8.963104e-14,0.001380909
0.001113986200180845,-0.07003188,-0.06996799,-5.0,-2.532038,-2.467962,-2.500032,-2.499968,-2.5,-2.5,-2.57,-2.57,7.112533e-12,-7.112533e-12,-0.0011860660000000002,0.0011860660000000002,-7.999462e-14,8.003452999999999e-14,-7.0272679999999995e-12,0.0003200583,-0.0003200583,0.0003200583,0.0009153666999999999,-4.935924e-05,4.935924e-05,8.072645e-14,-8.166684999999999e-14,0.001235425
0.001116986200180845,-0.07002854,-0.06997132,-5.0,-2.528677,-2.471323,-2.500029,-2.499971,-2.5,-2.5,-2.57,-2.57,6.3238300000000005e-12,-6.3238300000000005e-12,-0.001056417,0.001056417,-7.16015e-14,7.164249e-14,-6.259882e-12,0.000286488,-0.000286488,0.000286488,0.0008193556,-4.942645e-05,4.942645e-05,7.157663e-14,-7.029660999999999e-14,0.001105844
0.0011199862001808449,-0.07002568,-0.06997418,-5.0,-2.525684,-2.474316,-2.5000259999999996,-2.4999740000000004,-2.5,-2.5,-2.57,-2.57,5.634604e-12,-5.634604e-12,-0.0009409403,0.0009409403,-6.412577e-14,6.416783e-14,-5.57776e-12,0.00025658720000000003,-0.00025658720000000003,0.00025658720000000003,0.0007338394,-4.9486309999999995e-05,4.9486309999999995e-05,6.519827e-14,-6.391831e-14,0.0009904266
0.001122986200180844,-0.07002306,-0.06997681,-5.0,-2.5230189999999997,-2.4769810000000003,-2.500023,-2.499977,-2.5,-2.5,-2.57,-2.57,5.030643e-12,-5.030643e-12,-0.0008380862,0.0008380862,-5.746716e-14,5.751028e-14,-4.9595879999999995e-12,0.00022995490000000002,-0.00022995490000000002,0.00022995490000000002,0.0006576710000000001,-4.953963e-05,4.953963e-05,5.798994e-14,-5.6710029999999994e-14,0.0008876258999999999
0.001125986200180844,-0.07002044,-0.06997943,-5.0,-2.520644,-2.479356,-2.500021,-2.499979,-2.5,-2.5,-2.57,-2.57,4.476419e-12,-4.476419e-12,-0.0007464752000000001,0.0007464752000000001,-5.1536339999999997e-14,5.158054e-14,-4.419576e-12,0.0002062337,-0.0002062337,0.0002062337,0.0005898285,-4.9587120000000006e-05,4.9587120000000006e-05,5.23543e-14,-5.196263e-14,0.0007960622999999999
0.001128986200180844,-0.07001853,-0.06998134,-5.0,-2.518529,-2.481471,-2.500019,-2.499981,-2.5,-2.5,-2.57,-2.57,3.986145e-12,-3.986145e-12,-0.0006648781,0.0006648781,-4.6253750000000005e-14,4.629903e-14,-3.943512e-12,0.0001851056,-0.0001851056,0.0001851056,0.0005294019000000001,-4.962942e-05,4.962942e-05,4.735054e-14,-4.7402999999999995e-14,0.0007145075
0.0011319862001808439,-0.07001662,-0.06998324,-5.0,-2.516645,-2.483355,-2.5000169999999997,-2.4999830000000003,-2.5,-2.5,-2.57,-2.57,3.5456080000000003e-12,-3.5456080000000003e-12,-0.0005922003,0.0005922003,-4.154856e-14,4.159489e-14,-3.517187e-12,0.00016628689999999998,-0.00016628689999999998,0.00016628689999999998,0.00047558050000000003,-4.966709e-05,4.966709e-05,4.159666e-14,-4.1205040000000005e-14,0.0006418674
0.001134986200180843,-0.07001495,-0.06998491,-5.0,-2.514967,-2.485033,-2.5000150000000003,-2.4999849999999997,-2.5,-2.5,-2.57,-2.57,3.1619150000000003e-12,-3.1619150000000003e-12,-0.000527467,0.000527467,-3.735764e-14,3.740502e-14,-3.119283e-12,0.0001495253,-0.0001495253,0.0001495253,0.00042764239999999997,-4.970064999999999e-05,4.970064999999999e-05,3.783213e-14,-3.7440559999999996e-14,0.0005771677
0.001137986200180843,-0.07001328,-0.06998658,-5.0,-2.513473,-2.486527,-2.500013,-2.499987,-2.5,-2.5,-2.57,-2.57,2.813749e-12,-2.813749e-12,-0.00046980970000000004,0.00046980970000000004,-3.3624759999999995e-14,3.36732e-14,-2.778222e-12,0.0001345959,-0.0001345959,0.0001345959,0.0003849443,-4.9730540000000004e-05,4.9730540000000004e-05,3.3659379999999997e-14,-3.4156e-14,0.0005195401999999999
0.001140986200180843,-0.07001209,-0.06998777,-5.0,-2.512142,-2.487858,-2.500012,-2.499988,-2.5,-2.5,-2.57,-2.57,2.508216e-12,-2.508216e-12,-0.0004184548,0.0004184548,-3.029987e-14,3.0349349999999995e-14,-2.4797939999999998e-12,0.0001212984,-0.0001212984,0.0001212984,0.00034691349999999997,-4.9757159999999996e-05,4.9757159999999996e-05,3.049248e-14,-2.87687e-14,0.00046821199999999997
0.0011439862001808429,-0.0700109,-0.06998897,-5.0,-2.510956,-2.489044,-2.500011,-2.499989,-2.5,-2.5,-2.57,-2.57,2.231104e-12,-2.231104e-12,-0.0003727136,0.0003727136,-2.733836e-14,2.7388909999999998e-14,-2.216893e-12,0.00010945450000000001,-0.00010945450000000001,0.00010945450000000001,0.0003130399,-4.978087000000001e-05,4.978087000000001e-05,2.878777e-14,-2.706402e-14,0.0004224945
0.001146986200180842,-0.07000995,-0.06998992,-5.0,-2.5099,-2.4901,-2.50001,-2.49999,-2.5,-2.5,-2.57,-2.57,1.98952e-12,-1.98952e-12,-0.00033197230000000003,0.00033197230000000003,-2.470051e-14,2.475212e-14,-1.9682029999999997e-12,9.890526e-05,-9.890526e-05,9.890526e-05,0.000282869,-4.980199000000001e-05,4.980199000000001e-05,2.558631e-14,-2.519489e-14,0.00038177430000000003
0.001149986200180842,-0.07000875,-0.06999111,-5.0,-2.5089599999999996,-2.4910400000000004,-2.500009,-2.499991,-2.5,-2.5,-2.57,-2.57,1.776357e-12,-1.769251e-12,-0.0002956845,0.0002956845,-2.235095e-14,2.240362e-14,-1.7479349999999999e-12,8.950914000000001e-05,-8.950914000000001e-05,8.950914000000001e-05,0.0002559961,-4.98208e-05,4.98208e-05,2.373311e-14,-2.3341769999999998e-14,0.0003455053
0.001152986200180842,-0.07000804,-0.06999183,-5.0,-2.508122,-2.491878,-2.5000080000000002,-2.4999919999999998,-2.5,-2.5,-2.57,-2.57,1.570299e-12,-1.570299e-12,-0.0002633632,0.0002633632,-2.025817e-14,2.031188e-14,-1.563194e-12,8.11401e-05,-8.11401e-05,8.11401e-05,0.0002320607,-4.9837559999999996e-05,4.9837559999999996e-05,2.2164869999999998e-14,-2.1329460000000002e-14,0.0003132008
0.001155986200180842,-0.07000732,-0.06999254,-5.0,-2.507376,-2.492624,-2.500007,-2.499993,-2.5,-2.5,-2.57,-2.57,1.406875e-12,-1.406875e-12,-0.000234575,0.000234575,-1.83941e-14,1.844885e-14,-1.385558e-12,7.368589e-05,-7.368589e-05,7.368589e-05,0.0002107416,-4.9852479999999996e-05,4.9852479999999996e-05,1.705086e-14,-1.754775e-14,0.0002844275
0.001158986200180841,-0.07000661,-0.06999326,-5.0,-2.506711,-2.493289,-2.500007,-2.499993,-2.5,-2.5,-2.57,-2.57,1.250555e-12,-1.250555e-12,-0.00020893369999999998,0.00020893369999999998,-1.673372e-14,1.6789519999999998e-14,-1.236344e-12,6.704649e-05,-6.704649e-05,6.704649e-05,0.000191753,-4.9865770000000004e-05,4.9865770000000004e-05,1.736711e-14,-1.65318e-14,0.0002587995
0.001161986200180841,-0.07000613,-0.06999373,-5.0,-2.506119,-2.493881,-2.500006,-2.499994,-2.5,-2.5,-2.57,-2.57,1.1084469999999999e-12,-1.1084469999999999e-12,-0.00018609520000000001,0.00018609520000000001,-1.5254769999999998e-14,1.531165e-14,-1.101341e-12,6.113284e-05,-6.113284e-05,6.113284e-05,0.00017483990000000002,-4.987760999999999e-05,4.987760999999999e-05,1.675227e-14,-1.636106e-14,0.00023597279999999998
0.001164986200180841,-0.07000566,-0.06999421,-5.0,-2.505592,-2.494408,-2.500006,-2.499994,-2.5,-2.5,-2.57,-2.57,9.876544e-13,-9.876544e-13,-0.00016575310000000002,0.00016575310000000002,-1.3937459999999998e-14,1.399535e-14,-9.80549e-13,5.586562e-05,-5.586562e-05,5.586562e-05,0.0001597757,-4.988816e-05,4.988816e-05,1.2704819999999999e-14,-1.231365e-14,0.0002156413
0.001167986200180841,-0.07000494,-0.06999493,-5.0,-2.505122,-2.494878,-2.500005,-2.499995,-2.5,-2.5,-2.57,-2.57,8.810729999999999e-13,-8.810729999999999e-13,-0.0001476347,0.0001476347,-1.276407e-14,1.282301e-14,-8.810729999999999e-13,5.117415e-05,-5.117415e-05,5.117415e-05,0.0001463581,-4.989755e-05,4.989755e-05,1.363349e-14,-1.27983e-14,0.0001975322
0.00117098620018084,-0.0700047,-0.06999516,-5.0,-2.5047040000000003,-2.4952959999999997,-2.500005,-2.499995,-2.5,-2.5,-2.57,-2.57,7.81597e-13,-7.81597e-13,-0.0001314968,0.0001314968,-1.1718880000000001e-14,1.1778870000000001e-14,-7.744916e-13,4.6995509999999995e-05,-4.6995509999999995e-05,4.6995509999999995e-05,0.0001344071,-4.990590999999999e-05,4.990590999999999e-05,1.2905230000000001e-14,-1.162604e-14,0.00018140270000000002
0.0011739862001808401,-0.07000422,-0.06999564,-5.0,-2.504332,-2.495668,-2.500004,-2.499996,-2.5,-2.5,-2.57,-2.57,6.963319e-13,-6.963319e-13,-0.0001171229,0.0001171229,-1.078789e-14,1.084893e-14,-6.892265000000001e-13,4.327363e-05,-4.327363e-05,4.327363e-05,0.0001237626,-4.991337000000001e-05,4.991337000000001e-05,1.0286549999999999e-14,-9.895523e-15,0.00016703619999999998
0.00117698620018084,-0.07000399,-0.06999588,-5.0,-2.504,-2.496,-2.500004,-2.499996,-2.5,-2.5,-2.57,-2.57,6.252776e-13,-6.252776e-13,-0.0001043202,0.0001043202,-9.958609e-15,1.002069e-14,-6.252776e-13,3.99586e-05,-3.99586e-05,3.99586e-05,0.0001142816,-4.992e-05,4.992e-05,1.151345e-14,-1.067832e-14,0.0001542402
0.00117998620018084,-0.07000351,-0.06999636,-5.0,-2.503704,-2.496296,-2.500004,-2.499996,-2.5,-2.5,-2.57,-2.57,5.613288e-13,-5.613288e-13,-9.291695e-05,9.291695e-05,-9.219919e-15,9.283044e-15,-5.471179e-13,3.700593e-05,-3.700593e-05,3.700593e-05,0.0001058369,-4.9925909999999996e-05,4.9925909999999996e-05,9.999479e-15,-8.276245e-15,0.00014284290000000002
0.0011829862001808392,-0.07000351,-0.06999636,-5.0,-2.503441,-2.496559,-2.500004,-2.499996,-2.5,-2.5,-2.57,-2.57,4.973799e-13,-4.973799e-13,-8.276021999999999e-05,8.276021999999999e-05,-8.56191e-15,8.626095e-15,-4.831690999999999e-13,3.437601e-05,-3.437601e-05,3.437601e-05,9.831539000000001e-05,-4.993117999999999e-05,4.993117999999999e-05,7.53579e-15,-7.588937e-15,0.0001326914
0.0011859862001808391,-0.07000303,-0.06999683,-5.0,-2.503206,-2.496794,-2.500003,-2.499997,-2.5,-2.5,-2.57,-2.57,4.476419e-13,-4.476419e-13,-7.371371e-05,7.371371e-05,-7.975769e-15,8.041016e-15,-4.334311e-13,3.203357e-05,-3.203357e-05,3.203357e-05,9.161601e-05,-4.993587e-05,4.993587e-05,9.155365e-15,-8.764465e-15,0.0001236496
0.001188986200180839,-0.07000303,-0.06999683,-5.0,-2.502998,-2.497002,-2.500003,-2.499997,-2.5,-2.5,-2.57,-2.57,3.907985e-13,-3.907985e-13,-6.565607e-05,6.565607e-05,-7.453663e-15,7.519929000000001e-15,-3.836931e-13,2.994718e-05,-2.994718e-05,2.994718e-05,8.564894e-05,-4.994005e-05,4.994005e-05,8.602129000000001e-15,-7.767107e-15,0.0001155961
0.001191986200180839,-0.07000279,-0.06999707,-5.0,-2.502812,-2.497188,-2.500003,-2.499997,-2.5,-2.5,-2.57,-2.57,3.4816590000000003e-13,-3.4816590000000003e-13,-5.8479219999999995e-05,5.8479219999999995e-05,-6.988561999999999e-15,7.055866999999999e-15,-3.4816590000000003e-13,2.808886e-05,-2.808886e-05,2.808886e-05,8.033413e-05,-4.9943770000000006e-05,4.9943770000000006e-05,7.48835e-15,-7.541586e-15,0.00010842299999999999
0.0011949862001808381,-0.07000256,-0.06999731,-5.0,-2.502646,-2.497354,-2.500003,-2.499997,-2.5,-2.5,-2.57,-2.57,3.197442e-13,-3.126388e-13,-5.2086859999999995e-05,5.2086859999999995e-05,-6.574244e-15,6.642589e-15,-3.055334e-13,2.643366e-05,-2.643366e-05,2.643366e-05,7.560028e-05,-4.9947079999999993e-05,4.9947079999999993e-05,8.195986999999999e-15,-8.249254e-15,0.0001020339
0.0011979862001808381,-0.07000232,-0.06999755,-5.0,-2.502498,-2.497502,-2.500002,-2.499998,-2.5,-2.5,-2.57,-2.57,2.700062e-13,-2.700062e-13,-4.639326e-05,4.639326e-05,-6.205173000000001e-15,6.2745269999999996e-15,-2.700062e-13,2.49594e-05,-2.49594e-05,2.49594e-05,7.138388000000001e-05,-4.9950029999999997e-05,4.9950029999999997e-05,6.728228e-15,-8.11379e-15,9.634328000000002e-05
0.001200986200180838,-0.07000232,-0.06999755,-5.0,-2.502367,-2.497633,-2.500002,-2.499998,-2.5,-2.5,-2.57,-2.57,2.4869e-13,-2.4869e-13,-4.132202e-05,4.132202e-05,-5.876381e-15,5.9467640000000005e-15,-2.4869e-13,2.364629e-05,-2.364629e-05,2.364629e-05,6.762839e-05,-4.995266e-05,4.995266e-05,7.721980999999999e-15,-6.887163000000001e-15,9.127468000000001e-05
0.001203986200180838,-0.07000208,-0.06999779,-5.0,-2.50225,-2.49775,-2.500002,-2.499998,-2.5,-2.5,-2.57,-2.57,2.273737e-13,-2.2026820000000003e-13,-3.680511e-05,3.680511e-05,-5.583467e-15,5.654890000000001e-15,-2.1316279999999997e-13,2.2476710000000002e-05,-2.2476710000000002e-05,2.2476710000000002e-05,6.42834e-05,-4.9955e-05,4.9955e-05,4.338198e-15,-5.279770999999999e-15,8.676011000000001e-05
0.001206986200180837,-0.07000208,-0.06999779,-5.0,-2.5021459999999998,-2.4978540000000002,-2.500002,-2.499998,-2.5,-2.5,-2.57,-2.57,1.9184649999999998e-13,-1.9184649999999998e-13,-3.278195e-05,3.278195e-05,-5.322514000000001e-15,5.394978e-15,-1.9184649999999998e-13,2.143498e-05,-2.143498e-05,2.143498e-05,6.130405e-05,-4.9957089999999996e-05,4.9957089999999996e-05,4.746598e-15,-4.800047e-15,8.273904e-05
0.0012099862001808369,-0.07000184,-0.06999803,-5.0,-2.502053,-2.497947,-2.500002,-2.499998,-2.5,-2.5,-2.57,-2.57,1.7053029999999998e-13,-1.7053029999999998e-13,-2.919856e-05,2.919856e-05,-5.0900290000000006e-15,5.163534e-15,-1.7053029999999998e-13,2.0507129999999998e-05,-2.0507129999999998e-05,2.0507129999999998e-05,5.865038e-05,-4.995894e-05,4.995894e-05,6.621163e-15,-5.3424169999999995e-15,7.91575e-05
0.0012129862001808368,-0.07000184,-0.06999803,-5.0,-2.50197,-2.49803,-2.500002,-2.499998,-2.5,-2.5,-2.57,-2.57,1.4921400000000001e-13,-1.4921400000000001e-13,-2.6006869999999998e-05,2.6006869999999998e-05,-4.8829e-15,4.957445999999999e-15,-1.4921400000000001e-13,1.968069e-05,-1.968069e-05,1.968069e-05,5.628678000000001e-05,-4.9960600000000004e-05,4.9960600000000004e-05,4.47051e-15,-4.080006e-15,7.596746999999999e-05
0.0012159862001808368,-0.07000184,-0.06999803,-5.0,-2.501896,-2.498104,-2.500002,-2.499998,-2.5,-2.5,-2.57,-2.57,1.2789769999999998e-13,-1.2789769999999998e-13,-2.3164059999999998e-05,2.3164059999999998e-05,-4.698355e-15,4.773942e-15,-1.2789769999999998e-13,1.8944589999999997e-05,-1.8944589999999997e-05,1.8944589999999997e-05,5.4181540000000006e-05,-4.9962070000000005e-05,4.9962070000000005e-05,3.605027000000001e-15,-4.546814e-15,7.312614e-05
0.001218986200180836,-0.07000184,-0.06999803,-5.0,-2.501831,-2.498169,-2.500002,-2.499998,-2.5,-2.5,-2.57,-2.57,1.207923e-13,-1.207923e-13,-2.0631999999999998e-05,2.0631999999999998e-05,-4.533938e-15,4.6105420000000006e-15,-1.1368679999999999e-13,1.828896e-05,-1.828896e-05,1.828896e-05,5.230643e-05,-4.996339e-05,4.996339e-05,6.548541e-15,-4.825819e-15,7.059539000000001e-05
0.0012219862001808359,-0.0700016,-0.06999826,-5.0,-2.5017720000000003,-2.4982279999999997,-2.500002,-2.499998,-2.5,-2.5,-2.57,-2.57,1.1368679999999999e-13,-1.1368679999999999e-13,-1.837672e-05,1.837672e-05,-4.387444e-15,4.465053e-15,-1.1368679999999999e-13,1.7705e-05,-1.7705e-05,1.7705e-05,5.063628e-05,-4.996455e-05,4.996455e-05,3.427366e-15,-2.592878e-15,6.834127e-05
0.0012249862001808358,-0.0700016,-0.06999826,-5.0,-2.50172,-2.49828,-2.500002,-2.499998,-2.5,-2.5,-2.57,-2.57,9.947598e-14,-9.947598e-14,-1.636796e-05,1.636796e-05,-4.2569070000000005e-15,4.335523e-15,-9.947598e-14,1.7184860000000003e-05,-1.7184860000000003e-05,1.7184860000000003e-05,4.91487e-05,-4.996559e-05,4.996559e-05,3.6422400000000006e-15,-4.5841749999999996e-15,6.633356e-05
0.001227986200180836,-0.0700016,-0.06999826,-5.0,-2.501674,-2.498326,-2.500002,-2.499998,-2.5,-2.5,-2.57,-2.57,8.526513e-14,-8.526513e-14,-1.4578779999999999e-05,1.4578779999999999e-05,-4.140589e-15,4.220202000000001e-15,-8.526513e-14,1.6721579999999998e-05,-1.6721579999999998e-05,1.6721579999999998e-05,4.7823729999999996e-05,-4.996652e-05,4.996652e-05,4.908176e-15,-3.185619e-15,6.45453e-05
0.001230986200180835,-0.0700016,-0.06999826,-5.0,-2.501632,-2.498368,-2.500002,-2.499998,-2.5,-2.5,-2.57,-2.57,8.526513e-14,-8.526513e-14,-1.2985180000000001e-05,1.2985180000000001e-05,-4.036920999999999e-15,4.117551e-15,-6.394885e-14,1.630894e-05,-1.630895e-05,1.630895e-05,4.664358e-05,-4.9967349999999995e-05,4.9967349999999995e-05,4.913062e-15,-4.966909e-15,6.295253e-05
0.0012339862001808349,-0.0700016,-0.06999826,-5.0,-2.5015959999999997,-2.4984040000000003,-2.500002,-2.499998,-2.5,-2.5,-2.57,-2.57,7.105427e-14,-7.105427e-14,-1.156577e-05,1.156577e-05,-3.944519000000001e-15,4.026187e-15,-7.105427e-14,1.594141e-05,-1.594141e-05,1.594141e-05,4.5592440000000004e-05,-4.996809e-05,4.996809e-05,4.082315e-15,-3.692111e-15,6.153386e-05
0.001236986200180835,-0.07000136,-0.0699985,-5.0,-2.501563,-2.498437,-2.5000009999999997,-2.4999990000000003,-2.5,-2.5,-2.57,-2.57,5.684342e-14,-5.684342e-14,-1.0301520000000001e-05,1.0301520000000001e-05,-3.8621600000000004e-15,3.944867999999999e-15,-5.684342e-14,1.561406e-05,-1.561406e-05,1.561406e-05,4.46562e-05,-4.996874e-05,4.996874e-05,3.89157e-15,-3.9455e-15,6.0270259999999995e-05
0.001239986200180835,-0.07000136,-0.0699985,-5.0,-2.501534,-2.498466,-2.5000009999999997,-2.4999990000000003,-2.5,-2.5,-2.57,-2.57,5.684342e-14,-5.684342e-14,-9.175461e-06,9.175461e-06,-3.788752e-15,3.87249e-15,-4.973799e-14,1.532248e-05,-1.532248e-05,1.532248e-05,4.3822299999999995e-05,-4.996932e-05,4.996932e-05,3.837492e-15,-4.779619e-15,5.914478e-05
0.001242986200180834,-0.07000136,-0.0699985,-5.0,-2.5015080000000003,-2.4984919999999997,-2.5000009999999997,-2.4999990000000003,-2.5,-2.5,-2.57,-2.57,4.973799e-14,-4.973799e-14,-8.172493e-06,8.172493e-06,-3.723324e-15,3.808067e-15,-4.2632560000000003e-14,1.5062779999999998e-05,-1.5062779999999998e-05,1.5062779999999998e-05,4.3079560000000004e-05,-4.996984000000001e-05,4.996984000000001e-05,5.505196999999999e-15,-4.226927e-15,5.8142340000000003e-05
0.001245986200180834,-0.07000136,-0.0699985,-5.0,-2.5014849999999997,-2.4985150000000003,-2.5000009999999997,-2.4999990000000003,-2.5,-2.5,-2.57,-2.57,4.2632560000000003e-14,-4.2632560000000003e-14,-7.279159e-06,7.279159e-06,-3.664987e-15,3.7507469999999994e-15,-3.5527140000000005e-14,1.4831470000000002e-05,-1.4831470000000002e-05,1.4831470000000002e-05,4.2418e-05,-4.997031e-05,4.997031e-05,5.5258590000000004e-15,-4.2476620000000005e-15,5.724946999999999e-05
0.001248986200180834,-0.07000136,-0.0699985,-5.0,-2.501464,-2.498536,-2.5000009999999997,-2.4999990000000003,-2.5,-2.5,-2.57,-2.57,3.5527140000000005e-14,-3.5527140000000005e-14,-6.483475e-06,6.483475e-06,-3.612971e-15,3.699749e-15,-3.5527140000000005e-14,1.4625439999999998e-05,-1.4625439999999998e-05,1.4625439999999998e-05,4.182876e-05,-4.997072e-05,4.997072e-05,4.958696e-15,-5.012764e-15,5.64542e-05
0.001251986200180834,-0.07000136,-0.0699985,-5.0,-2.501446,-2.498554,-2.5000009999999997,-2.4999990000000003,-2.5,-2.5,-2.57,-2.57,4.2632560000000003e-14,-4.2632560000000003e-14,-5.774767000000001e-06,5.774767000000001e-06,-3.5665849999999996e-15,3.654381e-15,-3.5527140000000005e-14,1.444193e-05,-1.444193e-05,1.444193e-05,4.130392e-05,-4.9971090000000006e-05,4.9971090000000006e-05,3.5675759999999994e-15,-4.0658e-15,5.5745859999999995e-05
0.001254986200180833,-0.07000136,-0.0699985,-5.0,-2.501429,-2.498571,-2.5000009999999997,-2.4999990000000003,-2.5,-2.5,-2.57,-2.57,2.842171e-14,-2.842171e-14,-5.143528e-06,5.143528e-06,-3.525212e-15,3.614029e-15,-2.1316280000000002e-14,1.427848e-05,-1.427848e-05,1.427848e-05,4.083646e-05,-4.9971419999999995e-05,4.9971419999999995e-05,4.750779e-15,-4.804925e-15,5.5114940000000006e-05
0.001257986200180833,-0.07000136,-0.0699985,-5.0,-2.501415,-2.498585,-2.5000009999999997,-2.4999990000000003,-2.5,-2.5,-2.57,-2.57,2.842171e-14,-2.842171e-14,-4.5812889999999996e-06,4.5812889999999996e-06,-3.4883140000000005e-15,3.578136e-15,-2.842171e-14,1.41329e-05,-1.41329e-05,1.41329e-05,4.042009e-05,-4.9971709999999995e-05,4.9971709999999995e-05,3.589965e-15,-4.532283e-15,5.455299e-05
0.001260986200180833,-0.07000136,-0.0699985,-5.0,-2.501402,-2.498598,-2.5000009999999997,-2.4999990000000003,-2.5,-2.5,-2.57,-2.57,2.1316280000000002e-14,-1.4210849999999999e-14,-4.08051e-06,4.08051e-06,-3.455401e-15,3.546215e-15,-1.4210849999999999e-14,1.4003229999999999e-05,-1.4003229999999999e-05,1.4003229999999999e-05,4.0049240000000006e-05,-4.997197e-05,4.997197e-05,5.981426e-15,-4.259221e-15,5.405248e-05
0.001263986200180833,-0.07000136,-0.0699985,-5.0,-2.5013900000000002,-2.4986099999999998,-2.5000009999999997,-2.4999990000000003,-2.5,-2.5,-2.57,-2.57,1.4210849999999999e-14,-1.4210849999999999e-14,-3.63447e-06,3.63447e-06,-3.426036e-15,3.5178329999999997e-15,-1.4210849999999999e-14,1.3887739999999999e-05,-1.3887739999999999e-05,1.3887739999999999e-05,3.971893e-05,-4.99722e-05,4.99722e-05,3.3544069999999998e-15,-2.964537e-15,5.3606669999999994e-05
0.001266986200180832,-0.07000136,-0.0699985,-5.0,-2.5013799999999997,-2.4986200000000003,-2.5000009999999997,-2.4999990000000003,-2.5,-2.5,-2.57,-2.57,2.1316280000000002e-14,-2.1316280000000002e-14,-3.2371859999999997e-06,3.2371859999999997e-06,-3.399821e-15,3.4926120000000006e-15,-2.1316280000000002e-14,1.378487e-05,-1.378487e-05,1.378487e-05,3.9424720000000004e-05,-4.9972399999999996e-05,4.9972399999999996e-05,3.341356e-15,-2.063334e-15,5.320959e-05
0.001269986200180832,-0.07000136,-0.0699985,-5.0,-2.501371,-2.498629,-2.5000009999999997,-2.4999990000000003,-2.5,-2.5,-2.57,-2.57,2.1316280000000002e-14,-2.1316280000000002e-14,-2.8833300000000004e-06,2.8833300000000004e-06,-3.376412e-15,3.4702090000000006e-15,-1.4210849999999999e-14,1.3693239999999999e-05,-1.3693239999999999e-05,1.3693239999999999e-05,3.916267e-05,-4.997259e-05,4.997259e-05,4.045532e-15,-4.0998150000000005e-15,5.285592e-05
0.001272986200180832,-0.07000136,-0.0699985,-5.0,-2.501363,-2.498637,-2.5000009999999997,-2.4999990000000003,-2.5,-2.5,-2.57,-2.57,1.4210849999999999e-14,-1.4210849999999999e-14,-2.5681529999999996e-06,2.5681529999999996e-06,-3.355513e-15,3.4503040000000005e-15,-1.4210849999999999e-14,1.3611629999999997e-05,-1.3611629999999997e-05,1.3611629999999997e-05,3.892927e-05,-4.9972749999999993e-05,4.9972749999999993e-05,2.501045e-15,-2.555348e-15,5.2540900000000004e-05
0.001275986200180832,-0.07000136,-0.0699985,-5.0,-2.5013549999999998,-2.4986450000000002,-2.5000009999999997,-2.4999990000000003,-2.5,-2.5,-2.57,-2.57,7.105426999999999e-15,-7.105426999999999e-15,-2.287429e-06,2.287429e-06,-3.3368390000000006e-15,3.4326329999999998e-15,-7.105426999999999e-15,1.353894e-05,-1.353894e-05,1.353894e-05,3.872138e-05,-4.99729e-05,4.99729e-05,5.3506809999999994e-15,-4.51689e-15,5.226032e-05
0.001278986200180831,-0.07000136,-0.0699985,-5.0,-2.5013490000000003,-2.4986509999999997,-2.5000009999999997,-2.4999990000000003,-2.5,-2.5,-2.57,-2.57,7.105426999999999e-15,-7.105426999999999e-15,-2.03739e-06,2.03739e-06,-3.32016e-15,3.4169400000000003e-15,-7.105426999999999e-15,1.34742e-05,-1.34742e-05,1.34742e-05,3.853621e-05,-4.997303e-05,4.997303e-05,5.326961e-15,-5.825451e-15,5.201041e-05
0.00128155762875226,-0.07000136,-0.0699985,-5.0,-2.501344,-2.498656,-2.5000009999999997,-2.4999990000000003,-2.5,-2.5,-2.57,-2.57,7.932084000000001e-15,-7.932084000000001e-15,-1.848648e-06,1.848648e-06,-3.307522e-15,3.405143e-15,-6.652056999999999e-15,1.3425329999999999e-05,-1.3425329999999999e-05,1.3425329999999999e-05,3.839644e-05,-4.997312e-05,4.997312e-05,4.7080459999999996e-15,-5.186941e-15,5.182177e-05
0.001284129057323688,-0.07000136,-0.0699985,-5.0,-2.5013389999999998,-2.4986610000000002,-2.5000009999999997,-2.4999990000000003,-2.5,-2.5,-2.57,-2.57,8.144835000000001e-15,-8.144835000000001e-15,-1.674243e-06,1.674243e-06,-3.2958109999999996e-15,3.3942749999999997e-15,-6.011456e-15,1.338017e-05,-1.338017e-05,1.338017e-05,3.826728e-05,-4.997321e-05,4.997321e-05,4.184616e-15,-4.56587e-15,5.164746e-05
0.0012867004858951169,-0.07000136,-0.0699985,-5.0,-2.5013349999999996,-2.4986650000000004,-2.5000009999999997,-2.4999990000000003,-2.5,-2.5,-2.57,-2.57,7.74368e-15,-7.74368e-15,-1.514174e-06,1.514174e-06,-3.285026e-15,3.3843359999999996e-15,-5.183625e-15,1.3338720000000001e-05,-1.3338720000000001e-05,1.3338720000000001e-05,3.814875e-05,-4.99733e-05,4.99733e-05,3.7566699999999996e-15,-3.9622390000000004e-15,5.148747e-05
0.0012892719144665448,-0.07000136,-0.0699985,-5.0,-2.501331,-2.498669,-2.5000009999999997,-2.4999990000000003,-2.5,-2.5,-2.57,-2.57,6.728619e-15,-6.728619e-15,-1.368442e-06,1.368442e-06,-3.2751670000000005e-15,3.375327e-15,-4.168564e-15,1.330099e-05,-1.330099e-05,1.330099e-05,3.8040820000000005e-05,-4.997337e-05,4.997337e-05,3.4242090000000007e-15,-3.376047e-15,5.134181e-05
0.001291843343037973,-0.07000136,-0.0699985,-5.0,-2.501328,-2.498672,-2.5000009999999997,-2.4999990000000003,-2.5,-2.5,-2.57,-2.57,5.099652e-15,-5.099652e-15,-1.237046e-06,1.237046e-06,-3.266236e-15,3.3672470000000006e-15,-2.966273e-15,1.326696e-05,-1.3266970000000001e-05,1.3266970000000001e-05,3.794352e-05,-4.997344e-05,4.997344e-05,3.1872320000000004e-15,-2.8072940000000004e-15,5.121049e-05
0.001294414771609401,-0.07000136,-0.0699985,-5.0,-2.501325,-2.498675,-2.5000009999999997,-2.4999990000000003,-2.5,-2.5,-2.57,-2.57,2.856779e-15,-2.856779e-15,-1.119987e-06,1.119987e-06,-3.258231e-15,3.3600970000000005e-15,-1.576751e-15,1.323665e-05,-1.3236660000000002e-05,1.3236660000000002e-05,3.785683e-05,-4.9973500000000005e-05,4.9973500000000005e-05,3.04574e-15,-2.255981e-15,5.109349e-05
0.00129698620018083,-0.07000136,-0.0699985,-5.0,-2.501322,-2.498678,-2.5000009999999997,-2.4999990000000003,-2.5,-2.5,-2.57,-2.57,0.0,0.0,-1.017265e-06,1.017265e-06,-3.2511530000000002e-15,3.3538759999999995e-15,0.0,1.3210060000000001e-05,-1.3210060000000001e-05,1.3210060000000001e-05,3.778075999999999e-05,-4.9973549999999995e-05,4.9973549999999995e-05,2.9997320000000004e-15,-1.722107e-15,5.099082e-05
0.0012997004858951151,-0.07000136,-0.0699985,-5.0,-2.50132,-2.49868,-2.5000009999999997,-2.4999990000000003,-2.5,-2.5,-2.57,-2.57,2.2071770000000002e-15,-3.094855e-15,-9.182541999999999e-07,9.182541999999999e-07,-3.244296e-15,3.347913e-15,-6.745710000000001e-16,1.318442e-05,-1.318442e-05,1.318442e-05,3.770744e-05,-4.99736e-05,4.99736e-05,3.42051e-15,-2.584845e-15,5.089186e-05
0.001302414771609401,-0.07000136,-0.0699985,-5.0,-2.501317,-2.498683,-2.5000009999999997,-2.4999990000000003,-2.5,-2.5,-2.57,-2.57,3.678628e-15,-4.819737e-15,-8.270768000000001e-07,8.270768000000001e-07,-3.2379490000000003e-15,3.3424570000000004e-15,-7.859311999999999e-16,1.3160810000000002e-05,-1.3160810000000002e-05,1.3160810000000002e-05,3.763992e-05,-4.9973649999999995e-05,4.9973649999999995e-05,3.7820259999999996e-15,-3.2410140000000006e-15,5.0800730000000005e-05
0.0013051290573236859,-0.07000136,-0.0699985,-5.0,-2.501315,-2.498685,-2.5000009999999997,-2.4999990000000003,-2.5,-2.5,-2.57,-2.57,4.4143540000000005e-15,-5.174648e-15,-7.437329e-07,7.437329e-07,-3.2321090000000006e-15,3.3375059999999996e-15,-3.340809e-16,1.3139229999999998e-05,-1.3139229999999998e-05,1.3139229999999998e-05,3.75782e-05,-4.9973690000000005e-05,4.9973690000000005e-05,4.084278e-15,-3.690613e-15,5.071742999999999e-05
0.001307843343037972,-0.07000136,-0.0699985,-5.0,-2.501313,-2.498687,-2.5000009999999997,-2.4999990000000003,-2.5,-2.5,-2.57,-2.57,4.4143540000000005e-15,-4.159587e-15,-6.682226e-07,6.682226e-07,-3.2267780000000003e-15,3.333061e-15,6.809802e-16,1.3119679999999998e-05,-1.3119679999999998e-05,1.3119679999999998e-05,3.7522280000000004e-05,-4.9973729999999994e-05,4.9973729999999994e-05,4.327268e-15,-3.933643e-15,5.064196e-05
0.001310557628752257,-0.07000136,-0.0699985,-5.0,-2.501311,-2.498689,-2.5000009999999997,-2.4999990000000003,-2.5,-2.5,-2.57,-2.57,3.678628e-15,-1.7745539999999999e-15,-6.005459000000001e-07,6.005459000000001e-07,-3.2219559999999995e-15,3.3291209999999998e-15,2.2592520000000002e-15,1.310215e-05,-1.310215e-05,1.310215e-05,3.747216e-05,-4.9973770000000004e-05,4.9973770000000004e-05,4.5109949999999995e-15,-3.970103e-15,5.0574319999999996e-05
0.001313271914466543,-0.07000136,-0.0699985,-5.0,-2.5013099999999997,-2.4986900000000003,-2.5000009999999997,-2.4999990000000003,-2.5,-2.5,-2.57,-2.57,2.2071770000000002e-15,1.980451e-15,-5.407026999999999e-07,5.407026999999999e-07,-3.217642e-15,3.3256879999999994e-15,4.400734e-15,1.3086660000000002e-05,-1.3086660000000002e-05,1.3086660000000002e-05,3.7427840000000004e-05,-4.99738e-05,4.99738e-05,4.635459e-15,-3.799993e-15,5.05145e-05
0.001315986200180828,-0.07000136,-0.0699985,-5.0,-2.501309,-2.498691,-2.5000009999999997,-2.4999990000000003,-2.5,-2.5,-2.57,-2.57,0.0,7.105426999999999e-15,-4.886932e-07,4.886932e-07,-3.2138359999999997e-15,3.3227600000000004e-15,7.105426999999999e-15,1.307319e-05,-1.307319e-05,1.307319e-05,3.738933e-05,-4.997383e-05,4.997383e-05,4.700660999999999e-15,-3.423314e-15,5.046252e-05
0.001319129057323685,-0.07000136,-0.0699985,-5.0,-2.501307,-2.498693,-2.5000009999999997,-2.4999990000000003,-2.5,-2.5,-2.57,-2.57,-8.457061999999999e-16,6.089141e-15,-4.344047e-07,4.344047e-07,-3.209796e-15,3.319771e-15,6.089141e-15,1.305914e-05,-1.305913e-05,1.305913e-05,3.734912e-05,-4.9973859999999997e-05,4.9973859999999997e-05,4.128256e-15,-3.3533720000000003e-15,5.040826e-05
0.001322271914466542,-0.07000136,-0.0699985,-5.0,-2.501306,-2.498694,-2.5000009999999997,-2.4999990000000003,-2.5,-2.5,-2.57,-2.57,-1.4095100000000001e-15,5.073263e-15,-3.848987e-07,3.848987e-07,-3.2060679999999996e-15,3.3170900000000004e-15,5.073263e-15,1.304632e-05,-1.304632e-05,1.304632e-05,3.7312459999999996e-05,-4.997388e-05,4.997388e-05,3.7386440000000004e-15,-3.383338e-15,5.0358779999999995e-05
0.001325414771609399,-0.07000136,-0.0699985,-5.0,-2.501305,-2.498695,-2.5000009999999997,-2.4999990000000003,-2.5,-2.5,-2.57,-2.57,-1.691412e-15,4.057793e-15,-3.401752e-07,3.401752e-07,-3.2026509999999995e-15,3.314717e-15,4.057793e-15,1.303474e-05,-1.303474e-05,1.303474e-05,3.7279340000000003e-05,-4.9973900000000006e-05,4.9973900000000006e-05,3.5318249999999998e-15,-3.513212e-15,5.031407999999999e-05
0.001328557628752256,-0.07000136,-0.0699985,-5.0,-2.501304,-2.498696,-2.5000009999999997,-2.4999990000000003,-2.5,-2.5,-2.57,-2.57,-1.691412e-15,3.042732e-15,-3.002341e-07,3.002341e-07,-3.1995459999999996e-15,3.3126509999999997e-15,3.042732e-15,1.3024389999999998e-05,-1.3024389999999998e-05,1.3024389999999998e-05,3.724977e-05,-4.997392e-05,4.997392e-05,3.507799e-15,-3.7429949999999996e-15,5.0274160000000005e-05
0.001331700485895113,-0.07000136,-0.0699985,-5.0,-2.501303,-2.498697,-2.5000009999999997,-2.4999990000000003,-2.5,-2.5,-2.57,-2.57,-1.4095100000000001e-15,2.0280789999999998e-15,-2.6507540000000003e-07,2.6507540000000003e-07,-3.196752e-15,3.310893e-15,2.0280789999999998e-15,1.301529e-05,-1.301529e-05,1.301529e-05,3.722373e-05,-4.997394e-05,4.997394e-05,3.666566e-15,-4.0726859999999995e-15,5.023902e-05
0.001334843343037969,-0.07000136,-0.0699985,-5.0,-2.501302,-2.498698,-2.5000009999999997,-2.4999990000000003,-2.5,-2.5,-2.57,-2.57,-8.457061999999999e-16,1.013835e-15,-2.3469910000000002e-07,2.3469910000000002e-07,-3.1942690000000003e-15,3.3094429999999995e-15,1.013835e-15,1.300742e-05,-1.300742e-05,1.300742e-05,3.720124e-05,-4.997396e-05,4.997396e-05,4.008126e-15,-4.502285e-15,5.020866e-05
0.001337986200180826,-0.07000136,-0.0699985,-5.0,-2.5013009999999998,-2.4986990000000002,-2.5000009999999997,-2.4999990000000003,-2.5,-2.5,-2.57,-2.57,0.0,0.0,-2.0910529999999997e-07,2.0910529999999997e-07,-3.192098e-15,3.3082999999999997e-15,0.0,1.30008e-05,-1.30008e-05,1.30008e-05,3.7182280000000003e-05,-4.997397e-05,4.997397e-05,4.532479e-15,-5.031793e-15,5.018308e-05
0.001341986200180826,-0.07000136,-0.0699985,-5.0,-2.5013009999999998,-2.4986990000000002,-2.5000009999999997,-2.4999990000000003,-2.5,-2.5,-2.57,-2.57,-4.649112000000001e-16,2.1890060000000004e-15,-1.80422e-07,1.80422e-07,-3.1895940000000003e-15,3.3070909999999997e-15,2.1890060000000004e-15,1.299337e-05,-1.299337e-05,1.299337e-05,3.716104e-05,-4.9973990000000006e-05,4.9973990000000006e-05,4.280560999999999e-15,-4.434480999999999e-15,5.0154409999999996e-05
0.0013459862001808259,-0.07000136,-0.0699985,-5.0,-2.5013,-2.4987,-2.5000009999999997,-2.4999990000000003,-2.5,-2.5,-2.57,-2.57,-7.74852e-16,3.6483440000000005e-15,-1.547226e-07,1.547226e-07,-3.1872840000000005e-15,3.306074e-15,3.6483440000000005e-15,1.298672e-05,-1.298672e-05,1.298672e-05,3.714201e-05,-4.9974e-05,4.9974e-05,4.020449e-15,-3.901829e-15,5.012872e-05
0.001349986200180825,-0.07000136,-0.0699985,-5.0,-2.501299,-2.498701,-2.5000009999999997,-2.4999990000000003,-2.5,-2.5,-2.57,-2.57,-9.298224000000002e-16,4.378013e-15,-1.320069e-07,1.320069e-07,-3.185167e-15,3.3052500000000002e-15,4.378013e-15,1.2980830000000002e-05,-1.2980830000000002e-05,1.2980830000000002e-05,3.712519e-05,-4.997401e-05,4.997401e-05,3.752140999999999e-15,-3.433837e-15,5.010602e-05
0.001353986200180825,-0.07000136,-0.0699985,-5.0,-2.501299,-2.498701,-2.5000009999999997,-2.4999990000000003,-2.5,-2.5,-2.57,-2.57,-9.298224000000002e-16,4.378013e-15,-1.122749e-07,1.122749e-07,-3.183243e-15,3.3046190000000002e-15,4.378013e-15,1.2975719999999998e-05,-1.2975719999999998e-05,1.2975719999999998e-05,3.711057e-05,-4.997402e-05,4.997402e-05,3.475638e-15,-3.0305059999999995e-15,5.00863e-05
0.001357986200180825,-0.07000136,-0.0699985,-5.0,-2.501298,-2.498702,-2.5000009999999997,-2.4999990000000003,-2.5,-2.5,-2.57,-2.57,-7.74852e-16,3.6483440000000005e-15,-9.552678e-08,9.552678e-08,-3.1815140000000004e-15,3.3041800000000004e-15,3.6483440000000005e-15,1.2971389999999998e-05,-1.2971389999999998e-05,1.2971389999999998e-05,3.709817e-05,-4.997403e-05,4.997403e-05,3.1909390000000003e-15,-2.691835e-15,5.006956e-05
0.001361986200180824,-0.07000136,-0.0699985,-5.0,-2.501298,-2.498702,-2.5000009999999997,-2.4999990000000003,-2.5,-2.5,-2.57,-2.57,-4.649112000000001e-16,2.1890060000000004e-15,-8.17624e-08,8.17624e-08,-3.1799770000000002e-15,3.303935e-15,2.1890060000000004e-15,1.296782e-05,-1.296782e-05,1.296782e-05,3.708798e-05,-4.997404e-05,4.997404e-05,2.8980459999999998e-15,-2.4178249999999998e-15,5.0055799999999996e-05
0.001365986200180824,-0.07000136,-0.0699985,-5.0,-2.501298,-2.498702,-2.5000009999999997,-2.4999990000000003,-2.5,-2.5,-2.57,-2.57,0.0,0.0,-7.09818e-08,7.09818e-08,-3.178635e-15,3.3038809999999998e-15,0.0,1.2965029999999999e-05,-1.2965029999999999e-05,1.2965029999999999e-05,3.7079990000000003e-05,-4.9974049999999996e-05,4.9974049999999996e-05,2.596958e-15,-2.208476e-15,5.0045029999999995e-05
0.001371700485895109,-0.07000148,-0.06999848,-5.0,-2.501297,-2.498703,-2.5000009999999997,-2.4999990000000003,-2.5,-2.5,-2.57,-2.57,-1.653826e-15,2.2647660000000002e-15,-5.7945640000000006e-08,5.7945640000000006e-08,-3.176866e-15,3.3039629999999996e-15,-2.998518e-16,1.2961660000000002e-05,-1.2961660000000002e-05,1.2961660000000002e-05,3.707034e-05,-4.9974049999999996e-05,4.9974049999999996e-05,2.9869970000000004e-15,-2.344369e-15,5.0032e-05
0.001377414771609394,-0.07000156,-0.06999847,-5.0,-2.501297,-2.498703,-2.5000009999999997,-2.4999990000000003,-2.5,-2.5,-2.57,-2.57,-2.4180220000000002e-15,3.4362559999999995e-15,-4.659691000000001e-08,4.659691000000001e-08,-3.175211e-15,3.304148e-15,1.7695439999999997e-16,1.2958720000000002e-05,-1.2958720000000002e-05,1.2958720000000002e-05,3.706194e-05,-4.997406e-05,4.997406e-05,3.332741e-15,-2.563e-15,5.002065e-05
0.0013831290573236802,-0.0700016,-0.06999849,-5.0,-2.501297,-2.498703,-2.5000009999999997,-2.4999990000000003,-2.5,-2.5,-2.57,-2.57,-2.29259e-15,3.51447e-15,-3.6935609999999995e-08,3.6935609999999995e-08,-3.1736690000000003e-15,3.304439e-15,1.430419e-15,1.2956220000000001e-05,-1.2956220000000001e-05,1.2956220000000001e-05,3.705478e-05,-4.997406e-05,4.997406e-05,3.63419e-15,-2.8643690000000002e-15,5.0011000000000006e-05
0.001388843343037965,-0.0700016,-0.06999852,-5.0,-2.501297,-2.498703,-2.5000009999999997,-2.4999990000000003,-2.5,-2.5,-2.57,-2.57,-1.277529e-15,2.499409e-15,-2.8961749999999998e-08,2.8961749999999998e-08,-3.1722409999999995e-15,3.304835e-15,3.460541e-15,1.295415e-05,-1.295415e-05,1.295415e-05,3.704888e-05,-4.9974070000000004e-05,4.9974070000000004e-05,3.891345e-15,-3.2484770000000004e-15,5.000303e-05
0.00139455762875225,-0.07000156,-0.06999858,-5.0,-2.501296,-2.498704,-2.5000009999999997,-2.4999990000000003,-2.5,-2.5,-2.57,-2.57,6.27161e-16,3.9107249999999996e-16,-2.2675320000000002e-08,2.2675320000000002e-08,-3.170927e-15,3.3053350000000003e-15,6.267321e-15,1.295252e-05,-1.295252e-05,1.295252e-05,3.704422e-05,-4.9974070000000004e-05,4.9974070000000004e-05,4.104204e-15,-3.715323e-15,4.999674e-05
0.0014002719144665349,-0.07000148,-0.06999865,-5.0,-2.501296,-2.498704,-2.5000009999999997,-2.4999990000000003,-2.5,-2.5,-2.57,-2.57,3.4214799999999997e-15,-2.81054e-15,-1.807632e-08,1.8076330000000002e-08,-3.1697259999999995e-15,3.30594e-15,9.850759000000001e-15,1.295133e-05,-1.295133e-05,1.295133e-05,3.7040809999999993e-05,-4.9974070000000004e-05,4.9974070000000004e-05,4.272769e-15,-4.264908e-15,4.999215e-05
0.001405986200180821,-0.07000136,-0.06999874,-5.0,-2.501296,-2.498704,-2.5000009999999997,-2.4999990000000003,-2.5,-2.5,-2.57,-2.57,7.105426999999999e-15,-7.105426999999999e-15,-1.516476e-08,1.516476e-08,-3.1686390000000003e-15,3.306651e-15,1.4210849999999999e-14,1.295058e-05,-1.295058e-05,1.295058e-05,3.703866e-05,-4.9974070000000004e-05,4.9974070000000004e-05,4.39704e-15,-4.897229999999999e-15,4.998924e-05
0.001417414771609391,-0.07000148,-0.06999862,-5.0,-2.501296,-2.498704,-2.5000009999999997,-2.4999990000000003,-2.5,-2.5,-2.57,-2.57,4.090231e-15,-3.91272e-15,-1.074122e-08,1.0741229999999999e-08,-3.166558e-15,3.3081590000000007e-15,1.034705e-14,1.294943e-05,-1.294943e-05,1.294943e-05,3.703538e-05,-4.997407999999999e-05,4.997407999999999e-05,4.038787e-15,-4.152588e-15,4.998482e-05
0.001428843343037962,-0.07000156,-0.06999855,-5.0,-2.501296,-2.498704,-2.5000009999999997,-2.4999990000000003,-2.5,-2.5,-2.57,-2.57,1.741747e-15,-1.445895e-15,-7.103029000000001e-09,7.103031e-09,-3.164538e-15,3.309708e-15,7.094467e-15,1.2948489999999999e-05,-1.2948489999999999e-05,1.2948489999999999e-05,3.703269e-05,-4.997407999999999e-05,4.997407999999999e-05,3.802599e-15,-3.637701e-15,4.9981179999999994e-05
0.001440271914466532,-0.0700016,-0.06999851,-5.0,-2.501296,-2.498704,-2.5000009999999997,-2.4999990000000003,-2.5,-2.5,-2.57,-2.57,5.997458e-17,2.9504759999999997e-16,-4.2501749999999995e-09,4.250175999999999e-09,-3.1625779999999998e-15,3.311299e-15,4.453116e-15,1.2947750000000002e-05,-1.2947750000000002e-05,1.2947750000000002e-05,3.703057e-05,-4.997407999999999e-05,4.997407999999999e-05,3.688477e-15,-3.35257e-15,4.997833e-05
0.001451700485895103,-0.0700016,-0.06999851,-5.0,-2.501296,-2.498704,-2.5000009999999997,-2.4999990000000003,-2.5,-2.5,-2.57,-2.57,-9.550865e-16,1.3101089999999999e-15,-2.1826620000000002e-09,2.182663e-09,-3.1606790000000005e-15,3.31293e-15,2.422994e-15,1.294722e-05,-1.294722e-05,1.294722e-05,3.7029040000000004e-05,-4.997407999999999e-05,4.997407999999999e-05,3.6964199999999994e-15,-3.2971940000000003e-15,4.997626e-05
0.001463129057323673,-0.07000156,-0.06999855,-5.0,-2.501296,-2.498704,-2.5000009999999997,-2.4999990000000003,-2.5,-2.5,-2.57,-2.57,-1.303436e-15,1.599288e-15,-9.0049e-10,9.004907e-10,-3.1588409999999997e-15,3.314602e-15,1.0041e-15,1.2946889999999999e-05,-1.2946889999999999e-05,1.2946889999999999e-05,3.7028090000000005e-05,-4.997407999999999e-05,4.997407999999999e-05,3.826428e-15,-3.471573e-15,4.9974979999999994e-05
0.0014745576287522439,-0.07000148,-0.06999862,-5.0,-2.501296,-2.498704,-2.5000009999999997,-2.4999990000000003,-2.5,-2.5,-2.57,-2.57,-9.850738e-16,1.162585e-15,-4.036594e-10,4.0366e-10,-3.157064e-15,3.3163150000000003e-15,1.9643580000000003e-16,1.2946760000000002e-05,-1.2946760000000002e-05,1.2946760000000002e-05,3.702773e-05,-4.997407999999999e-05,4.997407999999999e-05,4.078501e-15,-3.875709e-15,4.997449000000001e-05
0.001485986200180814,-0.07000136,-0.06999874,-5.0,-2.501296,-2.498704,-2.5000009999999997,-2.4999990000000003,-2.5,-2.5,-2.57,-2.57,0.0,0.0,-6.921701e-10,6.921705e-10,-3.155348e-15,3.3180679999999995e-15,0.0,1.294683e-05,-1.294683e-05,1.294683e-05,3.702794e-05,-4.997407999999999e-05,4.997407999999999e-05,4.452639e-15,-4.509599e-15,4.997477e-05
0.002010986200180782,-0.0700016,-0.0699985,-5.0,-2.501296,-2.498704,-2.5000009999999997,-2.4999990000000003,-2.5,-2.5,-2.57,-2.57,7.105426999999999e-15,-7.105426999999999e-15,0.0,6.661338e-16,-3.0831190000000005e-15,3.390208e-15,7.105426999999999e-15,1.2946649999999999e-05,-1.2946649999999999e-05,1.2946649999999999e-05,3.702743e-05,-4.997407999999999e-05,4.997407999999999e-05,2.444275e-15,-2.951302e-15,4.997407999999999e-05
0.0030349862001809178,-0.0700016,-0.06999874,-5.0,-2.501296,-2.498704,-2.5000009999999997,-2.4999990000000003,-2.5,-2.5,-2.57,-2.57,7.105426999999999e-15,-7.105426999999999e-15,2.220446e-16,6.661338e-16,-2.980654e-15,3.4926720000000004e-15,0.0,1.2946649999999999e-05,-1.2946649999999999e-05,1.2946649999999999e-05,3.702743e-05,-4.997407999999999e-05,4.997407999999999e-05,3.775141e-15,-4.729056e-15,4.997407999999999e-05
0.004058986200181054,-0.0700016,-0.06999874,-5.0,-2.501296,-2.498704,-2.5000009999999997,-2.4999990000000003,-2.5,-2.5,-2.57,-2.57,7.105426999999999e-15,-7.105426999999999e-15,2.220446e-16,2.220446e-16,-2.913774e-15,3.559552e-15,7.105426999999999e-15,1.2946649999999999e-05,-1.2946649999999999e-05,1.2946649999999999e-05,3.702743e-05,-4.997407999999999e-05,4.997407999999999e-05,1.997067e-15,-2.954423e-15,4.997407999999999e-05
0.004999986200181179,-0.0700016,-0.06999874,-5.0,-2.501296,-2.498704,-2.5000009999999997,-2.4999990000000003,-2.5,-2.5,-2.57,-2.57,-4.564602e-11,4.564602e-11,1.402951e-14,7.052513e-14,-2.873378e-15,3.5999029999999994e-15,4.564602e-11,1.2946610000000001e-05,-1.2946649999999999e-05,1.2946649999999999e-05,3.702743e-05,-4.997407999999999e-05,4.997407999999999e-05,2.4544079999999996e-15,-3.817005e-15,4.997407999999999e-05
0.005,-0.0700016,-0.06999874,-5.0,-2.501296,-2.498704,-2.5000009999999997,-2.4999990000000003,-2.5,-2.5,-2.57,-2.57,-4.628475e-11,4.628475e-11,1.4210849999999999e-14,7.149836e-14,-2.873377e-15,3.5999029999999994e-15,4.628475e-11,1.2946610000000001e-05,-1.2946649999999999e-05,1.2946649999999999e-05,3.702743e-05,-4.997407999999999e-05,4.997407999999999e-05,1.097213e-15,-3.804377e-15,4.997407999999999e-05
