time,"V(N004,N009)","V(N005,N008)",V(n001),V(n002),V(n003),V(n004),V(n005),V(n006),V(n007),V(n008),V(n009),I(C1),I(C2),I(C3),I(C4),I(R1),I(R2),I(R3),I(R4),I(R5),I(R6),I(R7),I(R8),I(V1),I(V2),I(V3)
0.0,0.07,0.07,0.0,-2.1000000000000002e-20,-2.1000000000000002e-20,-2.1012599999999998e-20,-2.1012599999999998e-20,-2.1012599999999998e-20,-2.1012599999999998e-20,-0.07,-0.07,4.199999999999999e-25,4.199999999999999e-25,2.0999999999999996e-38,2.0999999999999996e-38,-6.329538999999999e-36,-6.329538999999999e-36,0.0,0.0,4.199999999999999e-25,4.199999999999999e-25,4.199999999999999e-25,4.199999999999999e-25,0.0,-1.2611689999999998e-43,-4.199999999999999e-25
0.001,0.07,0.07,0.0,-7.917548000000001e-17,-7.917548000000001e-17,-8.438557000000002e-16,-8.438557000000002e-16,-9.565152e-12,-9.565152e-12,-0.07,-0.07,2.546562e-17,2.546562e-17,2.5487969999999998e-17,2.5487969999999998e-17,2.391077e-20,2.391077e-20,0.0,-2.5532329999999997e-32,2.5489339999999998e-17,2.5489339999999998e-17,1.58351e-21,1.58351e-21,-2.391077e-20,-2.391077e-20,-2.548955e-17
0.0010000001,0.178145,-0.03814505,0.5,0.49999840000000007,1.601627e-06,0.3586796,0.14132039999999998,0.2505346,0.2494654,0.1794654,0.1805346,0.004710626,-0.004710626,0.01185344,-0.01185344,2.705214e-10,-2.705214e-10,-0.004710626,-0.007142811999999999,0.004710626,-0.004710626,3.203253e-11,-3.203253e-11,-2.705212e-10,2.705214e-10,-0.01185344
0.0010000003,0.49059529999999996,-0.3505954,1.5,1.4999930000000001,6.8672230000000005e-06,1.171818,0.32818200000000003,0.7512227,0.7487773,0.6787773,0.6812227,0.01093917,-0.01093917,0.03236755,-0.03236755,1.05181e-09,-1.05181e-09,-0.01093917,-0.02142837,0.01093917,-0.01093917,1.373445e-10,-1.373445e-10,-1.05181e-09,1.0518110000000002e-09,-0.03236755
0.001000000516015473,0.9404790000000001,-0.8004792,2.580077,2.580061,1.584624e-05,2.1619479999999998,0.4181293,1.291469,1.288608,1.218608,1.2214690000000001,0.01393711,-0.01393711,0.05079491,-0.05079491,2.176289e-09,-2.176289e-09,-0.01393711,-0.03685779,0.01393711,-0.01393711,3.169247e-10,-3.169247e-10,-2.176288e-09,2.176289e-09,-0.05079491
0.0010000007121019811,1.40752,-1.26752,3.56051,3.560483,2.7167399999999997e-05,3.119254,0.4412561,1.781734,1.778776,1.7087759999999999,1.711734,0.01470763,-0.01470763,0.06557128,-0.06557128,3.34382e-09,-3.34382e-09,-0.01470763,-0.05086365,0.01470763,-0.01470763,5.433479e-10,-5.433479e-10,-3.3438190000000007e-09,3.34382e-09,-0.06557128
0.0010000009048674971,1.8829810000000002,-1.7429810000000001,4.524337,4.524297,4.080444e-05,4.076643,0.4476942,2.263662,2.260675,2.190675,2.193662,0.01492177,-0.01492177,0.07955401,-0.07955401,4.532456e-09,-4.532456e-09,-0.01492178,-0.06463223,0.01492178,-0.01492178,8.160888e-10,-8.160888e-10,-4.532456e-09,4.5324570000000006e-09,-0.07955401
0.001000001,2.119568,-1.979568,5.0,4.9999519999999995,4.836833e-05,4.551064,0.4489362,2.501496,2.498504,2.428504,2.431496,0.01496292,-0.01496292,0.08639012,-0.08639012,5.123919e-09,-5.123919e-09,-0.01496293,-0.07142719,0.01496293,-0.01496293,9.673665e-10,-9.673665e-10,-5.123919e-09,5.123919e-09,-0.08639012
0.001000001032706992,2.185108,-2.0451080000000004,5.0,4.999949,5.1097659999999994e-05,4.6163739999999995,0.38362540000000006,2.501267,2.498733,2.4287330000000003,2.4312669999999996,0.01278581,-0.01278581,0.08421292,-0.08421292,5.28774e-09,-5.28774e-09,-0.01278581,-0.07142711,0.01278581,-0.01278581,1.021953e-09,-1.021953e-09,-5.287739e-09,5.28774e-09,-0.08421292
0.001000001098120977,2.290068,-2.150068,5.0,4.999944,5.639951e-05,4.720946,0.27905359999999996,2.5008779999999997,2.4991220000000003,2.429122,2.430878,0.009299901999999999,-0.009299901999999999,0.08072686,-0.08072686,5.550041e-09,-5.550041e-09,-0.009299908,-0.07142696,0.009299908,-0.009299908,1.12799e-09,-1.12799e-09,-5.550041e-09,5.550041999999999e-09,-0.08072687
0.001000001228948947,2.4243799999999998,-2.28438,5.0,4.999934,6.654987e-05,4.8547910000000005,0.1452088,2.500411,2.499589,2.429589,2.430411,0.004838069,-0.004838069,0.07626475,-0.07626475,5.885768e-09,-5.885768e-09,-0.004838075,-0.07142667,0.004838075,-0.004838075,1.3309970000000001e-09,-1.3309970000000001e-09,-5.8857690000000005e-09,5.8857690000000005e-09,-0.07626475
0.001000001391821033,2.50944,-2.36944,5.0,4.999921,7.869377e-05,4.939596,0.06040416,2.500156,2.499844,2.4298439999999997,2.430156,0.002010843,-0.002010843,0.07343717,-0.07343717,6.098486999999999e-09,-6.098486999999999e-09,-0.002010849,-0.07142632,0.002010849,-0.002010849,1.5738750000000002e-09,-1.5738750000000002e-09,-6.098486999999999e-09,6.098486999999999e-09,-0.07343717
0.001000001591416761,2.549727,-2.409728,5.0,4.999907,9.319198e-05,4.9797720000000005,0.02022769,2.500045,2.499955,2.429955,2.4300450000000002,0.0006711438000000001,-0.0006711438000000001,0.07209706,-0.07209706,6.199263e-09,-6.199263e-09,-0.0006711499000000001,-0.07142591,0.0006711499000000001,-0.0006711499000000001,1.86384e-09,-1.86384e-09,-6.199262e-09,6.199263e-09,-0.07209706
0.001000001834957193,2.564579,-2.424579,5.0,4.999889,0.00011067620000000001,4.994587999999999,0.005412206,2.500009,2.499991,2.429991,2.430009,0.0001767114,-0.0001767114,0.07160213,-0.07160213,6.236426e-09,-6.236426e-09,-0.0001767177,-0.07142541,0.0001767177,-0.0001767177,2.2135239999999996e-09,-2.2135239999999996e-09,-6.236425e-09,6.236425e-09,-0.07160213
0.001000002192759409,2.569077,-2.429077,5.0,4.999864,0.0001362592,4.999077,0.0009234148,2.5,2.5,2.43,2.43,2.6232270000000004e-05,-2.6232270000000004e-05,0.07145091,-0.07145091,6.2476850000000004e-09,-6.2476850000000004e-09,-2.6238520000000004e-05,-0.07142468,2.6238520000000004e-05,-2.6238520000000004e-05,2.725184e-09,-2.725184e-09,-6.2476850000000004e-09,6.2476850000000004e-09,-0.07145092
0.001000002744804521,2.569834,-2.429834,5.0,4.999825,0.0001756929,4.999834,0.0001660161,2.5,2.5,2.43,2.43,-3.288102e-07,3.288102e-07,0.07142323,-0.07142323,6.249585e-09,-6.249585e-09,3.225606e-07,-0.07142355,-3.225606e-07,3.225606e-07,3.513858e-09,-3.513858e-09,-6.249585e-09,6.249585e-09,-0.07142323
0.0010000038060255369,2.569762,-2.4297619999999998,5.0,4.9997489999999996,0.00025148659999999997,4.9997620000000005,0.0002384425,2.5,2.5,2.43,2.43,-4.410521e-07,4.410521e-07,0.07142095,-0.07142095,6.249404000000001e-09,-6.249404000000001e-09,4.3480270000000006e-07,-0.07142138,-4.3480270000000006e-07,4.3480270000000006e-07,5.029733e-09,-5.029733e-09,-6.249404000000001e-09,6.249404000000001e-09,-0.07142095
0.0010000059284675689,2.569609,-2.42961,5.0,4.9995970000000005,0.0004030654,4.9996089999999995,0.0003904975,2.5,2.5,2.43,2.43,-4.251785e-07,4.251785e-07,0.07141663,-0.07141663,6.2490240000000004e-09,-6.2490240000000004e-09,4.189295e-07,-0.07141706,-4.189295e-07,4.189295e-07,8.061308e-09,-8.061308e-09,-6.2490240000000004e-09,6.2490259999999994e-09,-0.07141663
0.001000010173351633,2.569307,-2.429307,5.0,4.999294,0.0007061885,4.999307,0.0006934857000000001,2.5,2.5,2.43,2.43,-4.2967640000000004e-07,4.2967640000000004e-07,0.07140796,-0.07140796,6.248266e-09,-6.248266e-09,4.234282e-07,-0.07140839,-4.234282e-07,4.234282e-07,1.412377e-08,-1.412377e-08,-6.248265000000001e-09,6.248268e-09,-0.07140797
0.00100030705914481,2.5482549999999997,-2.408255,5.0,4.978242,0.02175759,4.978255,0.02174502,2.5,2.5,2.43,2.43,-4.2529530000000003e-07,4.2529530000000003e-07,0.07080608,-0.07080608,6.195638000000001e-09,-6.195638000000001e-09,4.1909959999999997e-07,-0.07080692,-4.1909959999999997e-07,4.1909959999999997e-07,4.3515190000000004e-07,-4.3515190000000004e-07,-6.195636e-09,6.195638000000001e-09,-0.0708065
0.001000603944937986,2.527382,-2.387382,5.0,4.95737,0.04263004,4.957382,0.04261758,2.5,2.5,2.43,2.43,-4.21143e-07,4.21143e-07,0.07020931,-0.07020931,6.1434560000000006e-09,-6.1434560000000006e-09,4.149995e-07,-0.07021057,-4.149995e-07,4.149995e-07,8.526008e-07,-8.526008e-07,-6.143455e-09,6.1434560000000006e-09,-0.07021015
0.001000900830731163,2.506688,-2.366689,5.0,4.936676,0.06332352,4.936687999999999,0.06331118,2.5,2.5,2.43,2.43,-4.1721959999999995e-07,4.1721959999999995e-07,0.06961766,-0.06961766,6.091721999999999e-09,-6.091721999999999e-09,4.1112790000000006e-07,-0.06961933,-4.1112790000000006e-07,4.1112790000000006e-07,1.26647e-06,-1.26647e-06,-6.091721e-09,6.091721e-09,-0.06961891
0.001001197716524339,2.486174,-2.346174,5.0,4.916162,0.08383804,4.916174,0.08382581,2.5,2.5,2.43,2.43,-4.135252e-07,4.135252e-07,0.06903112,-0.06903112,6.040436e-09,-6.040436e-09,4.0748470000000005e-07,-0.0690332,-4.0748470000000005e-07,4.0748470000000005e-07,1.676761e-06,-1.676761e-06,-6.040434e-09,6.040434e-09,-0.06903279
0.001001494602317516,2.465838,-2.3258389999999998,5.0,4.8958260000000005,0.1041736,4.8958379999999995,0.1041615,2.5,2.5,2.43,2.43,-4.100597e-07,4.100597e-07,0.0684497,-0.0684497,5.989597e-09,-5.989597e-09,4.0407e-07,-0.06845218,-4.0407e-07,4.0407e-07,2.0834719999999997e-06,-2.0834719999999997e-06,-5.989595e-09,5.989595e-09,-0.06845177
0.001001791488110692,2.445681,-2.305682,5.0,4.8756699999999995,0.12433019999999999,4.875681,0.1243182,2.5,2.5,2.43,2.43,-4.0682299999999996e-07,4.0682299999999996e-07,0.06787339,-0.06787339,5.9392049999999994e-09,-5.9392049999999994e-09,4.008838e-07,-0.06787628,-4.008838e-07,4.008838e-07,2.486604e-06,-2.486604e-06,-5.939204e-09,5.9392030000000005e-09,-0.06787588
0.001002088373903869,2.425704,-2.285704,5.0,4.8556919999999995,0.14430779999999999,4.855704,0.14429589999999998,2.5,2.5,2.43,2.43,-4.0381529999999997e-07,4.0381529999999997e-07,0.0673022,-0.0673022,5.889260999999999e-09,-5.889260999999999e-09,3.97926e-07,-0.06730549,-3.97926e-07,3.97926e-07,2.8861559999999996e-06,-2.8861559999999996e-06,-5.889260999999999e-09,5.889260000000001e-09,-0.0673051
0.0010030883739038689,2.35935,-2.21935,5.0,4.789339,0.21066149999999997,4.78935,0.2106498,2.5,2.5,2.43,2.43,-3.924324e-07,3.924324e-07,0.06540507,-0.06540507,5.723376e-09,-5.723376e-09,3.86709e-07,-0.06540968,-3.867091e-07,3.86709e-07,4.213229e-06,-4.213229e-06,-5.723376e-09,5.723375000000001e-09,-0.06540929
0.001004088373903869,2.294866,-2.154867,5.0,4.724855000000001,0.2751447,4.7248660000000005,0.27513340000000003,2.5,2.5,2.43,2.43,-3.8137050000000005e-07,3.8137050000000005e-07,0.06356142,-0.06356142,5.562166999999999e-09,-5.562166999999999e-09,3.758083e-07,-0.0635673,-3.758083e-07,3.758083e-07,5.502894e-06,-5.502894e-06,-5.562168000000001e-09,5.5621660000000004e-09,-0.06356692
0.001005088373903869,2.232201,-2.0922009999999998,5.0,4.66219,0.3378103,4.6622010000000005,0.33779929999999997,2.5,2.5,2.43,2.43,-3.706203e-07,3.706203e-07,0.06176973,-0.06176973,5.405502e-09,-5.405502e-09,3.6521479999999997e-07,-0.06177685,-3.6521479999999997e-07,3.6521479999999997e-07,6.756205e-06,-6.756205e-06,-5.405504e-09,5.405503e-09,-0.06177649
0.001007088373903869,2.112118,-1.972118,5.0,4.542108,0.45789189999999996,4.5421190000000005,0.4578816,2.5,2.5,2.43,2.43,-3.5002040000000003e-07,3.5002040000000003e-07,0.05833644,-0.05833644,5.105295999999999e-09,-5.105295999999999e-09,3.449152e-07,-0.05834594,-3.449152e-07,3.449152e-07,9.157839e-06,-9.157839e-06,-5.105295e-09,5.105297000000001e-09,-0.0583456
0.001009088373903868,1.9987110000000001,-1.858711,5.0,4.428701,0.5712991,4.428711,0.5712894000000001,2.5,2.5,2.43,2.43,-3.3056559999999995e-07,3.3056559999999995e-07,0.05509399,-0.05509399,4.821777e-09,-4.821777e-09,3.2574379999999997e-07,-0.05510574,-3.2574379999999997e-07,3.2574379999999997e-07,1.1425979999999999e-05,-1.1425979999999999e-05,-4.8217780000000005e-09,4.821779000000001e-09,-0.05510541
0.001012088373903868,1.840307,-1.7003080000000002,5.0,4.270298,0.7297014000000001,4.270308,0.7296925,2.5,2.5,2.43,2.43,-3.0339190000000003e-07,3.0339190000000003e-07,0.05056506,-0.05056506,4.425769e-09,-4.425769e-09,2.989662e-07,-0.05057996,-2.989662e-07,2.989662e-07,1.4594029999999998e-05,-1.4594029999999998e-05,-4.425768e-09,4.4257700000000005e-09,-0.05057966
0.0010150883739038679,1.694926,-1.554926,5.0,4.124918,0.8750825000000001,4.124926,0.8750742,2.5,2.5,2.43,2.43,-2.7845199999999996e-07,2.7845199999999996e-07,0.04640844,-0.04640844,4.062314e-09,-4.062314e-09,2.7438970000000003e-07,-0.04642621,-2.7438970000000003e-07,2.7438970000000003e-07,1.750165e-05,-1.750165e-05,-4.0623150000000006e-09,4.0623150000000006e-09,-0.04642594
0.001018088373903868,1.561495,-1.4214950000000002,5.0,3.9914870000000002,1.008513,3.9914949999999996,1.008505,2.5,2.5,2.43,2.43,-2.5556229999999997e-07,2.5556229999999997e-07,0.0425935,-0.0425935,3.728737e-09,-3.728737e-09,2.518336e-07,-0.04261392,-2.518336e-07,2.518336e-07,2.0170250000000002e-05,-2.0170250000000002e-05,-3.728738e-09,3.728738e-09,-0.04261367
0.001021231231046725,1.435527,-1.295527,5.0,3.8655199999999996,1.13448,3.8655269999999997,1.134473,2.5,2.5,2.43,2.43,-2.3395289999999999e-07,2.3395289999999999e-07,0.03899195,-0.03899195,3.4138179999999995e-09,-3.4138179999999995e-09,2.3053910000000002e-07,-0.03901487,-2.3053910000000002e-07,2.3053910000000002e-07,2.268959e-05,-2.268959e-05,-3.41382e-09,3.413819e-09,-0.03901464
0.001024374088189581,1.318427,-1.1784270000000001,5.0,3.74842,1.25158,3.7484269999999995,1.251573,2.5,2.5,2.43,2.43,-2.138646e-07,2.138646e-07,0.03564391,-0.03564391,3.121067e-09,-3.121067e-09,2.1074349999999998e-07,-0.03566915,-2.1074349999999998e-07,2.1074349999999998e-07,2.5031590000000002e-05,-2.5031590000000002e-05,-3.1210679999999996e-09,3.121067e-09,-0.03566894
0.001027516945332438,1.210193,-1.070193,5.0,3.640187,1.359813,3.640193,1.359807,2.5,2.5,2.43,2.43,-1.952974e-07,1.952974e-07,0.03254939,-0.03254939,2.8504829999999996e-09,-2.8504829999999996e-09,1.9244689999999998e-07,-0.03257678,-1.9244689999999998e-07,1.9244689999999998e-07,2.719625e-05,-2.719625e-05,-2.8504840000000003e-09,2.8504840000000003e-09,-0.03257659
0.001030659802475295,1.110827,-0.9708266,5.0,3.5408209999999998,1.459179,3.5408269999999997,1.459173,2.5,2.5,2.43,2.43,-1.7825129999999998e-07,1.7825129999999998e-07,0.02970839,-0.02970839,2.602067e-09,-2.602067e-09,1.756492e-07,-0.02973775,-1.756492e-07,1.756492e-07,2.918357e-05,-2.918357e-05,-2.6020679999999997e-09,2.602067e-09,-0.02973758
0.0010338026596181519,1.020327,-0.8803271,5.0,3.4503220000000003,1.549678,3.4503269999999997,1.5496729999999999,2.5,2.5,2.43,2.43,-1.627263e-07,1.627263e-07,0.02712091,-0.02712091,2.375818e-09,-2.375818e-09,1.603505e-07,-0.02715206,-1.603505e-07,1.603505e-07,3.099356e-05,-3.099356e-05,-2.375818e-09,2.375818e-09,-0.02715191
0.001036945516761009,0.9386943999999999,-0.7986946,5.0,3.36869,1.63131,3.368694,1.631306,2.5,2.5,2.43,2.43,-1.487224e-07,1.487224e-07,0.02478694,-0.02478694,2.1717359999999997e-09,-2.1717359999999997e-09,1.4655070000000002e-07,-0.02481972,-1.4655070000000002e-07,1.4655070000000002e-07,3.2626199999999996e-05,-3.2626199999999996e-05,-2.1717359999999997e-09,2.1717359999999997e-09,-0.02481957
0.001040088373903866,0.8659289000000001,-0.725929,5.0,3.295925,1.704075,3.295929,1.704071,2.5,2.5,2.43,2.43,-1.362397e-07,1.362397e-07,0.0227065,-0.0227065,1.9898229999999998e-09,-1.9898229999999998e-09,1.3424989999999998e-07,-0.02274071,-1.3424989999999998e-07,1.3424989999999998e-07,3.40815e-05,-3.40815e-05,-1.9898210000000004e-09,1.989822e-09,-0.02274058
0.0010432312310467231,0.7987759,-0.658776,5.0,3.228772,1.7712279999999998,3.228776,1.7712240000000001,2.5,2.5,2.43,2.43,-1.247197e-07,1.247197e-07,0.02078652,-0.02078652,1.82194e-09,-1.82194e-09,1.228978e-07,-0.02082207,-1.228978e-07,1.228978e-07,3.542456e-05,-3.542456e-05,-1.82194e-09,1.821939e-09,-0.02082194
0.001046374088189579,0.7363499,-0.59635,5.0,3.166347,1.833653,3.16635,1.83365,2.5,2.5,2.43,2.43,-1.1401069999999998e-07,1.1401069999999998e-07,0.01900169,-0.01900169,1.6658749999999999e-09,-1.6658749999999999e-09,1.123448e-07,-0.01903847,-1.123448e-07,1.123448e-07,3.6673070000000004e-05,-3.6673070000000004e-05,-1.665876e-09,1.665874e-09,-0.01903836
0.001049516945332436,0.6786508000000001,-0.5386509,5.0,3.108648,1.8913520000000001,3.108651,1.8913490000000002,2.5,2.5,2.43,2.43,-1.041126e-07,1.041126e-07,0.01735201,-0.01735201,1.5216270000000001e-09,-1.5216270000000001e-09,1.0259089999999999e-07,-0.01738994,-1.0259089999999999e-07,1.0259089999999999e-07,3.7827040000000005e-05,-3.7827040000000005e-05,-1.5216279999999998e-09,1.521626e-09,-0.01738983
0.0010526598024752929,0.6256786999999999,-0.4856789000000001,5.0,3.055676,1.9443240000000002,3.055679,1.944321,2.5,2.5,2.43,2.43,-9.502535e-08,9.502534e-08,0.01583748,-0.01583748,1.389197e-09,-1.389197e-09,9.363614e-08,-0.01587646,-9.363614e-08,9.363614e-08,3.888648e-05,-3.888648e-05,-1.389198e-09,1.389196e-09,-0.01587636
0.00105580265961815,0.5774335999999999,-0.4374338,5.0,3.007431,1.9925689999999998,3.007434,1.992566,2.5,2.5,2.43,2.43,-8.674902000000001e-08,8.674901e-08,0.0144581,-0.0144581,1.2685839999999998e-09,-1.2685839999999998e-09,8.548042999999999e-08,-0.01449803,-8.548042999999999e-08,8.548042999999999e-08,3.985138e-05,-3.985138e-05,-1.2685850000000001e-09,1.2685839999999998e-09,-0.01449795
0.001058945516761007,0.5339155,-0.3939156,5.0,2.9639130000000002,2.0360869999999998,2.9639159999999998,2.0360840000000002,2.5,2.5,2.43,2.43,-7.928358999999999e-08,7.928358999999999e-08,0.01321386,-0.01321386,1.1597889999999999e-09,-1.1597889999999999e-09,7.812378999999998e-08,-0.01325466,-7.81238e-08,7.81238e-08,4.072174e-05,-4.072174e-05,-1.1597889999999999e-09,1.1597889999999999e-09,-0.01325458
0.0010620883739038641,0.49512429999999996,-0.3551245,5.0,2.925122,2.074878,2.9251240000000003,2.0748759999999997,2.5,2.5,2.43,2.43,-7.262906e-08,7.262906e-08,0.01210478,-0.01210478,1.062811e-09,-1.062811e-09,7.156625e-08,-0.01214635,-7.156626e-08,7.156626e-08,4.1497550000000004e-05,-4.1497550000000004e-05,-1.06281e-09,1.062812e-09,-0.01214628
0.001065231231046721,0.45932520000000004,-0.31932540000000004,5.0,2.889323,2.110677,2.889325,2.110675,2.5,2.5,2.43,2.43,-6.648780999999999e-08,6.648780999999999e-08,0.01108124,-0.01108124,9.733133e-10,-9.733133e-10,6.551449e-08,-0.01112352,-6.55145e-08,6.55145e-08,4.221353e-05,-4.221353e-05,-9.733131e-10,9.733141e-10,-0.01112346
0.001068374088189578,0.4260460999999999,-0.2860462,5.0,2.856044,2.143956,2.856046,2.143954,2.5,2.5,2.43,2.43,-6.077885e-08,6.077885e-08,0.01012976,-0.01012976,8.901153e-10,-8.901154e-10,5.988873e-08,-0.01017269,-5.988873e-08,5.988873e-08,4.287911e-05,-4.287911e-05,-8.901156e-10,8.901161e-10,-0.01017264
0.001071516945332435,0.3952869,-0.255287,5.0,2.825285,2.174715,2.825287,2.174713,2.5,2.5,2.43,2.43,-5.550217e-08,5.550217e-08,0.009250316,-0.009250316,8.132172e-10,-8.132172e-10,5.468896e-08,-0.009293864,-5.468896e-08,5.468896e-08,4.34943e-05,-4.34943e-05,-8.132179e-10,8.132179e-10,-0.009293809
0.0010746598024752919,0.3670476,-0.22704770000000002,5.0,2.797046,2.202954,2.7970479999999998,2.2029520000000002,2.5,2.5,2.43,2.43,-5.065779e-08,5.065779e-08,0.008442923,-0.008442923,7.42619e-10,-7.42619e-10,4.991517e-08,-0.008487030999999999,-4.991517e-08,4.991517e-08,4.405907999999999e-05,-4.405907999999999e-05,-7.426199e-10,7.426196e-10,-0.008486981
0.001077802659618148,0.3413282,-0.2013284,5.0,2.771327,2.228673,2.771328,2.228672,2.5,2.5,2.43,2.43,-4.624569999999999e-08,4.624569999999999e-08,0.0077075780000000005,-0.0077075780000000005,6.783206e-10,-6.783206e-10,4.556738e-08,-0.007752195999999999,-4.556738e-08,4.556738e-08,4.457345999999999e-05,-4.457345999999999e-05,-6.783216e-10,6.783211e-10,-0.007752151
0.0010809455167610051,0.3181288,-0.178129,5.0,2.748128,2.251872,2.748129,2.251871,2.5,2.5,2.43,2.43,-4.22659e-08,4.22659e-08,0.0070442809999999995,-0.0070442809999999995,6.203221e-10,-6.203221e-10,4.1645580000000006e-08,-0.007089359,-4.1645580000000006e-08,4.1645580000000006e-08,4.503745e-05,-4.503745e-05,-6.203231e-10,6.203225e-10,-0.007089318000000001
0.0010840883739038618,0.29744940000000003,-0.1574495,5.0,2.727448,2.272552,2.727449,2.272551,2.5,2.5,2.43,2.43,-3.871839e-08,3.871839e-08,0.006453031999999999,-0.006453031999999999,5.686234e-10,-5.686235e-10,3.8149760000000004e-08,-0.006498521,-3.8149760000000004e-08,3.8149760000000004e-08,4.5451040000000005e-05,-4.5451040000000005e-05,-5.686243e-10,5.686238e-10,-0.006498483
0.001087231231046719,0.2783649,-0.13836500000000002,5.0,2.708364,2.291636,2.708365,2.291635,2.5,2.5,2.43,2.43,-3.54445e-08,3.54445e-08,0.005907386999999999,-0.005907386999999999,5.209123e-10,-5.209124e-10,3.492359e-08,-0.005953254,-3.492359e-08,3.492359e-08,4.583272e-05,-4.583272e-05,-5.209126e-10,5.20912e-10,-0.005953219
0.001090374088189576,0.26062379999999996,-0.1206239,5.0,2.690623,2.309377,2.690624,2.309376,2.5,2.5,2.43,2.43,-3.240106e-08,3.240106e-08,0.00540015,-0.00540015,4.765597e-10,-4.765597e-10,3.19245e-08,-0.005446369,-3.19245e-08,3.19245e-08,4.618754e-05,-4.618754e-05,-4.765596e-10,4.765588e-10,-0.005446337
0.001093516945332433,0.2442261,-0.10422619999999999,5.0,2.674225,2.325775,2.674226,2.325774,2.5,2.5,2.43,2.43,-2.9588080000000002e-08,2.9588080000000002e-08,0.004931322,-0.004931322,4.355655e-10,-4.355655e-10,2.9152520000000002e-08,-0.004977866,-2.9152520000000002e-08,2.9152520000000002e-08,4.651549e-05,-4.651549e-05,-4.355652e-10,4.355644e-10,-0.004977837
0.00109665980247529,0.22917179999999998,-0.08917193,5.0,2.6591709999999997,2.3408290000000003,2.6591720000000003,2.3408279999999997,2.5,2.5,2.43,2.43,-2.700555e-08,2.700555e-08,0.004500903,-0.004500903,3.979297e-10,-3.979298e-10,2.660762e-08,-0.004547746,-2.660762e-08,2.660762e-08,4.6816579999999993e-05,-4.6816579999999993e-05,-3.979295e-10,3.979288e-10,-0.004547719
0.001099802659618147,0.21546089999999998,-0.07546103,5.0,2.64546,2.35454,2.645461,2.354539,2.5,2.5,2.43,2.43,-2.465348e-08,2.465348e-08,0.004108892,-0.004108892,3.636524e-10,-3.636524e-10,2.428982e-08,-0.004156007,-2.428982e-08,2.428982e-08,4.7090790000000006e-05,-4.7090790000000006e-05,-3.636524e-10,3.636518e-10,-0.004155983
0.0011029455167610028,0.2030934,-0.06309353,5.0,2.633093,2.366907,2.633093,2.366907,2.5,2.5,2.43,2.43,-2.2531849999999998e-08,2.2531849999999998e-08,0.00375529,-0.00375529,3.327335e-10,-3.327335e-10,2.2199119999999998e-08,-0.00380265,-2.2199119999999998e-08,2.2199119999999998e-08,4.733814e-05,-4.733814e-05,-3.327339e-10,3.327336e-10,-0.0038026279999999997
0.00110608837390386,0.1920693,-0.05206943,5.0,2.6220689999999998,2.3779310000000002,2.6220689999999998,2.3779310000000002,2.5,2.5,2.43,2.43,-2.064069e-08,2.064069e-08,0.0034400959999999997,-0.0034400959999999997,3.051731e-10,-3.051731e-10,2.0335509999999997e-08,-0.003487675,-2.0335509999999997e-08,2.0335509999999997e-08,4.7558630000000004e-05,-4.7558630000000004e-05,-3.051741e-10,3.051741e-10,-0.003487655
0.001109231231046717,0.18189539999999998,-0.04189553,5.0,2.611895,2.388105,2.611895,2.388105,2.5,2.5,2.43,2.43,-1.889538e-08,1.889538e-08,0.0031492140000000004,-0.0031492140000000004,2.797384e-10,-2.797384e-10,1.861564e-08,-0.003196995,-1.861564e-08,1.861564e-08,4.77621e-05,-4.77621e-05,-2.797392e-10,2.797393e-10,-0.003196976
0.001112374088189574,0.17243770000000003,-0.03243779,5.0,2.602437,2.397563,2.6024380000000003,2.3975619999999997,2.5,2.5,2.43,2.43,-1.727293e-08,1.727293e-08,0.002878807,-0.002878807,2.560941e-10,-2.560942e-10,1.701684e-08,-0.002926776,-1.701684e-08,1.701684e-08,4.795126e-05,-4.795126e-05,-2.560948e-10,2.560947e-10,-0.002926759
0.001115516945332431,0.1636961,-0.02369619,5.0,2.593696,2.406304,2.593696,2.406304,2.5,2.5,2.43,2.43,-1.577334e-08,1.577334e-08,0.0026288759999999996,-0.0026288759999999996,2.342402e-10,-2.342403e-10,1.55391e-08,-0.0026770179999999998,-1.55391e-08,1.55391e-08,4.8126090000000006e-05,-4.8126090000000006e-05,-2.342407e-10,2.342406e-10,-0.002677002
0.0011186598024752882,0.15567060000000002,-0.01567075,5.0,2.58567,2.41433,2.585671,2.414329,2.5,2.5,2.43,2.43,-1.43966e-08,1.43966e-08,0.002399421,-0.002399421,2.141767e-10,-2.141767e-10,1.418242e-08,-0.0024477220000000003,-1.418242e-08,1.418242e-08,4.8286590000000006e-05,-4.8286590000000006e-05,-2.14177e-10,2.141768e-10,-0.002447707
0.001121802659618145,0.14836129999999997,-0.008361461,5.0,2.578361,2.421639,2.578361,2.421639,2.5,2.5,2.43,2.43,-1.3142709999999999e-08,1.3142709999999999e-08,0.002190441,-0.002190441,1.959035e-10,-1.959036e-10,1.2946809999999999e-08,-0.0022388860000000003,-1.2946809999999999e-08,1.2946809999999999e-08,4.843278e-05,-4.843278e-05,-1.959037e-10,1.959033e-10,-0.0022388729999999997
0.001124945516761001,0.1417682,-0.001768321,5.0,2.571768,2.428232,2.571768,2.428232,2.5,2.5,2.43,2.43,-1.2011680000000001e-08,1.2011680000000001e-08,0.002001936,-0.002001936,1.794207e-10,-1.794208e-10,1.1832260000000001e-08,-0.002050513,-1.1832260000000001e-08,1.1832260000000001e-08,4.856464e-05,-4.856464e-05,-1.794208e-10,1.794201e-10,-0.002050501
0.001128088373903858,0.1358912,0.004108667,5.0,2.565891,2.434109,2.565891,2.434109,2.5,2.5,2.43,2.43,-1.10035e-08,1.10035e-08,0.001833907,-0.001833907,1.647283e-10,-1.647284e-10,1.0838780000000001e-08,-0.0018826,-1.0838780000000001e-08,1.083877e-08,4.868218e-05,-4.868218e-05,-1.647282e-10,1.647273e-10,-0.00188259
0.001131231231046715,0.1304675,0.00953233,5.0,2.5604669999999996,2.4395330000000004,2.560468,2.439532,2.5,2.5,2.43,2.43,-1.0073080000000001e-08,1.0073080000000001e-08,0.001678839,-0.001678839,1.511692e-10,-1.511692e-10,9.921915999999999e-09,-0.001727639,-9.921915999999999e-09,9.921915e-09,4.879065e-05,-4.879065e-05,-1.511698e-10,1.51169e-10,-0.0017276289999999998
0.001134374088189572,0.1254257,0.01457421,5.0,2.555425,2.444575,2.5554259999999998,2.4445740000000002,2.5,2.5,2.43,2.43,-9.208161e-09,9.20816e-09,0.0015346860000000002,-0.0015346860000000002,1.385645e-10,-1.385645e-10,9.069596e-09,-0.001583586,-9.069596e-09,9.069596e-09,4.8891490000000004e-05,-4.8891490000000004e-05,-1.385655e-10,1.385649e-10,-0.001583577
0.001137516945332429,0.1207656,0.01923431,5.0,2.550765,2.449235,2.550766,2.449234,2.5,2.5,2.43,2.43,-8.40873e-09,8.40873e-09,0.0014014479999999998,-0.0014014479999999998,1.269142e-10,-1.269142e-10,8.281815e-09,-0.001450441,-8.281815999999999e-09,8.281815e-09,4.898469e-05,-4.898469e-05,-1.269155e-10,1.269149e-10,-0.0014504329999999999
0.001140659802475286,0.11648720000000001,0.02351263,5.0,2.546487,2.453513,2.546487,2.453513,2.5,2.5,2.43,2.43,-7.674793000000001e-09,7.674793000000001e-09,0.001279126,-0.001279126,1.162184e-10,-1.162184e-10,7.558574e-09,-0.001328204,-7.558575e-09,7.558574e-09,4.907026e-05,-4.907026e-05,-1.162196e-10,1.162191e-10,-0.001328196
0.001143802659618143,0.11259069999999999,0.02740917,5.0,2.542591,2.457409,2.542591,2.457409,2.5,2.5,2.43,2.43,-7.00635e-09,7.006349e-09,0.001167719,-0.001167719,1.06477e-10,-1.06477e-10,6.8998719999999995e-09,-0.001216874,-6.8998719999999995e-09,6.8998719999999995e-09,4.9148190000000004e-05,-4.9148190000000004e-05,-1.06478e-10,1.064774e-10,-0.001216867
0.001146945516761,0.1090759,0.03092393,5.0,2.5390759999999997,2.4609240000000003,2.5390759999999997,2.4609240000000003,2.5,2.5,2.43,2.43,-6.403399999999999e-09,6.403399999999999e-09,0.001067228,-0.001067228,9.769004e-11,-9.769009e-11,6.30571e-09,-0.001116452,-6.30571e-09,6.305708999999999e-09,4.921848e-05,-4.921848e-05,-9.769063e-11,9.768991e-11,-0.001116446
0.001150088373903857,0.10594300000000001,0.0340569,5.0,2.535943,2.464057,2.535943,2.464057,2.5,2.5,2.43,2.43,-5.8659440000000006e-09,5.865943e-09,0.0009776518,-0.0009776518,8.985755e-11,-8.98576e-11,5.7760869999999995e-09,-0.001026939,-5.776085999999999e-09,5.776085e-09,4.9281149999999995e-05,-4.9281149999999995e-05,-8.985745e-11,8.985657e-11,-0.001026933
0.001153231231046713,0.10305170000000001,0.03694819,5.0,2.533051,2.466949,2.533052,2.466948,2.5,2.5,2.43,2.43,-5.369939e-09,5.369939e-09,0.0008949851,-0.0008949851,8.262919e-11,-8.262924e-11,5.287310000000001e-09,-0.0009443294000000001,-5.287310000000001e-09,5.287309e-09,4.933897e-05,-4.933897e-05,-8.262924e-11,8.262903e-11,-0.000944324
0.00115637408818957,0.10036389999999999,0.03963597,5.0,2.530364,2.469636,2.530364,2.469636,2.5,2.5,2.43,2.43,-4.9088500000000005e-09,4.908849e-09,0.0008181374000000001,-0.0008181374000000001,7.590964e-11,-7.59097e-11,4.8329390000000006e-09,-0.0008675349000000001,-4.832939999999999e-09,4.8329390000000006e-09,4.939272e-05,-4.939272e-05,-7.590986e-11,7.591009e-11,-0.0008675301
0.001159516945332427,0.09787961,0.04212026,5.0,2.527879,2.472121,2.52788,2.47212,2.5,2.5,2.43,2.43,-4.482675e-09,4.482674e-09,0.0007471086999999999,-0.0007471086999999999,6.969890999999999e-11,-6.969896999999999e-11,4.412975e-09,-0.0007965555000000001,-4.412975999999999e-09,4.412975e-09,4.944241e-05,-4.944241e-05,-6.969930999999999e-11,6.969977e-11,-0.000796551
0.001162659802475284,0.09559883,0.04440104,5.0,2.525599,2.474401,2.525599,2.474401,2.5,2.5,2.43,2.43,-4.091415e-09,4.0914140000000005e-09,0.0006818989999999999,-0.0006818989999999999,6.399699e-11,-6.399705e-11,4.027416e-09,-0.0007313910000000001,-4.0274179999999995e-09,4.027417e-09,4.948802e-05,-4.948802e-05,-6.399758000000001e-11,6.399804e-11,-0.000731387
0.001165802659618141,0.09352155,0.04647832,5.0,2.523521,2.476479,2.5235220000000003,2.4764779999999997,2.5,2.5,2.43,2.43,-3.7350690000000005e-09,3.735067999999999e-09,0.0006225083,-0.0006225083,5.880388000000001e-11,-5.880394e-11,3.6762640000000003e-09,-0.0006720414999999999,-3.676265e-09,3.6762640000000003e-09,4.9529570000000006e-05,-4.9529570000000006e-05,-5.880469e-11,5.880491999999999e-11,-0.0006720378
0.0011689455167609982,0.09164778,0.04835209,5.0,2.521648,2.478352,2.521648,2.478352,2.5,2.5,2.43,2.43,-3.413639e-09,3.413637e-09,0.0005689366,-0.0005689366,5.4119590000000005e-11,-5.411965e-11,3.3595170000000003e-09,-0.000618507,-3.359519e-09,3.359518e-09,4.9567040000000004e-05,-4.9567040000000004e-05,-5.412061999999999e-11,5.41204e-11,-0.0006185037
0.001172088373903855,0.0899775,0.05002236,5.0,2.519978,2.480022,2.519978,2.480022,2.5,2.5,2.43,2.43,-3.127123e-09,3.1271209999999993e-09,0.0005211839,-0.0005211839,4.99441e-11,-4.994417e-11,3.077177e-09,-0.0005707875,-3.077179e-09,3.077177e-09,4.9600450000000004e-05,-4.9600450000000004e-05,-4.994538e-11,4.9944490000000005e-11,-0.0005707844
0.0011752312310467118,0.08843618,0.05156369,5.0,2.518436,2.481564,2.518436,2.481564,2.5,2.5,2.43,2.43,-2.8627029999999998e-09,2.8627020000000003e-09,0.00047711449999999995,-0.00047711449999999995,4.609068e-11,-4.609075e-11,2.816611e-09,-0.0005267486,-2.816612e-09,2.816611e-09,4.963128e-05,-4.963128e-05,-4.609188e-11,4.609106e-11,-0.0005267458000000001
0.0011783740881895679,0.08700334,0.05299652,5.0,2.517003,2.482997,2.517003,2.482997,2.5,2.5,2.43,2.43,-2.616897e-09,2.6168960000000003e-09,0.0004361472,-0.0004361472,4.2508509999999997e-11,-4.250857e-11,2.574387e-09,-0.0004858097,-2.5743879999999996e-09,2.574387e-09,4.965993e-05,-4.965993e-05,-4.250959e-11,4.2508870000000004e-11,-0.00048580709999999997
0.001181516945332425,0.08567899,0.05432088,5.0,2.515679,2.484321,2.515679,2.484321,2.5,2.5,2.43,2.43,-2.3897039999999998e-09,2.389703e-09,0.00039828190000000004,-0.00039828190000000004,3.9197579999999997e-11,-3.9197640000000005e-11,2.3505039999999997e-09,-0.0004479707,-2.350506e-09,2.350505e-09,4.968642e-05,-4.968642e-05,-3.919852e-11,3.919791e-11,-0.0004479683
0.001184659802475282,0.08446312,0.05553674,5.0,2.514463,2.485537,2.514463,2.485537,2.5,2.5,2.43,2.43,-2.181124e-09,2.181123e-09,0.00036351879999999996,-0.00036351879999999996,3.61579e-11,-3.615796e-11,2.144964e-09,-0.00041323160000000006,-2.144965e-09,2.144965e-09,4.971074000000001e-05,-4.971074000000001e-05,-3.615867e-11,3.615818e-11,-0.0004132295
0.0011878026596181391,0.08335574,0.05664412,5.0,2.513356,2.486644,2.513356,2.486644,2.5,2.5,2.43,2.43,-1.9911570000000003e-09,1.991156e-09,0.0003318577,-0.0003318577,3.338946e-11,-3.338953e-11,1.957766e-09,-0.00038159260000000003,-1.957767e-09,1.957767e-09,4.9732890000000006e-05,-4.9732890000000006e-05,-3.339003e-11,3.338969e-11,-0.0003815906
0.001190945516760996,0.08235685,0.05764302,5.0,2.512357,2.487643,2.512357,2.487643,2.5,2.5,2.43,2.43,-1.8198029999999998e-09,1.8198029999999998e-09,0.0003032988,-0.0003032988,3.089228e-11,-3.089235e-11,1.7889109999999999e-09,-0.0003530535,-1.7889109999999999e-09,1.78891e-09,4.975286e-05,-4.975286e-05,-3.089261e-11,3.0892429999999997e-11,-0.00035305160000000005
0.001194088373903853,0.08146644,0.05853343,5.0,2.5114669999999997,2.4885330000000003,2.5114669999999997,2.4885330000000003,2.5,2.5,2.43,2.43,-1.6670629999999997e-09,1.667062e-09,0.000277842,-0.000277842,2.8666340000000003e-11,-2.866641e-11,1.6383970000000001e-09,-0.0003276143,-1.6383970000000001e-09,1.638395e-09,4.977067e-05,-4.977067e-05,-2.86664e-11,2.86664e-11,-0.0003276126
0.00119723123104671,0.08064475,0.05935512,5.0,2.5106450000000002,2.4893549999999998,2.5106450000000002,2.4893549999999998,2.5,2.5,2.43,2.43,-1.526101e-09,1.5261e-09,0.0002543486,-0.0002543486,2.6612090000000004e-11,-2.661216e-11,1.499489e-09,-0.0003041373,-1.499489e-09,1.499488e-09,4.97871e-05,-4.97871e-05,-2.6612729999999998e-11,2.6612140000000003e-11,-0.0003041357
0.001200374088189567,0.0798809,0.06011896,5.0,2.509881,2.490119,2.509881,2.490119,2.5,2.5,2.43,2.43,-1.3950620000000002e-09,1.3950610000000003e-09,0.00023250900000000002,-0.00023250900000000002,2.470244e-11,-2.470251e-11,1.370359e-09,-0.0002823128,-1.370359e-09,1.3703579999999998e-09,4.980238e-05,-4.980238e-05,-2.470343e-11,2.470245e-11,-0.0002823114
0.001203516945332423,0.0791749,0.06082496,5.0,2.509175,2.490825,2.509175,2.490825,2.5,2.5,2.43,2.43,-1.273945e-09,1.273945e-09,0.0002123232,-0.0002123232,2.293739e-11,-2.293746e-11,1.251007e-09,-0.0002621409,-1.2510080000000002e-09,1.251007e-09,4.981649999999999e-05,-4.981649999999999e-05,-2.293851e-11,2.293733e-11,-0.0002621397
0.0012066598024752801,0.07852675,0.06147312,5.0,2.508527,2.491473,2.508527,2.491473,2.5,2.5,2.43,2.43,-1.162752e-09,1.1627509999999998e-09,0.000193791,-0.000193791,2.1316939999999998e-11,-2.1317020000000002e-11,1.1414339999999999e-09,-0.0002436216,-1.141435e-09,1.1414339999999999e-09,4.982946e-05,-4.982946e-05,-2.1317960000000002e-11,2.131678e-11,-0.00024362049999999998
0.0012098026596181369,0.07793643,0.06206344,5.0,2.507936,2.492064,2.507936,2.492064,2.5,2.5,2.43,2.43,-1.061481e-09,1.0614800000000001e-09,0.00017691259999999998,-0.00017691259999999998,1.98411e-11,-1.984117e-11,1.0416389999999998e-09,-0.00022675490000000003,-1.0416400000000001e-09,1.0416389999999998e-09,4.9841270000000005e-05,-4.9841270000000005e-05,-1.984179e-11,1.9840810000000002e-11,-0.00022675389999999998
0.001212945516760994,0.07740396,0.06259591,5.0,2.507404,2.492596,2.507404,2.492596,2.5,2.5,2.43,2.43,-9.701338e-10,9.701327e-10,0.00016168790000000002,-0.00016168790000000002,1.850985e-11,-1.8509929999999998e-11,9.51623e-10,-0.00021154080000000003,-9.51624e-10,9.516228e-10,4.985192e-05,-4.985192e-05,-1.851e-11,1.850941e-11,-0.00021153979999999998
0.001216088373903851,0.07692933,0.06307054,5.0,2.506929,2.493071,2.506929,2.493071,2.5,2.5,2.43,2.43,-8.887091e-10,8.887078e-10,0.0001481169,-0.0001481169,1.732321e-11,-1.7323279999999998e-11,8.713852e-10,-0.00019797919999999997,-8.713861e-10,8.713843e-10,4.986141e-05,-4.986141e-05,-1.732259e-11,1.732259e-11,-0.00019797830000000002
0.0012192312310467081,0.07649127,0.06350859,5.0,2.506491,2.493509,2.506491,2.493509,2.5,2.5,2.43,2.43,-8.135619e-10,8.135605e-10,0.0001355927,-0.0001355927,1.622809e-11,-1.6228170000000002e-11,7.973329e-10,-0.0001854636,-7.973338e-10,7.973324e-10,4.987017e-05,-4.987017e-05,-1.6228179999999998e-11,1.622766e-11,-0.00018546290000000002
0.001222374088189565,0.07608404,0.06391582,5.0,2.506084,2.493916,2.506084,2.493916,2.5,2.5,2.43,2.43,-7.437047e-10,7.437034e-10,0.00012395,-0.00012395,1.521006e-11,-1.521014e-11,7.284936e-10,-0.0001738291,-7.284946e-10,7.284935e-10,4.987832e-05,-4.987832e-05,-1.521069e-11,1.52099e-11,-0.0001738284
0.001225516945332422,0.07570764,0.06429222,5.0,2.5057080000000003,2.4942919999999997,2.5057080000000003,2.4942919999999997,2.5,2.5,2.43,2.43,-6.791375e-10,6.791363e-10,0.00011318899999999999,-0.00011318899999999999,1.426912e-11,-1.42692e-11,6.648674e-10,-0.0001630755,-6.648684e-10,6.648674e-10,4.988585e-05,-4.988585e-05,-1.427009e-11,1.42693e-11,-0.0001630748
0.001228659802475279,0.07536207,0.06463779,5.0,2.505362,2.494638,2.505362,2.494638,2.5,2.5,2.43,2.43,-6.198604e-10,6.198594e-10,0.0001033095,-0.0001033095,1.3405260000000001e-11,-1.3405339999999999e-11,6.064542e-10,-0.0001532029,-6.064552e-10,6.064543e-10,4.989276e-05,-4.989276e-05,-1.34064e-11,1.340586e-11,-0.0001532023
0.001231802659618135,0.07504733,0.06495253,5.0,2.5050470000000002,2.4949529999999998,2.5050470000000002,2.4949529999999998,2.5,2.5,2.43,2.43,-5.658734e-10,5.658725e-10,9.431170000000001e-05,-9.431170000000001e-05,1.261849e-11,-1.261857e-11,5.53254e-10,-0.00014421129999999999,-5.53255e-10,5.53254e-10,4.9899049999999994e-05,-4.9899049999999994e-05,-1.261962e-11,1.261959e-11,-0.0001442108
0.001234945516760992,0.07476342,0.06523645,5.0,2.504763,2.495237,2.504763,2.495237,2.5,2.5,2.43,2.43,-5.171764e-10,5.171757e-10,8.619544e-05,-8.619544e-05,1.190881e-11,-1.190889e-11,5.052668e-10,-0.0001361007,-5.052678e-10,5.052667e-10,4.990473e-05,-4.990473e-05,-1.190973e-11,1.191048e-11,-0.00013610020000000002
0.001238088373903849,0.07451034,0.06548953,5.0,2.50451,2.49549,2.50451,2.49549,2.5,2.5,2.43,2.43,-4.737695e-10,4.73769e-10,7.896079e-05,-7.896079e-05,1.127621e-11,-1.127629e-11,4.624927e-10,-0.000128871,-4.624936e-10,4.624923e-10,4.990979e-05,-4.990979e-05,-1.1276760000000001e-11,1.127853e-11,-0.0001288706
0.001241231231046706,0.07427686,0.06572301,5.0,2.504277,2.495723,2.504277,2.495723,2.5,2.5,2.43,2.43,-4.337083e-10,4.337074e-10,7.228415e-05,-7.228415e-05,1.06924e-11,-1.069249e-11,4.230151e-10,-0.000122199,-4.230159e-10,4.230147e-10,4.991446e-05,-4.991446e-05,-1.069299e-11,1.069356e-11,-0.0001221986
0.001244374088189563,0.07405981,0.06594005,5.0,2.50406,2.49594,2.50406,2.49594,2.5,2.5,2.43,2.43,-3.964675e-10,3.964662e-10,6.607748e-05,-6.607748e-05,1.0149689999999999e-11,-1.014978e-11,3.863167e-10,-0.0001159967,-3.863175e-10,3.863165e-10,4.99188e-05,-4.99188e-05,-1.015034e-11,1.0150010000000001e-11,-0.00011599629999999999
0.00124751694533242,0.07385919,0.06614068,5.0,2.503859,2.496141,2.503859,2.496141,2.5,2.5,2.43,2.43,-3.620468e-10,3.620454e-10,6.034079000000001e-05,-6.034079000000001e-05,9.648079e-12,-9.648167e-12,3.523975e-10,-0.000110264,-3.523983e-10,3.523974e-10,4.9922820000000004e-05,-4.9922820000000004e-05,-9.648825e-12,9.647881e-12,-0.0001102636
0.0012506598024752769,0.073675,0.06632487,5.0,2.503675,2.496325,2.503675,2.496325,2.5,2.5,2.43,2.43,-3.304465e-10,3.304451e-10,5.507408e-05,-5.507408e-05,9.187558999999999e-12,-9.187648e-12,3.212576e-10,-0.0001050009,-3.212584e-10,3.212576e-10,4.99265e-05,-4.99265e-05,-9.188431e-12,9.187171000000001e-12,-0.00010500059999999999
0.001253802659618134,0.07350723,0.06649264,5.0,2.503507,2.496493,2.503507,2.496493,2.5,2.5,2.43,2.43,-3.016663e-10,3.016651e-10,5.027735e-05,-5.027735e-05,8.768133e-12,-8.768223e-12,2.928968e-10,-0.0001002075,-2.928977e-10,2.928971e-10,4.992986e-05,-4.992986e-05,-8.769163e-12,8.76788e-12,-0.0001002072
0.00125694551676099,0.07335588,0.06664398,5.0,2.503356,2.496644,2.503356,2.496644,2.5,2.5,2.43,2.43,-2.757065e-10,2.757056e-10,4.595060000000001e-05,-4.595060000000001e-05,8.389802e-12,-8.389893e-12,2.673152e-10,-9.588374e-05,-2.673163e-10,2.673158e-10,4.9932879999999996e-05,-4.9932879999999996e-05,-8.39102e-12,8.390009e-12,-9.588348e-05
0.001260088373903847,0.07322097,0.0667789,5.0,2.503221,2.496779,2.503221,2.496779,2.5,2.5,2.43,2.43,-2.525669e-10,2.525664e-10,4.209382000000001e-05,-4.209382000000001e-05,8.052566e-12,-8.052657000000001e-12,2.445129e-10,-9.202964e-05,-2.445142e-10,2.445137e-10,4.993558e-05,-4.993558e-05,-8.054002e-12,8.053558e-12,-9.202940000000001e-05
0.001263231231046704,0.07309644,0.06690343,5.0,2.503097,2.496903,2.503097,2.496903,2.5,2.5,2.43,2.43,-2.312094e-10,2.31209e-10,3.8534509999999996e-05,-3.8534509999999996e-05,7.741341e-12,-7.741433e-12,2.234669e-10,-8.84728e-05,-2.234681e-10,2.234676e-10,4.993807e-05,-4.993807e-05,-7.742157e-12,7.742055000000001e-12,-8.847258e-05
0.001266374088189561,0.07298069,0.06701918,5.0,2.502981,2.497019,2.502981,2.497019,2.5,2.5,2.43,2.43,-2.113558e-10,2.113553e-10,3.522575e-05,-3.522575e-05,7.452022999999999e-12,-7.452117e-12,2.039028e-10,-8.516634e-05,-2.039038e-10,2.039032e-10,4.994037999999999e-05,-4.994037999999999e-05,-7.45242e-12,7.452505000000001e-12,-8.516614e-05
0.0012695169453324179,0.07287372,0.06712615,5.0,2.5028740000000003,2.4971259999999997,2.5028740000000003,2.4971259999999997,2.5,2.5,2.43,2.43,-1.93006e-10,1.930054e-10,3.216754e-05,-3.216754e-05,7.184613e-12,-7.184708e-12,1.858205e-10,-8.211025e-05,-1.858214e-10,1.858207e-10,4.9942520000000006e-05,-4.9942520000000006e-05,-7.184792999999999e-12,7.184907000000001e-12,-8.211005999999999e-05
0.001272659802475275,0.07277552,0.06722434,5.0,2.502776,2.497224,2.502776,2.497224,2.5,2.5,2.43,2.43,-1.761599e-10,1.761592e-10,2.9359859999999997e-05,-2.9359859999999997e-05,6.939111e-12,-6.9392059999999996e-12,1.6922e-10,-7.930452e-05,-1.692209e-10,1.6922e-10,4.994449e-05,-4.994449e-05,-6.939275e-12,6.939262e-12,-7.930436e-05
0.001275802659618132,0.07268611,0.06731376,5.0,2.502686,2.497314,2.502686,2.497314,2.5,2.5,2.43,2.43,-1.608176e-10,1.608167e-10,2.6802740000000003e-05,-2.6802740000000003e-05,6.715516e-12,-6.715612e-12,1.541013e-10,-7.674916999999999e-05,-1.541021e-10,1.541012e-10,4.9946270000000005e-05,-4.9946270000000005e-05,-6.715867e-12,6.71557e-12,-7.674902e-05
0.0012789455167609891,0.07260547,0.0673944,5.0,2.502606,2.497394,2.502606,2.497394,2.5,2.5,2.43,2.43,-1.46979e-10,1.46978e-10,2.4496149999999998e-05,-2.4496149999999998e-05,6.513828e-12,-6.513926e-12,1.404645e-10,-7.444418e-05,-1.404653e-10,1.404641e-10,4.994789000000001e-05,-4.994789000000001e-05,-6.514567e-12,6.513831e-12,-7.444405e-05
0.001282088373903845,0.07253361,0.06746626,5.0,2.502534,2.497466,2.502534,2.497466,2.5,2.5,2.43,2.43,-1.346443e-10,1.34643e-10,2.244012e-05,-2.244012e-05,6.3340480000000005e-12,-6.334146e-12,1.283094e-10,-7.238957e-05,-1.283103e-10,1.283089e-10,4.994933e-05,-4.994933e-05,-6.3353769999999995e-12,6.334044000000001e-12,-7.238944999999999e-05
0.001285231231046702,0.07246719,0.06753268,5.0,2.5024669999999998,2.4975330000000002,2.5024669999999998,2.4975330000000002,2.5,2.5,2.43,2.43,-1.232579e-10,1.23257e-10,2.054266e-05,-2.054266e-05,6.168133999999999e-12,-6.168234e-12,1.170888e-10,-7.049343000000001e-05,-1.170899e-10,1.170887e-10,4.995065e-05,-4.995065e-05,-6.169091e-12,6.168306e-12,-7.049332e-05
0.001288374088189559,0.07240546,0.06759441,5.0,2.502406,2.497594,2.502406,2.497594,2.5,2.5,2.43,2.43,-1.126734e-10,1.126728e-10,1.8778770000000002e-05,-1.8778770000000002e-05,6.013899e-12,-6.014e-12,1.066585e-10,-6.873076999999999e-05,-1.066598e-10,1.066587e-10,4.9951890000000005e-05,-4.9951890000000005e-05,-6.014607e-12,6.0141669999999995e-12,-6.873065999999999e-05
0.001291516945332416,0.07234841,0.06765145,5.0,2.502348,2.497652,2.502348,2.497652,2.5,2.5,2.43,2.43,-1.028909e-10,1.028903e-10,1.714844e-05,-1.714844e-05,5.8713430000000004e-12,-5.8714449999999995e-12,9.701847e-11,-6.710156999999999e-05,-9.701989e-11,9.701881e-11,4.9953029999999996e-05,-4.9953029999999996e-05,-5.871926e-12,5.871626e-12,-6.710147e-05
0.001294659802475273,0.07229606,0.0677038,5.0,2.502296,2.497704,2.502296,2.497704,2.5,2.5,2.43,2.43,-9.391026e-11,9.390961999999999e-11,1.565168e-05,-1.565168e-05,5.740466e-12,-5.740569e-12,8.816879e-11,-6.560584e-05,-8.817015e-11,8.816905999999999e-11,4.9954079999999995e-05,-4.9954079999999995e-05,-5.741046e-12,5.740683e-12,-6.560575e-05
0.0012978026596181301,0.07224841,0.06775146,5.0,2.502248,2.497752,2.502248,2.497752,2.5,2.5,2.43,2.43,-8.573155999999999e-11,8.573069000000001e-11,1.4288479999999999e-05,-1.4288479999999999e-05,5.621268e-12,-5.621372e-12,8.010942e-11,-6.424359e-05,-8.011059e-11,8.010946e-11,4.9955029999999994e-05,-4.9955029999999994e-05,-5.621969e-12,5.621338e-12,-6.424351e-05
0.0013009455167609868,0.07220544,0.06779443,5.0,2.502206,2.497794,2.502206,2.497794,2.5,2.5,2.43,2.43,-7.835478e-11,7.835353e-11,1.305884e-05,-1.305884e-05,5.513749e-12,-5.513854e-12,7.284035e-11,-6.301480999999999e-05,-7.284120999999999e-11,7.284e-11,4.995589e-05,-4.995589e-05,-5.514694e-12,5.513592e-12,-6.301473000000001e-05
0.001304088373903844,0.07216716,0.06783271,5.0,2.502167,2.497833,2.502167,2.497833,2.5,2.5,2.43,2.43,-7.177991999999999e-11,7.177814000000001e-11,1.196277e-05,-1.196277e-05,5.417908e-12,-5.418014e-12,6.636158e-11,-6.19195e-05,-6.636203e-11,6.636069e-11,4.995666e-05,-4.995666e-05,-5.419221e-12,5.417444e-12,-6.191943e-05
0.001307231231046701,0.07213176,0.06786811,5.0,2.502132,2.497868,2.502132,2.497868,2.5,2.5,2.43,2.43,-6.570923e-11,6.570788e-11,1.095124e-05,-1.095124e-05,5.32946e-12,-5.329567e-12,6.037915e-11,-6.090866999999999e-05,-6.037971e-11,6.037872e-11,4.995736e-05,-4.995736e-05,-5.3301980000000005e-12,5.32945e-12,-6.0908609999999996e-05
0.001310374088189557,0.07209884,0.06790102,5.0,2.5020990000000003,2.4979009999999997,2.5020990000000003,2.4979009999999997,2.5,2.5,2.43,2.43,-6.006624e-11,6.006524e-11,1.0010919999999999e-05,-1.0010919999999999e-05,5.247237e-12,-5.247344999999999e-12,5.481824e-11,-5.996899e-05,-5.4818890000000003e-11,5.4818159999999996e-11,4.995802e-05,-4.995802e-05,-5.247609e-12,5.247567e-12,-5.9968940000000004e-05
0.0013135169453324142,0.07206842,0.06793144,5.0,2.502068,2.497932,2.502068,2.497932,2.5,2.5,2.43,2.43,-5.485095e-11,5.4850219999999994e-11,9.141794999999999e-06,-9.141794999999999e-06,5.171241000000001e-12,-5.17135e-12,4.967885e-11,-5.910047e-05,-4.967958e-11,4.9679e-11,4.995863e-05,-4.995863e-05,-5.171453e-12,5.1717959999999995e-12,-5.9100419999999995e-05
0.001316659802475271,0.07204049,0.06795937,5.0,2.502041,2.497959,2.502041,2.497959,2.5,2.5,2.43,2.43,-5.006335e-11,5.006281e-11,8.343874e-06,-8.343874e-06,5.10147e-12,-5.1015800000000006e-12,4.4960970000000003e-11,-5.83031e-05,-4.496176e-11,4.496125e-11,4.995919e-05,-4.995919e-05,-5.101731e-12,5.1021379999999996e-12,-5.830306e-05
0.0013198026596181278,0.07201506,0.06798481,5.0,2.502015,2.497985,2.502015,2.497985,2.5,2.5,2.43,2.43,-4.570344e-11,4.570302e-11,7.617156e-06,-7.617156e-06,5.037926e-12,-5.0380370000000005e-12,4.066461e-11,-5.757689e-05,-4.066545e-11,4.0664909999999996e-11,4.99597e-05,-4.99597e-05,-5.038443e-12,5.0385910000000004e-12,-5.7576850000000004e-05
0.001322945516760985,0.07199211,0.06800776,5.0,2.501992,2.498008,2.501992,2.498008,2.5,2.5,2.43,2.43,-4.177124e-11,4.177084e-11,6.96164e-06,-6.96164e-06,4.980607e-12,-4.980719e-12,3.678977e-11,-5.692183000000001e-05,-3.6790640000000004e-11,3.678997e-11,4.9960150000000006e-05,-4.9960150000000006e-05,-4.981588e-12,4.981157e-12,-5.692179e-05
0.001326088373903842,0.07197165,0.06802821,5.0,2.5019720000000003,2.4980279999999997,2.5019720000000003,2.4980279999999997,2.5,2.5,2.43,2.43,-3.826672e-11,3.826628e-11,6.3773270000000004e-06,-6.3773270000000004e-06,4.929514e-12,-4.929627e-12,3.3336440000000005e-11,-5.6337930000000004e-05,-3.333733e-11,3.3336440000000005e-11,4.9960559999999995e-05,-4.9960559999999995e-05,-4.931167e-12,4.929834e-12,-5.633789000000001e-05
0.001329374088189556,0.07195201,0.06804786,5.0,2.501952,2.498048,2.501952,2.498048,2.5,2.5,2.43,2.43,-3.489487e-11,3.489423e-11,5.8154650000000006e-06,-5.8154650000000006e-06,4.8803849999999995e-12,-4.880499e-12,3.001359e-11,-5.577645000000001e-05,-3.001475e-11,3.00136e-11,4.9960959999999995e-05,-4.9960959999999995e-05,-4.882015e-12,4.880496e-12,-5.577642e-05
0.00133265980247527,0.0719338,0.06806607,5.0,2.501934,2.498066,2.501934,2.498066,2.5,2.5,2.43,2.43,-3.176866e-11,3.176783e-11,5.294537e-06,-5.294537e-06,4.834834e-12,-4.83495e-12,2.693283e-11,-5.525589e-05,-2.6934140000000003e-11,2.6932840000000002e-11,4.996132000000001e-05,-4.996132000000001e-05,-4.8363480000000005e-12,4.834809e-12,-5.525585999999999e-05
0.0013359455167609839,0.07191703,0.06808283,5.0,2.5019169999999997,2.4980830000000003,2.5019169999999997,2.4980830000000003,2.5,2.5,2.43,2.43,-2.88881e-11,2.8887079999999998e-11,4.814542e-06,-4.814542e-06,4.7928629999999995e-12,-4.792979e-12,2.409415e-11,-5.4776219999999994e-05,-2.40955e-11,2.409416e-11,4.9961660000000004e-05,-4.9961660000000004e-05,-4.794164e-12,4.792775e-12,-5.47762e-05
0.001339231231046698,0.07190171,0.06809816,5.0,2.501902,2.498098,2.501902,2.498098,2.5,2.5,2.43,2.43,-2.62532e-11,2.625199e-11,4.375482e-06,-4.375482e-06,4.754471e-12,-4.754589e-12,2.149756e-11,-5.433746999999999e-05,-2.149885e-11,2.149757e-11,4.996196e-05,-4.996196e-05,-4.755465e-12,4.754393e-12,-5.4337449999999996e-05
0.001342516945332412,0.07188782,0.06811205,5.0,2.501888,2.498112,2.501888,2.498112,2.5,2.5,2.43,2.43,-2.386394e-11,2.3862539999999998e-11,3.977356e-06,-3.977356e-06,4.7196589999999995e-12,-4.719777e-12,1.914306e-11,-5.3939619999999996e-05,-1.9144179999999997e-11,1.9143070000000003e-11,4.9962240000000004e-05,-4.9962240000000004e-05,-4.72025e-12,4.7196629999999994e-12,-5.39396e-05
0.001345802659618126,0.07187537,0.06812449,5.0,2.501875,2.498125,2.501875,2.498125,2.5,2.5,2.43,2.43,-2.172033e-11,2.171874e-11,3.620164e-06,-3.620164e-06,4.688425e-12,-4.688545e-12,1.703065e-11,-5.3582669999999996e-05,-1.703148e-11,1.703065e-11,4.996249e-05,-4.996249e-05,-4.688519e-12,4.688586e-12,-5.3582659999999995e-05
0.00134908837390384,0.07186437,0.0681355,5.0,2.501864,2.498136,2.501864,2.498136,2.5,2.5,2.43,2.43,-1.982237e-11,1.982059e-11,3.303906e-06,-3.303906e-06,4.660771e-12,-4.6608919999999995e-12,1.516032e-11,-5.3266630000000005e-05,-1.5160760000000002e-11,1.516032e-11,4.9962709999999996e-05,-4.9962709999999996e-05,-4.660272e-12,4.66116e-12,-5.326661999999999e-05
0.001352374088189554,0.07185418,0.06814569,5.0,2.5018540000000002,2.4981459999999998,2.5018540000000002,2.4981459999999998,2.5,2.5,2.43,2.43,-1.80762e-11,1.807491e-11,3.012821e-06,-3.012821e-06,4.635318e-12,-4.63544e-12,1.3439810000000001e-11,-5.297575e-05,-1.344052e-11,1.3439670000000001e-11,4.9962920000000004e-05,-4.9962920000000004e-05,-4.6354559999999994e-12,4.635864e-12,-5.2975740000000005e-05
0.001355659802475268,0.07184473,0.06815514,5.0,2.501845,2.498155,2.501845,2.498155,2.5,2.5,2.43,2.43,-1.645735e-11,1.645641e-11,2.742944e-06,-2.742944e-06,4.61172e-12,-4.611843e-12,1.18447e-11,-5.270606e-05,-1.184559e-11,1.184449e-11,4.996311e-05,-4.996311e-05,-4.612293e-12,4.612317e-12,-5.2706049999999997e-05
0.001358945516760982,0.07183602,0.06816385,5.0,2.501836,2.498164,2.501836,2.498164,2.5,2.5,2.43,2.43,-1.49658e-11,1.496511e-11,2.494273e-06,-2.494273e-06,4.589976e-12,-4.5900989999999994e-12,1.0374980000000001e-11,-5.2457559999999994e-05,-1.0375960000000001e-11,1.037477e-11,4.9963279999999995e-05,-4.9963279999999995e-05,-4.590783e-12,4.590519999999999e-12,-5.245755e-05
0.001362231231046696,0.07182805,0.06817182,5.0,2.5018279999999997,2.4981720000000003,2.5018279999999997,2.4981720000000003,2.5,2.5,2.43,2.43,-1.3601560000000001e-11,1.360099e-11,2.266809e-06,-2.266809e-06,4.570086e-12,-4.570211e-12,9.030655999999999e-12,-5.223026e-05,-9.031642e-12,9.030513e-12,4.996344e-05,-4.996344e-05,-4.570926e-12,4.570473e-12,-5.223025e-05
0.00136551694533241,0.07182082,0.06817905,5.0,2.501821,2.498179,2.501821,2.498179,2.5,2.5,2.43,2.43,-1.236462e-11,1.236407e-11,2.060551e-06,-2.060551e-06,4.55205e-12,-4.552176e-12,7.811731e-12,-5.2024140000000005e-05,-7.812627000000001e-12,7.811717e-12,4.996358e-05,-4.996358e-05,-4.552722e-12,4.552175e-12,-5.202413e-05
0.001368802659618124,0.07181433,0.06818554,5.0,2.501814,2.498186,2.501814,2.498186,2.5,2.5,2.43,2.43,-1.125499e-11,1.125433e-11,1.8755e-06,-1.8755e-06,4.535869e-12,-4.535996e-12,6.718200999999999e-12,-5.1839220000000005e-05,-6.718916000000001e-12,6.718383e-12,4.996371e-05,-4.996371e-05,-4.536171e-12,4.535627e-12,-5.183920999999999e-05
0.001372088373903838,0.07180858,0.06819129,5.0,2.501809,2.498191,2.501809,2.498191,2.5,2.5,2.43,2.43,-1.027267e-11,1.027178e-11,1.7116560000000001e-06,-1.7116560000000001e-06,4.521542e-12,-4.52167e-12,5.7500669999999994e-12,-5.167549e-05,-5.750511e-12,5.750511e-12,4.996383e-05,-4.996383e-05,-4.521272e-12,4.520828e-12,-5.1675479999999995e-05
0.001375659802475266,0.07180282,0.06819705,5.0,2.5018029999999998,2.4981970000000002,2.5018029999999998,2.4981970000000002,2.5,2.5,2.43,2.43,-9.295189e-12,9.294286999999999e-12,1.5488589999999998e-06,-1.5488589999999998e-06,4.507306e-12,-4.507436e-12,4.786844e-12,-5.15128e-05,-4.7874910000000004e-12,4.787071e-12,4.996394e-05,-4.996394e-05,-4.507437e-12,4.506829e-12,-5.15128e-05
0.001379231231046694,0.07179752,0.06820234,5.0,2.501798,2.498202,2.501798,2.498202,2.5,2.5,2.43,2.43,-8.393553e-12,8.392663e-12,1.398699e-06,-1.398699e-06,4.494176e-12,-4.494306e-12,3.898416e-12,-5.136275e-05,-3.899156e-12,3.898456e-12,4.9964049999999995e-05,-4.9964049999999995e-05,-4.4945550000000005e-12,4.493922e-12,-5.136275e-05
0.001382802659618123,0.07179269,0.06820717,5.0,2.501793,2.498207,2.501793,2.498207,2.5,2.5,2.43,2.43,-7.567766e-12,7.566914e-12,1.2611780000000001e-06,-1.2611780000000001e-06,4.48215e-12,-4.482282e-12,3.0847830000000002e-12,-5.122532e-05,-3.085507e-12,3.084666e-12,4.996414000000001e-05,-4.996414000000001e-05,-4.482627e-12,4.482107e-12,-5.122532e-05
0.001386374088189551,0.07178834,0.06821153,5.0,2.501788,2.498212,2.501788,2.498212,2.5,2.5,2.43,2.43,-6.817825999999999e-12,6.817036999999999e-12,1.136294e-06,-1.136294e-06,4.47123e-12,-4.471362999999999e-12,2.345945e-12,-5.110053e-05,-2.3465419999999998e-12,2.345702e-12,4.996423e-05,-4.996423e-05,-4.471651e-12,4.471386e-12,-5.110052e-05
0.001389945516760979,0.07178444,0.06821542,5.0,2.501785,2.498215,2.501785,2.498215,2.5,2.5,2.43,2.43,-6.143734e-12,6.1430339999999994e-12,1.024048e-06,-1.024048e-06,4.4614139999999996e-12,-4.461549e-12,1.6819029999999998e-12,-5.098835999999999e-05,-1.682263e-12,1.681563e-12,4.996430999999999e-05,-4.996430999999999e-05,-4.461629e-12,4.461757e-12,-5.098835999999999e-05
0.001393516945332407,0.07178102,0.06821885,5.0,2.5017810000000003,2.4982189999999997,2.5017810000000003,2.4982189999999997,2.5,2.5,2.43,2.43,-5.5454900000000004e-12,5.544905e-12,9.244406999999999e-07,-9.244406999999999e-07,4.452704e-12,-4.452839e-12,1.092656e-12,-5.088882000000001e-05,-1.092669e-12,1.092249e-12,4.9964380000000004e-05,-4.9964380000000004e-05,-4.45256e-12,4.453221e-12,-5.088882000000001e-05
0.001397088373903836,0.07177806,0.06822181,5.0,2.501778,2.498222,2.501778,2.498222,2.5,2.5,2.43,2.43,-5.023093e-12,5.022649e-12,8.374710000000001e-07,-8.374710000000001e-07,4.4450989999999995e-12,-4.445235e-12,5.782041999999999e-13,-5.080191e-05,-5.777601e-13,5.777601e-13,4.996444e-05,-4.996444e-05,-4.444445e-12,4.445777e-12,-5.080191e-05
0.001400945516760978,0.07177499,0.06822487,5.0,2.501775,2.498225,2.501775,2.498225,2.5,2.5,2.43,2.43,-4.511407e-12,4.510385e-12,7.520453000000001e-07,-7.520453000000001e-07,4.437629e-12,-4.437766e-12,7.354011e-14,-5.0716540000000004e-05,-7.335533e-14,7.302876e-14,4.99645e-05,-4.99645e-05,-4.437461e-12,4.4378699999999995e-12,-5.0716540000000004e-05
0.0014048026596181211,0.0717722,0.06822767,5.0,2.5017720000000003,2.4982279999999997,2.5017720000000003,2.4982279999999997,2.5,2.5,2.43,2.43,-4.041751e-12,4.0403650000000004e-12,6.736428e-07,-6.736428e-07,4.430772e-12,-4.430911e-12,-3.8963720000000004e-13,-5.06382e-05,3.895222e-13,-3.901511e-13,4.996455e-05,-4.996455e-05,-4.431007e-12,4.430717e-12,-5.06382e-05
0.0014086598024752631,0.07176968,0.06823019,5.0,2.50177,2.49823,2.50177,2.49823,2.5,2.5,2.43,2.43,-3.614125e-12,3.6125879999999997e-12,6.022636e-07,-6.022636e-07,4.42453e-12,-4.424671e-12,-8.113276999999999e-13,-5.0566869999999997e-05,8.108725999999999e-13,-8.117795e-13,4.99646e-05,-4.99646e-05,-4.4250839999999994e-12,4.424317e-12,-5.0566869999999997e-05
0.001412516945332406,0.07176743,0.06823243,5.0,2.5017669999999996,2.4982330000000004,2.5017669999999996,2.4982330000000004,2.5,2.5,2.43,2.43,-3.228529e-12,3.227055e-12,5.379075000000001e-07,-5.379075000000001e-07,4.418903e-12,-4.419044e-12,-1.191532e-12,-5.050255e-05,1.1906959999999999e-12,-1.191856e-12,4.996465e-05,-4.996465e-05,-4.419692e-12,4.4186709999999996e-12,-5.050256e-05
0.001416374088189548,0.07176546,0.06823441,5.0,2.501766,2.498234,2.501766,2.498234,2.5,2.5,2.43,2.43,-2.884962e-12,2.883766e-12,4.805748e-07,-4.805748e-07,4.413889e-12,-4.414032e-12,-1.5302489999999999e-12,-5.044526e-05,1.528992e-12,-1.530382e-12,4.996469e-05,-4.996469e-05,-4.4148300000000005e-12,4.413778e-12,-5.044526e-05
0.001420231231046691,0.07176375,0.06823611,5.0,2.501764,2.498236,2.501764,2.498236,2.5,2.5,2.43,2.43,-2.5834259999999997e-12,2.58272e-12,4.3026519999999995e-07,-4.3026519999999995e-07,4.409489e-12,-4.409633e-12,-1.827479e-12,-5.039499e-05,1.8257599999999997e-12,-1.827356e-12,4.9964719999999994e-05,-4.9964719999999994e-05,-4.410498000000001e-12,4.409639e-12,-5.039499e-05
0.001424088373903834,0.07176232,0.06823754,5.0,2.501762,2.498238,2.501762,2.498238,2.5,2.5,2.43,2.43,-2.323919e-12,2.323919e-12,3.869789e-07,-3.869789e-07,4.405704e-12,-4.405849e-12,-2.083222e-12,-5.0351729999999996e-05,2.081002e-12,-2.0827779999999998e-12,4.996475e-05,-4.996475e-05,-4.4066970000000005e-12,4.406253e-12,-5.0351729999999996e-05
0.001428659802475262,0.0717607,0.06823917,5.0,2.501761,2.498239,2.501761,2.498239,2.5,2.5,2.43,2.43,-2.047182e-12,2.046923e-12,3.4103299999999995e-07,-3.4103299999999995e-07,4.401686e-12,-4.401832e-12,-2.355783e-12,-5.0305820000000003e-05,2.354022e-12,-2.355545e-12,4.9964790000000006e-05,-4.9964790000000006e-05,-4.4027160000000006e-12,4.402229e-12,-5.0305820000000003e-05
0.0014332312310466901,0.07175923,0.06824064,5.0,2.501759,2.498241,2.501759,2.498241,2.5,2.5,2.43,2.43,-1.796416e-12,1.7959419999999999e-12,2.993555e-07,-2.993555e-07,4.398041000000001e-12,-4.398188e-12,-2.602728e-12,-5.0264170000000004e-05,2.601379e-12,-2.602671e-12,4.996481e-05,-4.996481e-05,-4.399046e-12,4.398552e-12,-5.0264170000000004e-05
0.001437802659618118,0.07175792,0.06824195,5.0,2.501758,2.498242,2.501758,2.498242,2.5,2.5,2.43,2.43,-1.5716200000000001e-12,1.570976e-12,2.619465e-07,-2.619465e-07,4.3947690000000005e-12,-4.394918e-12,-2.8240590000000002e-12,-5.022678e-05,2.823075e-12,-2.824156e-12,4.996484e-05,-4.996484e-05,-4.395689e-12,4.395223e-12,-5.022679e-05
0.0014423740881895461,0.07175676,0.06824311,5.0,2.501757,2.498243,2.501757,2.498243,2.5,2.5,2.43,2.43,-1.3727950000000001e-12,1.372024e-12,2.2880579999999998e-07,-2.2880579999999998e-07,4.39187e-12,-4.392021e-12,-3.019776e-12,-5.0193670000000005e-05,3.019109e-12,-3.0199990000000003e-12,4.996486e-05,-4.996486e-05,-4.392643e-12,4.392242e-12,-5.0193670000000005e-05
0.0014469455167609741,0.07175575,0.06824411,5.0,2.5017560000000003,2.4982439999999997,2.5017560000000003,2.4982439999999997,2.5,2.5,2.43,2.43,-1.19994e-12,1.1990870000000002e-12,1.999335e-07,-1.999335e-07,4.389345e-12,-4.389497e-12,-3.189877e-12,-5.016481e-05,3.18948e-12,-3.1902009999999996e-12,4.9964880000000005e-05,-4.9964880000000005e-05,-4.38991e-12,4.389607e-12,-5.016482e-05
0.001451516945332403,0.07175491,0.06824496,5.0,2.5017549999999997,2.4982450000000003,2.5017549999999997,2.4982450000000003,2.5,2.5,2.43,2.43,-1.0530559999999999e-12,1.052164e-12,1.753296e-07,-1.753296e-07,4.387193e-12,-4.387346e-12,-3.334365e-12,-5.014023e-05,3.33419e-12,-3.334762e-12,4.99649e-05,-4.99649e-05,-4.38749e-12,4.3873199999999995e-12,-5.014023e-05
0.001456088373903831,0.07175422,0.06824565,5.0,2.501754,2.498246,2.501754,2.498246,2.5,2.5,2.43,2.43,-9.321433e-13,9.312551e-13,1.549942e-07,-1.549942e-07,4.385414e-12,-4.385569e-12,-3.4532379999999996e-12,-5.011991e-05,3.4532379999999996e-12,-3.453682e-12,4.996492e-05,-4.996492e-05,-4.385381e-12,4.385381e-12,-5.011991e-05
0.001461945516760973,0.07175332,0.06824654,5.0,2.501753,2.498247,2.501753,2.498247,2.5,2.5,2.43,2.43,-7.949484e-13,7.941769e-13,1.322109e-07,-1.322109e-07,4.383421e-12,-4.383578e-12,-3.588723e-12,-5.009714e-05,3.588447e-12,-3.589161e-12,4.9964929999999995e-05,-4.9964929999999995e-05,-4.383617e-12,4.383498e-12,-5.009714e-05
0.001467802659618116,0.07175254,0.06824732,5.0,2.501753,2.498247,2.501753,2.498247,2.5,2.5,2.43,2.43,-6.727161999999999e-13,6.720647e-13,1.1192669999999999e-07,-1.1192669999999999e-07,4.381646e-12,-4.381805e-12,-3.709436e-12,-5.007687e-05,3.7088910000000005e-12,-3.709784e-12,4.996495e-05,-4.996495e-05,-4.382018e-12,4.381819e-12,-5.007687e-05
0.0014736598024752581,0.07175188,0.06824798,5.0,2.501752,2.498248,2.501752,2.498248,2.5,2.5,2.43,2.43,-5.654465e-13,5.649184000000001e-13,9.414174000000001e-08,-9.414174000000001e-08,4.38009e-12,-4.380251e-12,-3.815374e-12,-5.005909e-05,3.814569e-12,-3.815552e-12,4.9964960000000004e-05,-4.9964960000000004e-05,-4.380584e-12,4.380345e-12,-5.0059099999999996e-05
0.0014795169453324,0.07175134,0.06824853,5.0,2.501751,2.498249,2.501751,2.498249,2.5,2.5,2.43,2.43,-4.731393e-13,4.727382e-13,7.885594e-08,-7.885594e-08,4.378753e-12,-4.378915e-12,-3.9065400000000004e-12,-5.0043820000000005e-05,3.90548e-12,-3.906463e-12,4.9964970000000005e-05,-4.9964970000000005e-05,-4.379315e-12,4.379077e-12,-5.004383e-05
0.001485374088189543,0.07175091,0.06824896,5.0,2.501751,2.498249,2.501751,2.498249,2.5,2.5,2.43,2.43,-3.9579479999999997e-13,3.95524e-13,6.60693e-08,-6.60693e-08,4.377634e-12,-4.377798000000001e-12,-3.982931e-12,-5.0031040000000005e-05,3.981625e-12,-3.9825190000000005e-12,4.996498e-05,-4.996498e-05,-4.3782120000000005e-12,4.3780129999999996e-12,-5.003104999999999e-05
0.001491231231046685,0.0717506,0.06824927,5.0,2.501751,2.498249,2.501751,2.498249,2.5,2.5,2.43,2.43,-3.334128e-13,3.332757e-13,5.578183e-08,-5.578183e-08,4.3767339999999996e-12,-4.3768989999999995e-12,-4.0445489999999996e-12,-5.002076e-05,4.043004e-12,-4.043718e-12,4.996499e-05,-4.996499e-05,-4.3772730000000005e-12,4.377153e-12,-5.0020770000000005e-05
0.0014970883739038269,0.0717504,0.06824946,5.0,2.50175,2.49825,2.50175,2.49825,2.5,2.5,2.43,2.43,-2.859935e-13,2.859935e-13,4.799352e-08,-4.799352e-08,4.376052e-12,-4.376219e-12,-4.091394e-12,-5.0012979999999996e-05,4.089618e-12,-4.090062e-12,4.996499e-05,-4.996499e-05,-4.376499e-12,4.376499e-12,-5.0012979999999996e-05
0.001506231231046684,0.07175008,0.06824979,5.0,2.50175,2.49825,2.50175,2.49825,2.5,2.5,2.43,2.43,-2.2722670000000002e-13,2.2690770000000002e-13,3.797252e-08,-3.797252e-08,4.375174e-12,-4.375344e-12,-4.149136e-12,-5.000297000000001e-05,4.1477410000000004e-12,-4.148424e-12,4.9965e-05,-4.9965e-05,-4.375668e-12,4.37568e-12,-5.000297000000001e-05
0.00151537408818954,0.0717498,0.06825007,5.0,2.50175,2.49825,2.50175,2.49825,2.5,2.5,2.43,2.43,-1.7656589999999998e-13,1.75992e-13,2.937307e-08,-2.937307e-08,4.374421e-12,-4.374594e-12,-4.198913e-12,-4.999437e-05,4.197825e-12,-4.198689e-12,4.9965e-05,-4.9965e-05,-4.374966e-12,4.374944e-12,-4.999438e-05
0.0015245169453323962,0.07174956,0.06825031,5.0,2.50175,2.49825,2.50175,2.49825,2.5,2.5,2.43,2.43,-1.3401120000000001e-13,1.332464e-13,2.2195169999999996e-08,-2.2195169999999996e-08,4.373792e-12,-4.373968e-12,-4.240725e-12,-4.99872e-05,4.239869e-12,-4.2408550000000005e-12,4.996501e-05,-4.996501e-05,-4.374392e-12,4.37429e-12,-4.9987209999999995e-05
0.0015336598024752528,0.07174935,0.06825052,5.0,2.5017490000000002,2.4982509999999998,2.5017490000000002,2.4982509999999998,2.5,2.5,2.43,2.43,-9.956258e-14,9.86709e-14,1.643882e-08,-1.643882e-08,4.373287e-12,-4.373466e-12,-4.274571e-12,-4.9981450000000006e-05,4.273874e-12,-4.274923e-12,4.996501e-05,-4.996501e-05,-4.3739480000000004e-12,4.373719e-12,-4.9981450000000006e-05
0.001542802659618109,0.07174919,0.06825068,5.0,2.5017490000000002,2.4982509999999998,2.5017490000000002,2.4982509999999998,2.5,2.5,2.43,2.43,-7.322e-14,7.226546e-14,1.2104030000000002e-08,-1.2104030000000002e-08,4.372907e-12,-4.373088e-12,-4.300451e-12,-4.9977109999999994e-05,4.299839e-12,-4.300892e-12,4.996502e-05,-4.996502e-05,-4.373633e-12,4.373231e-12,-4.997712000000001e-05
0.001551945516760966,0.07174906,0.06825081,5.0,2.5017490000000002,2.4982509999999998,2.5017490000000002,2.4982509999999998,2.5,2.5,2.43,2.43,-5.4983479999999995e-14,5.4030110000000003e-14,9.190779e-09,-9.190778e-09,4.3726510000000005e-12,-4.372835e-12,-4.3183660000000004e-12,-4.99742e-05,4.317764e-12,-4.318764e-12,4.996502e-05,-4.996502e-05,-4.373447e-12,4.372825e-12,-4.9974209999999994e-05
0.0015610883739038222,0.07174897,0.06825089,5.0,2.5017490000000002,2.4982509999999998,2.5017490000000002,2.4982509999999998,2.5,2.5,2.43,2.43,-4.485301e-14,4.396483e-14,7.69908e-09,-7.69908e-09,4.372519e-12,-4.372706e-12,-4.328315e-12,-4.997271e-05,4.3276489999999995e-12,-4.328538e-12,4.996502e-05,-4.996502e-05,-4.373391e-12,4.372501999999999e-12,-4.997272e-05
0.001583659802475249,0.07174888,0.06825099,5.0,2.5017490000000002,2.4982509999999998,2.5017490000000002,2.4982509999999998,2.5,2.5,2.43,2.43,-2.984211e-14,2.898532e-14,5.022710999999999e-09,-5.022710999999999e-09,4.372280999999999e-12,-4.372475e-12,-4.3432550000000006e-12,-4.997004e-05,4.342444e-12,-4.343344e-12,4.996502e-05,-4.996502e-05,-4.3730440000000004e-12,4.3726519999999995e-12,-4.997004e-05
0.001606231231046675,0.07174881,0.06825106,5.0,2.5017490000000002,2.4982509999999998,2.5017490000000002,2.4982509999999998,2.5,2.5,2.43,2.43,-1.765669e-14,1.684197e-14,2.8758429999999996e-09,-2.8758429999999996e-09,4.37209e-12,-4.372291e-12,-4.355361e-12,-4.9967890000000006e-05,4.354453e-12,-4.3553620000000005e-12,4.996502e-05,-4.996502e-05,-4.37275e-12,4.372688e-12,-4.99679e-05
0.001628802659618102,0.07174875,0.06825111,5.0,2.5017490000000002,2.4982509999999998,2.5017490000000002,2.4982509999999998,2.5,2.5,2.43,2.43,-8.29675e-15,7.534787e-15,1.2584769999999999e-09,-1.2584769999999999e-09,4.371945e-12,-4.372152e-12,-4.364633e-12,-4.9966279999999995e-05,4.363677e-12,-4.36459e-12,4.996502e-05,-4.996502e-05,-4.372508e-12,4.372611e-12,-4.9966279999999995e-05
0.001651374088189529,0.07174872,0.06825115,5.0,2.5017490000000002,2.4982509999999998,2.5017490000000002,2.4982509999999998,2.5,2.5,2.43,2.43,-1.762295e-15,1.063773e-15,1.706123e-10,-1.706122e-10,4.371847e-12,-4.372061e-12,-4.371073e-12,-4.996519e-05,4.370116e-12,-4.37103e-12,4.996502e-05,-4.996502e-05,-4.372317e-12,4.37242e-12,-4.996519e-05
0.001673945516760955,0.0717487,0.06825116,5.0,2.5017490000000002,2.4982509999999998,2.5017490000000002,2.4982509999999998,2.5,2.5,2.43,2.43,1.946679e-15,-2.571074e-15,-3.877507e-10,3.877508e-10,4.371795e-12,-4.372015e-12,-4.374679e-12,-4.9964629999999995e-05,4.373771e-12,-4.3746800000000005e-12,4.996502e-05,-4.996502e-05,-4.372179e-12,4.372117e-12,-4.996464e-05
0.001696516945332382,0.07174871,0.06825116,5.0,2.5017490000000002,2.4982509999999998,2.5017490000000002,2.4982509999999998,2.5,2.5,2.43,2.43,2.83017e-15,-3.3697540000000004e-15,-4.166121e-10,4.166122e-10,4.371789e-12,-4.372016000000001e-12,-4.3754510000000005e-12,-4.99646e-05,4.37464e-12,-4.375541000000001e-12,4.996502e-05,-4.996502e-05,-4.372093e-12,4.3717e-12,-4.996460999999999e-05
0.001719088373903809,0.07174873,0.06825113,5.0,2.5017490000000002,2.4982509999999998,2.5017490000000002,2.4982509999999998,2.5,2.5,2.43,2.43,8.881784e-16,-1.3322679999999998e-15,8.402812e-11,-8.402812e-11,4.37183e-12,-4.3720629999999996e-12,-4.373391e-12,-4.99651e-05,4.372724e-12,-4.373613e-12,4.996502e-05,-4.996502e-05,-4.372058e-12,4.3711699999999994e-12,-4.9965109999999994e-05
0.001999088373903795,0.07174873,0.06825113,5.0,2.5017490000000002,2.4982509999999998,2.5017490000000002,2.4982509999999998,2.5,2.5,2.43,2.43,-3.631608e-13,3.629696e-13,-3.34992e-13,3.352243e-13,4.371785e-12,-4.372093e-12,-4.009997e-12,-4.996502e-05,4.008665e-12,-4.009089e-12,4.996502e-05,-4.996502e-05,-4.372926e-12,4.373391e-12,-4.996502e-05
0.002,0.07174873,0.06825113,5.0,2.5017490000000002,2.4982509999999998,2.5017490000000002,2.4982509999999998,2.5,2.5,2.43,2.43,-4.122036e-12,4.1224800000000004e-12,-4.094503e-12,4.094947e-12,4.3717860000000004e-12,-4.372093e-12,-2.5091039999999997e-13,-4.996502e-05,2.495781e-13,-2.495781e-13,4.996502e-05,-4.996502e-05,-4.371614e-12,4.373391e-12,-4.996502e-05
