time,"V(N008,N005)","V(N009,N004)",V(n001),V(n002),V(n003),V(n004),V(n005),V(n006),V(n007),V(n008),V(n009),I(C1),I(C2),I(C3),I(C4),I(R0),I(R1),I(R2),I(R3),I(R4),I(R5),I(R6),I(R7),I(R8),I(V1),I(V2),I(V3)
0.0,-0.07,-0.07,0.0,-3.500000000000001e-18,-3.500000000000001e-18,-3.5035e-18,-3.5035e-18,-3.5035e-18,-3.5035e-18,-0.07,-0.07,7e-23,7e-23,3.5e-36,3.5e-36,7e-23,-7.268883e-34,-7.268883e-34,0.0,0.0,0.0,7e-23,7e-23,7e-23,-3.5034999999999996e-39,-3.5034999999999996e-39,-7e-23
0.001,-0.07,-0.07,0.0,-2.749765e-14,-2.749765e-14,-2.84382e-14,-2.84382e-14,-2.7768890000000004e-11,-2.7768890000000004e-11,-0.07,-0.07,1.8729589999999998e-17,1.8729589999999998e-17,1.826096e-17,1.826096e-17,1.881091e-17,6.935113000000001e-20,6.935113000000001e-20,0.0,0.0,-1.172022e-30,1.881091e-17,5.49953e-19,5.49953e-19,-6.935113000000001e-20,-6.935113000000001e-20,-1.881091e-17
0.0010000001,-0.0701849,-0.06981507,-0.5,-0.49999840000000007,-1.618113e-06,-0.2503514,-0.2496486,-0.25016639999999996,-0.24983360000000002,-0.3198335,-0.3201664,-0.0014793760000000001,0.0014793760000000001,-0.01213575,0.01213575,-0.00499294,-5.085470999999999e-13,5.085473e-13,0.0014793760000000001,0.003513565,0.007142811,0.00499294,-3.236226e-11,3.236226e-11,5.089262e-13,-5.082601e-13,0.01213575
0.0010000003,-0.07075173,-0.06924826,-1.5,-1.4999930000000001,-6.991776e-06,-0.7511401,-0.7488600000000001,-0.7503883000000001,-0.7496116999999999,-0.8196117,-0.8203883,-0.003576848,0.003576848,-0.03640543,0.03640543,-0.01497706,-1.955841e-12,1.955841e-12,0.003576848,0.01140021,0.02142837,0.01497706,-1.398355e-10,1.398355e-10,1.957091e-12,-1.956167e-12,0.03640543
0.001000000452285285,-0.07136738,-0.0686326,-2.2614259999999997,-2.261413,-1.371858e-05,-1.13253,-1.128896,-1.131163,-1.130264,-1.200264,-1.201163,-0.004409887,0.004409887,-0.05488335,0.05488335,-0.02257765,-3.4394699999999997e-12,3.4394699999999997e-12,0.004409887,0.01816777,0.0323057,0.02257765,-2.743717e-10,2.743717e-10,3.441032e-12,-3.4403660000000003e-12,0.05488335
0.001000000603762033,-0.07206631,-0.0679338,-3.0188099999999998,-3.018786,-2.411635e-05,-1.5119479999999998,-1.5068620000000001,-1.509882,-1.508928,-1.578928,-1.579882,-0.004707747,0.004707747,-0.07326193,0.07326193,-0.03013676,-5.180317e-12,5.180317e-12,0.004707747,0.02542901,0.04312517,0.03013676,-4.82327e-10,4.82327e-10,5.182225e-12,-5.180153e-12,0.07326193
0.001000000906715527,-0.07353544,-0.06646466,-4.533576999999999,-4.533526,-5.13443e-05,-2.27082,-2.2627580000000003,-2.2672849999999998,-2.266293,-2.336293,-2.337285,-0.00494089,0.00494089,-0.11001810000000001,0.11001810000000001,-0.04525412,-8.843085e-12,8.843085e-12,0.00494089,0.04031323,0.06476393,0.04525412,-1.026886e-09,1.026886e-09,8.847819999999999e-12,-8.842021e-12,0.11001810000000001
0.001000001,-0.07399654,-0.06600332,-5.0,-4.999937999999999,-6.127796999999999e-05,-2.5044939999999998,-2.4955060000000002,-2.500497,-2.499503,-2.569503,-2.570497,-0.004970729,0.004970729,-0.12133569999999999,0.12133569999999999,-0.0499089,-9.99186e-12,9.99186e-12,0.004970729,0.04493817,0.07142682,0.0499089,-1.225559e-09,1.225559e-09,9.997336e-12,-9.990231e-12,0.12133569999999999
0.001000001060590699,-0.07421899,-0.06578112,-5.0,-4.999931,-6.862958000000001e-05,-2.5046,-2.4954,-2.500381,-2.499619,-2.569619,-2.5703810000000002,-0.0039037459999999996,0.0039037459999999996,-0.12133319999999999,0.12133319999999999,-0.04990662,-1.052478e-11,1.052478e-11,0.0039037459999999996,0.04600288,0.07142661,0.04990662,-1.372592e-09,1.372592e-09,1.052787e-11,-1.05184e-11,0.12133319999999999
0.001000001181772097,-0.07454896,-0.06545091,-5.0,-4.999917,-8.33325e-05,-2.504753,-2.495247,-2.500204,-2.499796,-2.5697959999999997,-2.570204,-0.002374013,0.002374013,-0.1213295,0.1213295,-0.04990327,-1.128881e-11,1.128881e-11,0.002374013,0.04752926,0.07142619,0.04990327,-1.66665e-09,1.66665e-09,1.128875e-11,-1.128342e-11,0.1213295
0.001000001424134893,-0.07484794,-0.06515217,-5.0,-4.999887,-0.0001127374,-2.504898,-2.495102,-2.50005,-2.49995,-2.56995,-2.57005,-0.0009212011,0.0009212011,-0.12132509999999999,0.12132509999999999,-0.04989979,-1.201435e-11,1.201435e-11,0.0009212011,0.04897859,0.07142535,0.04989979,-2.254747e-09,2.254747e-09,1.201321e-11,-1.201202e-11,0.12132509999999999
0.001000001908860484,-0.0749824,-0.0650177,-5.0,-4.999828,-0.0001715452,-2.5049770000000002,-2.4950229999999998,-2.499995,-2.500005,-2.570005,-2.569995,-0.000122361,0.000122361,-0.12132069999999999,0.12132069999999999,-0.04989702,-1.2413069999999999e-11,1.2413069999999999e-11,0.000122361,0.04977466,0.07142367,0.04989702,-3.4309040000000003e-09,3.4309040000000003e-09,1.2412039999999999e-11,-1.241242e-11,0.12132069999999999
0.001000002570468846,-0.07498932,-0.06501055,-5.0,-4.999748,-0.0002518099,-2.504991,-2.495009,-2.5000009999999997,-2.4999990000000003,-2.569999,-2.570001,1.065262e-05,-1.065262e-05,-0.1213165,0.1213165,-0.04989515,-1.247911e-11,1.247911e-11,-1.06526e-05,0.0499058,0.07142138,0.04989515,-5.036199e-09,5.036199e-09,1.247798e-11,-1.24787e-11,0.1213165
0.001000003727746048,-0.0749898,-0.06501031,-5.0,-4.999608,-0.0003922,-2.504989,-2.495011,-2.4999990000000003,-2.5000009999999997,-2.570001,-2.569999,-1.5054939999999999e-06,1.5054939999999999e-06,-0.12130969999999999,0.12130969999999999,-0.04989237,-1.247234e-11,1.247234e-11,1.505507e-06,0.04989087,0.07141737,0.04989237,-7.844001000000001e-09,7.844001000000001e-09,1.247121e-11,-1.247202e-11,0.12130969999999999
0.0010000060423004519,-0.07498837,-0.06501174,-5.0,-4.999327,-0.0006729504,-2.504989,-2.495011,-2.5,-2.5,-2.57,-2.57,7.011576e-07,-7.011574e-07,-0.1212961,0.1212961,-0.04988677,-1.247204e-11,1.247204e-11,-7.01145e-07,0.04988747,0.07140934,0.04988677,-1.345901e-08,1.345901e-08,1.24711e-11,-1.2472280000000001e-11,0.1212961
0.00100001067140926,-0.07498789,-0.06501222,-5.0,-4.998765000000001,-0.001234333,-2.504987,-2.495013,-2.5,-2.5,-2.57,-2.57,7.341691e-08,-7.341675999999999e-08,-0.12126880000000001,0.12126880000000001,-0.04987556,-1.2468930000000001e-11,1.2468930000000001e-11,-7.340433e-08,0.04987564,0.0713933,0.04987556,-2.468666e-08,2.468666e-08,1.246786e-11,-1.2468419999999999e-11,0.12126889999999999
0.001000019929626877,-0.07498503,-0.06501484,-5.0,-4.997643,-0.002356625,-2.504985,-2.495015,-2.5,-2.5,-2.57,-2.57,3.143642e-07,-3.143642e-07,-0.1212144,0.1212144,-0.04985316,-1.246345e-11,1.246345e-11,-3.143517e-07,0.04985347,0.07136124,0.04985316,-4.71325e-08,4.71325e-08,1.2461539999999999e-11,-1.2462160000000001e-11,0.1212144
0.00100003844606211,-0.07498145,-0.06501865,-5.0,-4.9954,-0.004599318,-2.5049810000000003,-2.4950189999999997,-2.5,-2.5,-2.57,-2.57,2.0816299999999998e-07,-2.0816299999999998e-07,-0.1211055,0.1211055,-0.0498084,-1.24522e-11,1.24522e-11,-2.0815070000000002e-07,0.0498086,0.07129716,0.0498084,-9.198636999999999e-08,9.198636999999999e-08,1.24515e-11,-1.245155e-11,0.12110560000000001
0.001000075478932577,-0.07497168,-0.06502819,-5.0,-4.990923,-0.009077158,-2.504972,-2.495028,-2.5,-2.5,-2.57,-2.57,2.574563e-07,-2.574563e-07,-0.12088810000000001,0.12088810000000001,-0.04971902,-1.242988e-11,1.242988e-11,-2.57444e-07,0.04971928,0.07116922,0.04971902,-1.815432e-07,1.815432e-07,1.243077e-11,-1.243046e-11,0.1208882
0.00100014954467351,-0.07495451,-0.0650456,-5.0,-4.981997,-0.01800275,-2.504954,-2.495046,-2.5,-2.5,-2.57,-2.57,2.3250180000000002e-07,-2.3250180000000002e-07,-0.1204547,0.1204547,-0.04954086,-1.2385330000000001e-11,1.2385330000000001e-11,-2.324895e-07,0.04954109,0.0709142,0.04954086,-3.6005490000000004e-07,3.6005490000000004e-07,1.2385610000000001e-11,-1.238577e-11,0.12045510000000001
0.001000297676155377,-0.07491851,-0.06508136,-5.0,-4.964265,-0.03573437,-2.5049189999999997,-2.4950810000000003,-2.5,-2.5,-2.57,-2.57,2.426398e-07,-2.426398e-07,-0.11959380000000001,0.11959380000000001,-0.04918694,-1.229686e-11,1.229686e-11,-2.426275e-07,0.04918718,0.07040759,0.04918694,-7.146873999999999e-07,7.146873999999999e-07,1.22959e-11,-1.229698e-11,0.11959449999999999
0.0010005939391191099,-0.07484937,-0.06515074,-5.0,-4.9292739999999995,-0.07072575,-2.504849,-2.495151,-2.5,-2.5,-2.57,-2.57,2.333671e-07,-2.333671e-07,-0.11789489999999998,0.11789489999999998,-0.04848851,-1.212224e-11,1.212224e-11,-2.333551e-07,0.04848874,0.06940784,0.04848851,-1.4145150000000002e-06,1.4145150000000002e-06,1.212065e-11,-1.212252e-11,0.1178963
0.001001186465046577,-0.07471228,-0.06528759,-5.0,-4.860982,-0.13901729999999998,-2.504713,-2.495287,-2.5,-2.5,-2.57,-2.57,2.29498e-07,-2.29498e-07,-0.11457930000000001,0.11457930000000001,-0.0471254,-1.1781460000000001e-11,1.1781460000000001e-11,-2.2948629999999997e-07,0.04712563,0.06745665,0.0471254,-2.7803469999999997e-06,2.7803469999999997e-06,1.178039e-11,-1.1781230000000001e-11,0.11458199999999999
0.001002186465046577,-0.07449079,-0.06550932,-5.0,-4.749667,-0.25033320000000003,-2.50449,-2.49551,-2.5,-2.5,-2.57,-2.57,2.1791529999999998e-07,-2.1791529999999998e-07,-0.10917470000000001,0.10917470000000001,-0.04490353,-1.122599e-11,1.122599e-11,-2.1790400000000002e-07,0.04490375,0.0642762,0.04490353,-5.006664e-06,5.006664e-06,1.1225760000000001e-11,-1.122569e-11,0.1091797
0.0010031864650465769,-0.0742774,-0.06572247,-5.0,-4.64308,-0.3569204,-2.504278,-2.495722,-2.5,-2.5,-2.57,-2.57,2.0758679999999998e-07,-2.0758679999999998e-07,-0.1039997,0.1039997,-0.04277604,-1.069411e-11,1.069411e-11,-2.075761e-07,0.04277625,0.06123085,0.04277604,-7.1384079999999995e-06,7.1384079999999995e-06,1.069413e-11,-1.069436e-11,0.1040069
0.001004186465046577,-0.07407546,-0.06592464,-5.0,-4.541544999999999,-0.4584553,-2.504075,-2.495925,-2.5,-2.5,-2.57,-2.57,1.977461e-07,-1.977461e-07,-0.09907007,0.09907007,-0.04074939,-1.018745e-11,1.018745e-11,-1.977359e-07,0.04074959,0.05832985,0.04074939,-9.169107e-06,9.169107e-06,1.018732e-11,-1.018669e-11,0.09907924
0.001005186465046577,-0.07388163,-0.06611824,-5.0,-4.444822,-0.5551774,-2.503882,-2.496118,-2.5,-2.5,-2.57,-2.57,1.883736e-07,-1.883736e-07,-0.09437407,0.09437407,-0.03881881,-9.704798e-12,9.704798e-12,-1.88364e-07,0.038819,0.05556636,0.03881881,-1.110355e-05,1.110355e-05,9.704746e-12,-9.703684e-12,0.09438518
0.001006186465046576,-0.07369852,-0.06630158,-5.0,-4.352685,-0.6473148,-2.503698,-2.496302,-2.5,-2.5,-2.57,-2.57,1.7944370000000003e-07,-1.7944370000000003e-07,-0.08990066,0.08990066,-0.03697974,-9.245026e-12,9.245026e-12,-1.7943460000000002e-07,0.03697992,0.05293386,0.03697974,-1.2946300000000002e-05,1.2946300000000002e-05,9.245286999999999e-12,-9.245129e-12,0.08991361
0.0010071864650465759,-0.07352257,-0.0664773,-5.0,-4.264915,-0.7350848000000001,-2.503523,-2.496477,-2.5,-2.5,-2.57,-2.57,1.7093879999999998e-07,-1.7093879999999998e-07,-0.0856393,0.0856393,-0.03522785,-8.807048e-12,8.807048e-12,-1.7093e-07,0.03522802,0.05042615,0.03522785,-1.470169e-05,1.470169e-05,8.8073e-12,-8.807604e-12,0.085654
0.001009186465046576,-0.07319665,-0.06680322,-5.0,-4.101659,-0.8983408000000002,-2.503197,-2.496803,-2.5,-2.5,-2.57,-2.57,1.551177e-07,-1.551177e-07,-0.07771297,0.07771297,-0.03196925,-7.992389e-12,7.992389e-12,-1.551096e-07,0.0319694,0.04576169,0.03196925,-1.796682e-05,1.796682e-05,7.991478999999999e-12,-7.99137e-12,0.07773094
0.001011186465046576,-0.07290077,-0.06709909,-5.0,-3.9535129999999996,-1.0464870000000002,-2.502901,-2.497099,-2.5,-2.5,-2.57,-2.57,1.407608e-07,-1.407608e-07,-0.07052026,0.07052026,-0.02901224,-7.253130000000001e-12,7.253130000000001e-12,-1.407536e-07,0.02901238,0.04152895,0.02901224,-2.092973e-05,2.092973e-05,7.251986999999999e-12,-7.251904e-12,0.07054119
0.001013186465046576,-0.07263279,-0.06736708,-5.0,-3.819079,-1.1809209999999999,-2.5026330000000003,-2.4973669999999997,-2.5,-2.5,-2.57,-2.57,1.277327e-07,-1.277327e-07,-0.06399328,0.06399328,-0.02632892,-6.582294e-12,6.582294e-12,-1.277262e-07,0.02632905,0.03768797,0.02632892,-2.3618420000000002e-05,2.3618420000000002e-05,6.584597e-12,-6.5823240000000005e-12,0.06401689
0.001016186465046576,-0.07227683,-0.06772327,-5.0,-3.640393,-1.359607,-2.5022759999999997,-2.4977240000000003,-2.5,-2.5,-2.57,-2.57,1.104154e-07,-1.104154e-07,-0.0553178,0.0553178,-0.02276234,-5.690639e-12,5.690639e-12,-1.1040980000000001e-07,0.02276245,0.03258266,0.02276234,-2.7192140000000003e-05,2.7192140000000003e-05,5.690899e-12,-5.690007e-12,0.055345
0.001019186465046575,-0.0719676,-0.06803226,-5.0,-3.485931,-1.514069,-2.501968,-2.498032,-2.5,-2.5,-2.57,-2.57,9.544742999999999e-08,-9.544742999999999e-08,-0.04781846,0.04781846,-0.01967927,-4.9198650000000005e-12,4.9198650000000005e-12,-9.544243e-08,0.01967936,0.02816947,0.01967927,-3.0281370000000002e-05,3.0281370000000002e-05,4.921003e-12,-4.9206e-12,0.04784874
0.001022186465046575,-0.07170177,-0.06829834,-5.0,-3.35241,-1.64759,-2.5017009999999997,-2.4982990000000003,-2.5,-2.5,-2.57,-2.57,8.250691999999999e-08,-8.250691999999999e-08,-0.04133578,0.04133578,-0.01701417,-4.253583e-12,4.253584e-12,-8.250264999999998e-08,0.01701425,0.02435457,0.01701417,-3.29518e-05,3.29518e-05,4.253937e-12,-4.25358e-12,0.04136873
0.001025186465046575,-0.07147074,-0.06852913,-5.0,-3.236989,-1.763011,-2.501471,-2.498529,-2.5,-2.5,-2.57,-2.57,7.132239999999999e-08,-7.132239999999999e-08,-0.03573196,0.03573196,-0.01471037,-3.677628e-12,3.677629e-12,-7.131871e-08,0.01471044,0.02105685,0.01471037,-3.526021e-05,3.526021e-05,3.679441e-12,-3.677798e-12,0.03576722
0.001028186465046575,-0.07127213,-0.06872773,-5.0,-3.1372169999999997,-1.862783,-2.501272,-2.498728,-2.5,-2.5,-2.57,-2.57,6.165249e-08,-6.165249e-08,-0.03088783,0.03088783,-0.0127189,-3.179754e-12,3.179755e-12,-6.16493e-08,0.01271896,0.01820619,0.0127189,-3.725567e-05,3.725567e-05,3.1796619999999997e-12,-3.180287e-12,0.03092509
0.001031186465046574,-0.07109952,-0.06890035,-5.0,-3.05097,-1.9490299999999998,-2.5011,-2.4989,-2.5,-2.5,-2.57,-2.57,5.329519999999999e-08,-5.329519999999999e-08,-0.02670041,0.02670041,-0.0109974,-2.749377e-12,2.749377e-12,-5.329247e-08,0.01099745,0.01574199,0.0109974,-3.89806e-05,3.89806e-05,2.7516150000000003e-12,-2.751396e-12,0.02673939
0.001034186465046574,-0.07095098,-0.06904888,-5.0,-2.9764150000000003,-2.0235849999999997,-2.5009509999999997,-2.4990490000000003,-2.5,-2.5,-2.57,-2.57,4.60692e-08,-4.60692e-08,-0.02308068,0.02308068,-0.009509287,-2.377345e-12,2.377345e-12,-4.606687e-08,0.009509333,0.01361187,0.009509287,-4.04717e-05,4.04717e-05,2.379636e-12,-2.377247e-12,0.02312115
0.001037186465046574,-0.070822,-0.06917787,-5.0,-2.911968,-2.088032,-2.5008220000000003,-2.4991779999999997,-2.5,-2.5,-2.57,-2.57,3.982455999999999e-08,-3.982455999999999e-08,-0.01995167,0.01995167,-0.008222914,-2.055748e-12,2.0557490000000002e-12,-3.9822449999999995e-08,0.008222954000000001,0.01177051,0.008222914,-4.1760640000000004e-05,4.1760640000000004e-05,2.05551e-12,-2.055383e-12,0.01999343
0.001040186465046574,-0.07071137,-0.06928849,-5.0,-2.856258,-2.143742,-2.500711,-2.499289,-2.5,-2.5,-2.57,-2.57,3.442472e-08,-3.442472e-08,-0.01724685,0.01724685,-0.007110933000000001,-1.77775e-12,1.7777509999999997e-12,-3.4422900000000004e-08,0.0071109680000000005,0.01017879,0.007110933000000001,-4.287484e-05,4.287484e-05,1.7773990000000001e-12,-1.775988e-12,0.01728973
0.001043186465046573,-0.07061481,-0.06938505,-5.0,-2.8081,-2.1919,-2.5006150000000003,-2.4993849999999997,-2.5,-2.5,-2.57,-2.57,2.975867e-08,-2.975867e-08,-0.01490872,0.01490872,-0.006149702,-1.53744e-12,1.537441e-12,-2.975708e-08,0.006149732,0.008802859,0.006149702,-4.3838e-05,4.3838e-05,1.537994e-12,-1.5361840000000001e-12,0.01495256
0.001046186465046573,-0.07053208,-0.06946778,-5.0,-2.766471,-2.233529,-2.5005319999999998,-2.4994680000000002,-2.5,-2.5,-2.57,-2.57,2.5723580000000004e-08,-2.5723580000000004e-08,-0.01288757,0.01288757,-0.0053187830000000005,-1.329708e-12,1.329709e-12,-2.5722160000000002e-08,0.005318809,0.007613458000000001,0.0053187830000000005,-4.467058e-05,4.467058e-05,1.3305059999999999e-12,-1.330065e-12,0.01293224
0.001049186465046573,-0.07045984,-0.06954002,-5.0,-2.730485,-2.269515,-2.50046,-2.49954,-2.5,-2.5,-2.57,-2.57,2.223703e-08,-2.223703e-08,-0.01114042,0.01114042,-0.00460051,-1.150139e-12,1.150139e-12,-2.223589e-08,0.0046005329999999995,0.006585303000000001,0.00460051,-4.5390290000000004e-05,4.5390290000000004e-05,1.149574e-12,-1.14829e-12,0.01118581
0.001052186465046573,-0.07039809,-0.06960177,-5.0,-2.699378,-2.300622,-2.500398,-2.499602,-2.5,-2.5,-2.57,-2.57,1.922149e-08,-1.922149e-08,-0.009630132,0.009630132,-0.003979613,-9.949127e-13,9.949131e-13,-1.9220580000000002e-08,0.003979633,0.005696532,0.003979613,-4.6012429999999995e-05,4.6012429999999995e-05,9.943305e-13,-9.930938e-13,0.009676145
0.001055186465046572,-0.07034397,-0.0696559,-5.0,-2.672489,-2.327511,-2.5003439999999997,-2.4996560000000003,-2.5,-2.5,-2.57,-2.57,1.661658e-08,-1.661658e-08,-0.008324591,0.008324591,-0.00344289,-8.607306000000001e-13,8.60731e-13,-1.661567e-08,0.0034429070000000003,0.004928251,0.00344289,-4.655022e-05,4.655022e-05,8.610665999999999e-13,-8.612110999999999e-13,0.008371141
0.001058186465046572,-0.07029819,-0.06970167,-5.0,-2.649244,-2.350756,-2.500298,-2.499702,-2.5,-2.5,-2.57,-2.57,1.4363019999999999e-08,-1.4363019999999999e-08,-0.007196039,0.007196039,-0.00297893,-7.447393e-13,7.447398e-13,-1.436229e-08,0.0029789440000000003,0.004264125,0.00297893,-4.701511e-05,4.701511e-05,7.448569e-13,-7.432701999999999e-13,0.0072430540000000005
0.001061186465046572,-0.07025743,-0.06974244,-5.0,-2.629151,-2.370849,-2.500258,-2.499742,-2.5,-2.5,-2.57,-2.57,1.241671e-08,-1.241671e-08,-0.006220483000000001,0.006220483000000001,-0.002577867,-6.444728e-13,6.444733000000001e-13,-1.2416020000000002e-08,0.00257788,0.0036900329999999997,0.002577867,-4.741698e-05,4.741698e-05,6.443325e-13,-6.427948000000001e-13,0.0062679
0.0010641864650465722,-0.07022333,-0.06977654,-5.0,-2.611782,-2.388218,-2.500223,-2.499777,-2.5,-2.5,-2.57,-2.57,1.0732549999999998e-08,-1.0732549999999998e-08,-0.0053771819999999994,0.0053771819999999994,-0.002231177,-5.577991999999999e-13,5.577998000000001e-13,-1.0731979999999998e-08,0.002231187,0.00319377,0.002231177,-4.776436e-05,4.776436e-05,5.592187e-13,-5.57724e-13,0.005424946999999999
0.001067186465046571,-0.07019281,-0.06980705,-5.0,-2.596767,-2.403233,-2.500193,-2.499807,-2.5,-2.5,-2.57,-2.57,9.278381e-09,-9.278381e-09,-0.004648205999999999,0.004648205999999999,-0.001931486,-4.828759e-13,4.828764e-13,-9.277926e-09,0.001931495,0.002764784,0.001931486,-4.8064650000000004e-05,4.8064650000000004e-05,4.840557e-13,-4.826068e-13,0.00469627
0.001070186465046571,-0.0701673,-0.06983256,-5.0,-2.583788,-2.416212,-2.500167,-2.499833,-2.5,-2.5,-2.57,-2.57,8.019697e-09,-8.01964e-09,-0.004018056,0.004018056,-0.001672424,-4.181098e-13,4.181103e-13,-8.019299e-09,0.0016724320000000002,0.002393956,0.001672424,-4.8324229999999996e-05,4.8324229999999996e-05,4.2003549999999997e-13,-4.181844e-13,0.00406638
0.0010731864650465712,-0.07014465,-0.06985521,-5.0,-2.5725689999999997,-2.4274310000000003,-2.5001450000000003,-2.4998549999999997,-2.5,-2.5,-2.57,-2.57,6.9333619999999995e-09,-6.9333619999999995e-09,-0.0034733340000000002,0.0034733340000000002,-0.001448483,-3.621239e-13,3.621245e-13,-6.9329079999999996e-09,0.00144849,0.0020734,0.001448483,-4.854862e-05,4.854862e-05,3.650734e-13,-3.6282459999999994e-13,0.003521883
0.0010761864650465712,-0.07012558,-0.06987429,-5.0,-2.562871,-2.437129,-2.500125,-2.499875,-2.5,-2.5,-2.57,-2.57,5.992490000000001e-09,-5.992490000000001e-09,-0.00300246,0.00300246,-0.001254901,-3.13728e-13,3.137285e-13,-5.992263000000001e-09,0.001254907,0.0017963010000000001,0.001254901,-4.874259e-05,4.874259e-05,3.129751e-13,-3.138865e-13,0.0030512029999999997
0.0010791864650465698,-0.07010841,-0.06989145,-5.0,-2.554487,-2.445513,-2.500109,-2.499891,-2.5,-2.5,-2.57,-2.57,5.180937e-09,-5.180937e-09,-0.002595421,0.002595421,-0.001087563,-2.71893e-13,2.7189359999999997e-13,-5.180652e-09,0.0010875680000000001,0.001556769,0.001087563,-4.8910259999999995e-05,4.8910259999999995e-05,2.719489e-13,-2.711334e-13,0.0026443309999999998
0.00108218646504657,-0.07009435,-0.06990552,-5.0,-2.54724,-2.45276,-2.500094,-2.499906,-2.5,-2.5,-2.57,-2.57,4.477783e-09,-4.477783e-09,-0.002243564,0.002243564,-0.0009429103,-2.357295e-13,2.357301e-13,-4.4775559999999995e-09,0.0009429147,0.001349709,0.0009429103,-4.9055200000000004e-05,4.9055200000000004e-05,2.369127e-13,-2.3614659999999996e-13,0.002292619
0.00108518646504657,-0.07008147,-0.06991839,-5.0,-2.540975,-2.459025,-2.500082,-2.499918,-2.5,-2.5,-2.57,-2.57,3.871548e-09,-3.871548e-09,-0.0019394070000000002,0.0019394070000000002,-0.0008178681,-2.044686e-13,2.0446929999999999e-13,-3.871321e-09,0.0008178719,0.00117072,0.0008178681,-4.91805e-05,4.91805e-05,2.039278e-13,-2.027651e-13,0.001988588
0.00108818646504657,-0.07007122,-0.06992865,-5.0,-2.53556,-2.46444,-2.5000709999999997,-2.4999290000000003,-2.5,-2.5,-2.57,-2.57,3.34586e-09,-3.34586e-09,-0.001676485,0.001676485,-0.0007097777,-1.774458e-13,1.7744639999999998e-13,-3.345633e-09,0.0007097811,0.0010159960000000001,0.0007097777,-4.92888e-05,4.92888e-05,1.784451e-13,-1.773256e-13,0.001725774
0.001091186465046569,-0.07006121,-0.06993866,-5.0,-2.530879,-2.469121,-2.500062,-2.499938,-2.5,-2.5,-2.57,-2.57,2.8930459999999996e-09,-2.8930459999999996e-09,-0.001449206,0.001449206,-0.0006163408999999999,-1.540864e-13,1.54087e-13,-2.892989e-09,0.0006163437999999999,0.0008822480000000001,0.0006163408999999999,-4.938242999999999e-05,4.938242999999999e-05,1.552671e-13,-1.5286429999999997e-13,0.001498589
0.001094186465046569,-0.07005382,-0.06994605,-5.0,-2.526832,-2.473168,-2.500054,-2.499946,-2.5,-2.5,-2.57,-2.57,2.50003e-09,-2.50003e-09,-0.00125274,0.00125274,-0.0005355712,-1.3389370000000001e-13,1.338944e-13,-2.499974e-09,0.0005355738,0.000766632,0.0005355712,-4.9463359999999995e-05,4.9463359999999995e-05,1.3420410000000002e-13,-1.331832e-13,0.001302203
0.001097186465046569,-0.07004642,-0.06995344,-5.0,-2.523334,-2.476666,-2.500047,-2.499953,-2.5,-2.5,-2.57,-2.57,2.1619259999999998e-09,-2.1619259999999998e-09,-0.001082908,0.001082908,-0.0004657513,-1.164386e-13,1.164393e-13,-2.161812e-09,0.00046575349999999996,0.0006666898,0.0004657513,-4.9533320000000004e-05,4.9533320000000004e-05,1.154879e-13,-1.145106e-13,0.001132441
0.001100186465046569,-0.0700407,-0.06995916,-5.0,-2.52031,-2.47969,-2.500041,-2.499959,-2.5,-2.5,-2.57,-2.57,1.868045e-09,-1.868045e-09,-0.0009360997,0.0009360997,-0.0004053969,-1.013498e-13,1.013505e-13,-1.867932e-09,0.00040539870000000003,0.0005802966,0.0004053969,-4.959379e-05,4.959379e-05,1.016485e-13,-1.002796e-13,0.0009856935000000001
0.001103186465046568,-0.07003498,-0.06996489,-5.0,-2.517697,-2.482303,-2.500035,-2.499965,-2.5,-2.5,-2.57,-2.57,1.615604e-09,-1.615604e-09,-0.0008091941,0.0008091941,-0.00035322449999999997,-8.830657e-14,8.83073e-14,-1.61549e-09,0.00035322610000000003,0.0005056157,0.00035322449999999997,-4.964607e-05,4.964607e-05,8.900281e-14,-8.812568999999999e-14,0.0008588402
0.001106186465046568,-0.07003093,-0.06996894,-5.0,-2.515437,-2.484563,-2.5000310000000003,-2.4999689999999997,-2.5,-2.5,-2.57,-2.57,1.39579e-09,-1.39579e-09,-0.0006994928999999999,0.0006994928999999999,-0.0003081251,-7.70316e-14,7.703235e-14,-1.395676e-09,0.0003081265,0.00044105910000000003,0.0003081251,-4.969126e-05,4.969126e-05,7.833838e-14,-7.750635999999999e-14,0.0007491842
0.001109186465046568,-0.07002664,-0.06997323,-5.0,-2.513484,-2.486516,-2.500027,-2.499973,-2.5,-2.5,-2.57,-2.57,1.207354e-09,-1.207354e-09,-0.0006046637,0.0006046637,-0.0002691398,-6.728517000000001e-14,6.728593e-14,-1.207354e-09,0.000269141,0.0003852543,0.0002691398,-4.973032e-05,4.973032e-05,6.742328e-14,-6.574666999999999e-14,0.0006543941
0.001112186465046568,-0.07002378,-0.06997609,-5.0,-2.511796,-2.488204,-2.5000240000000002,-2.4999759999999998,-2.5,-2.5,-2.57,-2.57,1.042906e-09,-1.042906e-09,-0.0005226905,0.0005226905,-0.00023543959999999998,-5.886003e-14,5.886081000000001e-14,-1.042793e-09,0.00023544060000000002,0.000337015,0.00023543959999999998,-4.9764090000000006e-05,4.9764090000000006e-05,5.963871e-14,-5.845953e-14,0.0005724545
0.001115186465046567,-0.0700202,-0.06997967,-5.0,-2.510336,-2.489664,-2.500021,-2.499979,-2.5,-2.5,-2.57,-2.57,9.023324e-10,-9.023324e-10,-0.0004518301,0.0004518301,-0.00020630810000000002,-5.157708e-14,5.157787e-14,-9.021619e-10,0.000206309,0.0002953153,0.00020630810000000002,-4.9793279999999995e-05,4.9793279999999995e-05,5.180253e-14,-5.0226530000000004e-14,0.0005016234
0.001118186465046567,-0.07001829,-0.06998158,-5.0,-2.509074,-2.490926,-2.500018,-2.499982,-2.5,-2.5,-2.57,-2.57,7.790959e-10,-7.790959e-10,-0.0003905762,0.0003905762,-0.0001811259,-4.528146e-14,4.528227e-14,-7.790959e-10,0.00018112669999999998,0.0002592688,0.0001811259,-4.981851e-05,4.981851e-05,4.514206e-14,-4.3613549999999995e-14,0.0004403947
0.001121186465046567,-0.07001567,-0.0699842,-5.0,-2.507984,-2.492016,-2.500016,-2.499984,-2.5,-2.5,-2.57,-2.57,6.743335e-10,-6.743335e-10,-0.00033762639999999997,0.00033762639999999997,-0.00015935760000000001,-3.983933e-14,3.984016e-14,-6.743335e-10,0.0001593583,0.0002281091,0.00015935760000000001,-4.984032e-05,4.984032e-05,4.021111e-14,-4.0059539999999996e-14,0.00038746669999999996
0.001124186465046567,-0.07001424,-0.06998563,-5.0,-2.507041,-2.492959,-2.5000139999999997,-2.4999860000000003,-2.5,-2.5,-2.57,-2.57,5.821335e-10,-5.821335e-10,-0.0002918549,0.0002918549,-0.0001405405,-3.5134980000000004e-14,3.5135829999999996e-14,-5.820766e-10,0.000140541,0.0002011736,0.0001405405,-4.985918e-05,4.985918e-05,3.583375e-14,-3.528666e-14,0.00034171410000000005
0.001127186465046566,-0.07001209,-0.06998777,-5.0,-2.506226,-2.493774,-2.500012,-2.499988,-2.5,-2.5,-2.57,-2.57,5.040306e-10,-5.040306e-10,-0.0002522886,0.0002522886,-0.0001242743,-3.1068400000000004e-14,3.106926e-14,-5.039738e-10,0.00012427479999999998,0.0001778898,0.0001242743,-4.987548e-05,4.987548e-05,3.157609e-14,-3.019221e-14,0.0003021641
0.001130186465046566,-0.07001114,-0.06998873,-5.0,-2.505522,-2.494478,-2.500011,-2.499989,-2.5,-2.5,-2.57,-2.57,4.348522e-10,-4.348522e-10,-0.0002180862,0.0002180862,-0.0001102133,-2.75531e-14,2.7553989999999998e-14,-4.348522e-10,0.0001102137,0.0001577625,0.0001102133,-4.988957e-05,4.988957e-05,2.811141e-14,-2.63279e-14,0.0002679758
0.001133186465046566,-0.07000947,-0.0699904,-5.0,-2.504913,-2.495087,-2.50001,-2.49999,-2.5,-2.5,-2.57,-2.57,3.767013e-10,-3.767013e-10,-0.0001885206,0.0001885206,-9.805855e-05,-2.451438e-14,2.4515270000000002e-14,-3.767013e-10,9.805892e-05,0.00014036379999999999,9.805855e-05,-4.990174e-05,4.990174e-05,2.47454e-14,-2.434403e-14,0.00023842240000000002
0.0011361864650465661,-0.07000899,-0.06999087,-5.0,-2.5043860000000002,-2.4956139999999998,-2.500009,-2.499991,-2.5,-2.5,-2.57,-2.57,3.24917e-10,-3.24917e-10,-0.0001629632,0.0001629632,-8.75516e-05,-2.1887600000000002e-14,2.188852e-14,-3.248033e-10,8.755191999999999e-05,0.0001253239,8.75516e-05,-4.991227e-05,4.991227e-05,2.100295e-14,-1.931528e-14,0.0002128754
0.001139186465046565,-0.07000756,-0.0699923,-5.0,-2.503931,-2.496069,-2.5000080000000002,-2.4999919999999998,-2.5,-2.5,-2.57,-2.57,2.816591e-10,-2.816591e-10,-0.0001408705,0.0001408705,-7.846904e-05,-1.9616939999999998e-14,1.9617869999999998e-14,-2.816023e-10,7.846933e-05,0.0001123228,7.846904e-05,-4.992137e-05,4.992137e-05,2.03817e-14,-1.87413e-14,0.00019079189999999998
0.001142186465046565,-0.07000732,-0.06999254,-5.0,-2.5035380000000003,-2.4964619999999997,-2.500007,-2.499993,-2.5,-2.5,-2.57,-2.57,2.426077e-10,-2.426077e-10,-0.00012177290000000001,0.00012177290000000001,-7.061781e-05,-1.76541e-14,1.765505e-14,-2.426077e-10,7.061805e-05,0.0001010843,7.061781e-05,-4.992924e-05,4.992924e-05,1.791297e-14,-1.6761770000000003e-14,0.00017170220000000002
0.0011451864650465651,-0.07000613,-0.06999373,-5.0,-2.503198,-2.496802,-2.500006,-2.499994,-2.5,-2.5,-2.57,-2.57,2.10548e-10,-2.10548e-10,-0.00010526430000000001,0.00010526430000000001,-6.383095e-05,-1.595736e-14,1.595833e-14,-2.104343e-10,6.383116e-05,9.136943999999999e-05,6.383095e-05,-4.993604e-05,4.993604e-05,1.6621899999999998e-14,-1.55158e-14,0.0001552004
0.001148186465046565,-0.07000589,-0.06999397,-5.0,-2.502904,-2.497096,-2.500006,-2.499994,-2.5,-2.5,-2.57,-2.57,1.8116e-10,-1.8116e-10,-9.099381999999999e-05,9.099381999999999e-05,-5.7964169999999994e-05,-1.4490639999999998e-14,1.449163e-14,-1.8116e-10,5.796435000000001e-05,8.297156999999999e-05,5.7964169999999994e-05,-4.994192e-05,4.994192e-05,1.478223e-14,-1.327389e-14,0.00014093569999999999
0.001151186465046564,-0.07000494,-0.06999493,-5.0,-2.50265,-2.49735,-2.500005,-2.499995,-2.5,-2.5,-2.57,-2.57,1.573994e-10,-1.573994e-10,-7.865793e-05,7.865793e-05,-5.289275e-05,-1.322276e-14,1.3223769999999999e-14,-1.573994e-10,5.2892899999999996e-05,7.571219e-05,5.289275e-05,-4.9947e-05,4.9947e-05,1.467771e-14,-1.365986e-14,0.0001286049
0.0011541864650465642,-0.07000494,-0.06999493,-5.0,-2.50243,-2.49757,-2.500005,-2.499995,-2.5,-2.5,-2.57,-2.57,1.352305e-10,-1.352305e-10,-6.79944e-05,6.79944e-05,-4.850885e-05,-1.212677e-14,1.212779e-14,-1.352305e-10,4.8508980000000005e-05,6.943695e-05,4.850885e-05,-4.9951390000000004e-05,4.9951390000000004e-05,1.251625e-14,-1.199106e-14,0.0001179458
0.0011571864650465641,-0.07000422,-0.06999564,-5.0,-2.50224,-2.49776,-2.500005,-2.499995,-2.5,-2.5,-2.57,-2.57,1.176659e-10,-1.176659e-10,-5.8776499999999995e-05,5.8776499999999995e-05,-4.4719269999999995e-05,-1.117936e-14,1.118039e-14,-1.176659e-10,4.471938e-05,6.401243e-05,4.4719269999999995e-05,-4.9955190000000005e-05,4.9955190000000005e-05,1.110201e-14,-1.018369e-14,0.0001087317
0.001160186465046563,-0.07000422,-0.06999564,-5.0,-2.5020759999999997,-2.4979240000000003,-2.500004,-2.499996,-2.5,-2.5,-2.57,-2.57,1.010108e-10,-1.010108e-10,-5.0808270000000004e-05,5.0808270000000004e-05,-4.144343e-05,-1.036038e-14,1.036144e-14,-1.010108e-10,4.144353e-05,5.932331e-05,4.144343e-05,-4.995847e-05,4.995847e-05,1.2447289999999999e-14,-1.068807e-14,0.0001007667
0.0011631864650465632,-0.07000351,-0.06999636,-5.0,-2.501935,-2.498065,-2.500004,-2.499996,-2.5,-2.5,-2.57,-2.57,8.805046e-11,-8.805046e-11,-4.392027e-05,4.392027e-05,-3.86117e-05,-9.652432e-15,9.653504e-15,-8.805046e-11,3.861178e-05,5.526988e-05,3.86117e-05,-4.996130999999999e-05,4.996130999999999e-05,7.381465e-15,-6.107745e-15,9.388158000000002e-05
0.0011661864650465632,-0.07000375,-0.06999612,-5.0,-2.5018119999999997,-2.4981880000000003,-2.500004,-2.499996,-2.5,-2.5,-2.57,-2.57,7.543122e-11,-7.543122e-11,-3.796607e-05,3.796607e-05,-3.6163850000000004e-05,-9.040457e-15,9.041546e-15,-7.543122e-11,3.616393e-05,5.176598e-05,3.6163850000000004e-05,-4.996376e-05,4.996376e-05,1.052066e-14,-8.847957e-15,8.792983000000001e-05
0.0011691864650465631,-0.07000303,-0.06999683,-5.0,-2.501706,-2.498294,-2.500003,-2.499997,-2.5,-2.5,-2.57,-2.57,6.593837e-11,-6.593837e-11,-3.2819070000000004e-05,3.2819070000000004e-05,-3.404787e-05,-8.511445e-15,8.512552e-15,-6.593837e-11,3.404793e-05,4.873709e-05,3.404787e-05,-4.996589e-05,4.996589e-05,9.050703e-15,-7.424833e-15,8.278495000000001e-05
0.001172186465046562,-0.07000351,-0.06999636,-5.0,-2.501614,-2.498386,-2.500003,-2.499997,-2.5,-2.5,-2.57,-2.57,5.621814e-11,-5.621814e-11,-2.8369840000000003e-05,2.8369840000000003e-05,-3.221873e-05,-8.05415e-15,8.055274e-15,-5.621814e-11,3.221879e-05,4.6118820000000004e-05,3.221873e-05,-4.996772e-05,4.996772e-05,8.535056e-15,-6.056136e-15,7.833755e-05
0.001175186465046562,-0.07000279,-0.06999707,-5.0,-2.501535,-2.498465,-2.500003,-2.499997,-2.5,-2.5,-2.57,-2.57,4.934009e-11,-4.934009e-11,-2.4523779999999996e-05,2.4523779999999996e-05,-3.063758e-05,-7.658848e-15,7.659990000000001e-15,-4.934009e-11,3.063763e-05,4.3855509999999994e-05,3.063758e-05,-4.99693e-05,4.99693e-05,8.898698e-15,-7.798016e-15,7.449308000000001e-05
0.001178186465046562,-0.07000303,-0.06999683,-5.0,-2.501467,-2.498533,-2.500003,-2.499997,-2.5,-2.5,-2.57,-2.57,4.18936e-11,-4.18936e-11,-2.119913e-05,2.119913e-05,-2.927078e-05,-7.317135999999999e-15,7.318294e-15,-4.18936e-11,2.9270820000000002e-05,4.189903e-05,2.927078e-05,-4.997067e-05,4.997067e-05,8.971122e-15,-7.033436e-15,7.11698e-05
0.0011811864650465619,-0.07000256,-0.06999731,-5.0,-2.501407,-2.498593,-2.500003,-2.499997,-2.5,-2.5,-2.57,-2.57,3.700507e-11,-3.6891379999999997e-11,-1.83252e-05,1.83252e-05,-2.808927e-05,-7.021746999999999e-15,7.022924e-15,-3.6891379999999997e-11,2.8089309999999996e-05,4.020778e-05,2.808927e-05,-4.997186e-05,4.997186e-05,7.861767e-15,-5.9689669999999994e-15,6.829706e-05
0.001184186465046561,-0.07000279,-0.06999707,-5.0,-2.501356,-2.498644,-2.500003,-2.499997,-2.5,-2.5,-2.57,-2.57,3.1207040000000005e-11,-3.1207040000000005e-11,-1.5840879999999998e-05,1.5840879999999998e-05,-2.706794e-05,-6.7664030000000015e-15,6.7675969999999995e-15,-3.1207040000000005e-11,2.706797e-05,3.8745820000000006e-05,2.706794e-05,-4.9972879999999996e-05,4.9972879999999996e-05,8.501663e-15,-7.993389000000001e-15,6.581376e-05
0.001187186465046561,-0.07000232,-0.06999755,-5.0,-2.501312,-2.498688,-2.500003,-2.499997,-2.5,-2.5,-2.57,-2.57,2.7739590000000002e-11,-2.7739590000000002e-11,-1.369336e-05,1.369336e-05,-2.618507e-05,-6.545675e-15,6.546885999999999e-15,-2.7739590000000002e-11,2.618509e-05,3.748205e-05,2.618507e-05,-4.997376e-05,4.997376e-05,7.805388e-15,-6.455773000000001e-15,6.366712e-05
0.001190186465046561,-0.07000279,-0.06999707,-5.0,-2.501274,-2.498726,-2.500003,-2.499997,-2.5,-2.5,-2.57,-2.57,2.324896e-11,-2.319211e-11,-1.1836969999999998e-05,1.1836969999999998e-05,-2.542188e-05,-6.354868e-15,6.356097e-15,-2.319211e-11,2.5421910000000002e-05,3.6389609999999995e-05,2.542188e-05,-4.9974529999999996e-05,4.9974529999999996e-05,5.8191299999999996e-15,-4.51722e-15,6.181149e-05
0.0011931864650465609,-0.07000208,-0.06999779,-5.0,-2.501241,-2.498759,-2.500002,-2.499998,-2.5,-2.5,-2.57,-2.57,2.0804689999999998e-11,-2.0804689999999998e-11,-1.023225e-05,1.023225e-05,-2.476216e-05,-6.189929e-15,6.191175e-15,-2.0804689999999998e-11,2.476219e-05,3.544527e-05,2.476216e-05,-4.997519e-05,4.997519e-05,7.961513e-15,-5.3759080000000006e-15,6.0207440000000005e-05
0.00119618646504656,-0.07000256,-0.06999731,-5.0,-2.5012119999999998,-2.4987880000000002,-2.500002,-2.499998,-2.5,-2.5,-2.57,-2.57,1.716671e-11,-1.716671e-11,-8.845079e-06,8.845079e-06,-2.419188e-05,-6.047348e-15,6.048610999999999e-15,-1.716671e-11,2.41919e-05,3.462895e-05,2.419188e-05,-4.997576e-05,4.997576e-05,8.181173000000001e-15,-5.642839e-15,5.882084e-05
0.00119918646504656,-0.07000208,-0.06999779,-5.0,-2.501187,-2.498813,-2.500002,-2.499998,-2.5,-2.5,-2.57,-2.57,1.563194e-11,-1.563194e-11,-7.645966e-06,7.645966e-06,-2.3698910000000002e-05,-5.924096e-15,5.925377e-15,-1.55751e-11,2.369893e-05,3.39233e-05,2.3698910000000002e-05,-4.997625e-05,4.997625e-05,6.543810999999999e-15,-5.825635e-15,5.762222e-05
0.00120218646504656,-0.07000256,-0.06999731,-5.0,-2.501166,-2.498834,-2.500002,-2.499998,-2.5,-2.5,-2.57,-2.57,1.278977e-11,-1.278977e-11,-6.609414000000001e-06,6.609414000000001e-06,-2.3272779999999997e-05,-5.817551e-15,5.8188499999999995e-15,-1.278977e-11,2.327279e-05,3.3313320000000007e-05,2.3272779999999997e-05,-4.997668e-05,4.997668e-05,7.797148e-15,-5.798964e-15,5.65861e-05
0.0012051864650465599,-0.07000208,-0.06999779,-5.0,-2.501148,-2.498852,-2.500002,-2.499998,-2.5,-2.5,-2.57,-2.57,1.182343e-11,-1.182343e-11,-5.713386e-06,5.713386e-06,-2.290441e-05,-5.725451e-15,5.726766e-15,-1.182343e-11,2.290442e-05,3.278603e-05,2.290441e-05,-4.9977049999999996e-05,4.9977049999999996e-05,5.709841999999999e-15,-4.644288e-15,5.569043000000001e-05
0.001208186465046559,-0.07000232,-0.06999755,-5.0,-2.501132,-2.498868,-2.500002,-2.499998,-2.5,-2.5,-2.57,-2.57,9.436008e-12,-9.436008e-12,-4.938831e-06,4.938831e-06,-2.258598e-05,-5.645834e-15,5.647166e-15,-9.436008e-12,2.2585990000000003e-05,3.233022e-05,2.258598e-05,-4.997737e-05,4.997737e-05,3.212708e-15,-3.52344e-15,5.49162e-05
0.001211186465046559,-0.07000184,-0.06999803,-5.0,-2.501118,-2.498882,-2.500002,-2.499998,-2.5,-2.5,-2.57,-2.57,8.867572999999999e-12,-8.867572999999999e-12,-4.269281e-06,4.269281e-06,-2.231072e-05,-5.57701e-15,5.57836e-15,-8.867572999999999e-12,2.231073e-05,3.19362e-05,2.231072e-05,-4.9977650000000004e-05,4.9977650000000004e-05,6.7903580000000005e-15,-5.820214e-15,5.424693e-05
0.001214186465046559,-0.07000232,-0.06999755,-5.0,-2.501106,-2.498894,-2.500002,-2.499998,-2.5,-2.5,-2.57,-2.57,6.991741e-12,-6.991741e-12,-3.690502e-06,3.690502e-06,-2.207278e-05,-5.517515e-15,5.518881999999999e-15,-6.991741e-12,2.207279e-05,3.159561e-05,2.207278e-05,-4.997787999999999e-05,4.997787999999999e-05,6.266689e-15,-5.344249e-15,5.366838000000001e-05
0.001217186465046559,-0.07000184,-0.06999803,-5.0,-2.501096,-2.498904,-2.500002,-2.499998,-2.5,-2.5,-2.57,-2.57,6.764367e-12,-6.764367e-12,-3.190186e-06,3.190186e-06,-2.186709e-05,-5.466084e-15,5.467469000000001e-15,-6.764367e-12,2.18671e-05,3.1301179999999996e-05,2.186709e-05,-4.997809e-05,4.997809e-05,4.2869349999999995e-15,-2.9624740000000003e-15,5.3168269999999995e-05
0.001220186465046558,-0.07000232,-0.06999755,-5.0,-2.501087,-2.498913,-2.500002,-2.499998,-2.5,-2.5,-2.57,-2.57,5.059064e-12,-5.059064e-12,-2.757698e-06,2.757698e-06,-2.1689290000000002e-05,-5.421625000000001e-15,5.423025999999999e-15,-5.059064e-12,2.16893e-05,3.104667e-05,2.1689290000000002e-05,-4.997827e-05,4.997827e-05,4.78827e-15,-3.957121e-15,5.2735969999999996e-05
0.001223186465046558,-0.07000184,-0.06999803,-5.0,-2.5010790000000003,-2.4989209999999997,-2.500002,-2.499998,-2.5,-2.5,-2.57,-2.57,5.115908e-12,-5.115908e-12,-2.383841e-06,2.383841e-06,-2.1535589999999997e-05,-5.3831919999999995e-15,5.3846109999999996e-15,-5.115908e-12,2.15356e-05,3.082667e-05,2.1535589999999997e-05,-4.9978420000000004e-05,4.9978420000000004e-05,6.0411749999999994e-15,-5.2505740000000005e-15,5.2362259999999996e-05
0.001226186465046558,-0.07000232,-0.06999755,-5.0,-2.501072,-2.498928,-2.500002,-2.499998,-2.5,-2.5,-2.57,-2.57,3.694822e-12,-3.6379790000000004e-12,-2.060667e-06,2.060667e-06,-2.140274e-05,-5.3499669999999994e-15,5.351404e-15,-3.6379790000000004e-12,2.140274e-05,3.063649e-05,2.140274e-05,-4.997856e-05,4.997856e-05,4.9606590000000006e-15,-4.661636e-15,5.203922e-05
0.001229186465046558,-0.07000184,-0.06999803,-5.0,-2.501066,-2.498934,-2.500002,-2.499998,-2.5,-2.5,-2.57,-2.57,3.979039e-12,-3.922196e-12,-1.781306e-06,1.781306e-06,-2.128789e-05,-5.321246e-15,5.322701e-15,-3.922196e-12,2.128789e-05,3.0472090000000002e-05,2.128789e-05,-4.997867e-05,4.997867e-05,6.340848000000001e-15,-5.193979e-15,5.175998e-05
0.001232186465046557,-0.07000232,-0.06999755,-5.0,-2.501061,-2.498939,-2.500002,-2.499998,-2.5,-2.5,-2.57,-2.57,2.728484e-12,-2.728484e-12,-1.539817e-06,1.539817e-06,-2.118861e-05,-5.2964180000000005e-15,5.297889e-15,-2.728484e-12,2.118861e-05,3.032998e-05,2.118861e-05,-4.997877e-05,4.997877e-05,6.6587360000000005e-15,-6.003660999999999e-15,5.1518590000000004e-05
0.0012351864650465571,-0.07000184,-0.06999803,-5.0,-2.501057,-2.498943,-2.500002,-2.499998,-2.5,-2.5,-2.57,-2.57,3.0127009999999996e-12,-3.0127009999999996e-12,-1.331066e-06,1.331066e-06,-2.110279e-05,-5.274954e-15,5.2764430000000005e-15,-3.0127009999999996e-12,2.110279e-05,3.0207129999999996e-05,2.110279e-05,-4.997885e-05,4.997885e-05,5.578871e-15,-5.416024e-15,5.130992e-05
0.001238186465046557,-0.07000232,-0.06999755,-5.0,-2.501054,-2.498946,-2.500002,-2.499998,-2.5,-2.5,-2.57,-2.57,1.8758330000000002e-12,-1.8758330000000002e-12,-1.150616e-06,1.150616e-06,-2.10286e-05,-5.256398000000001e-15,5.257905e-15,-1.8758330000000002e-12,2.1028609999999998e-05,3.010094e-05,2.10286e-05,-4.997893e-05,4.997893e-05,6.26452e-15,-4.369985e-15,5.112954000000001e-05
0.001241186465046557,-0.07000184,-0.06999803,-5.0,-2.50105,-2.49895,-2.500002,-2.499998,-2.5,-2.5,-2.57,-2.57,2.33058e-12,-2.33058e-12,-9.946286e-07,9.946286e-07,-2.096447e-05,-5.240358e-15,5.241881e-15,-2.33058e-12,2.0964479999999998e-05,3.000915e-05,2.096447e-05,-4.997899e-05,4.997899e-05,5.591881e-15,-3.738763e-15,5.0973620000000004e-05
0.0012441864650465562,-0.07000232,-0.06999755,-5.0,-2.501048,-2.498952,-2.500002,-2.499998,-2.5,-2.5,-2.57,-2.57,1.3073989999999999e-12,-1.3073989999999999e-12,-8.597883e-07,8.597883e-07,-2.090904e-05,-5.226491e-15,5.228031e-15,-1.3073989999999999e-12,2.090904e-05,2.99298e-05,2.090904e-05,-4.997905e-05,4.997905e-05,5.072115e-15,-5.486714e-15,5.083884e-05
0.0012471864650465561,-0.07000184,-0.06999803,-5.0,-2.501045,-2.498955,-2.500002,-2.499998,-2.5,-2.5,-2.57,-2.57,1.818989e-12,-1.818989e-12,-7.432282e-07,7.432282e-07,-2.086112e-05,-5.214502e-15,5.2160600000000006e-15,-1.818989e-12,2.086112e-05,2.9861199999999998e-05,2.086112e-05,-4.99791e-05,4.99791e-05,4.896691e-15,-4.471467e-15,5.072232e-05
0.001250186465046556,-0.07000232,-0.06999755,-5.0,-2.501043,-2.498957,-2.500002,-2.499998,-2.5,-2.5,-2.57,-2.57,9.663381e-13,-9.663381e-13,-6.424699e-07,6.424699e-07,-2.0819699999999997e-05,-5.204137e-15,5.205713e-15,-8.526513000000001e-13,2.0819699999999997e-05,2.9801909999999997e-05,2.0819699999999997e-05,-4.997914000000001e-05,4.997914000000001e-05,6.04356e-15,-5.223686e-15,5.062161e-05
0.001253186465046556,-0.07000184,-0.06999803,-5.0,-2.501041,-2.498959,-2.500002,-2.499998,-2.5,-2.5,-2.57,-2.57,1.5347719999999999e-12,-1.5347719999999999e-12,-5.553711999999999e-07,5.553711999999999e-07,-2.0783890000000002e-05,-5.195177000000001e-15,5.19677e-15,-1.5347719999999999e-12,2.0783890000000002e-05,2.9750659999999997e-05,2.0783890000000002e-05,-4.997917e-05,4.997917e-05,5.971352e-15,-4.308835999999999e-15,5.053455e-05
0.0012561864650465551,-0.07000232,-0.06999755,-5.0,-2.50104,-2.49896,-2.500002,-2.499998,-2.5,-2.5,-2.57,-2.57,6.252776e-13,-6.252776e-13,-4.800804e-07,4.800804e-07,-2.075294e-05,-5.18743e-15,5.18904e-15,-6.252776e-13,2.075294e-05,2.970635e-05,2.075294e-05,-4.99792e-05,4.99792e-05,3.441908e-15,-3.603888e-15,5.045929e-05
0.001258615036475127,-0.07000225,-0.06999762,-5.0,-2.501039,-2.498961,-2.500002,-2.499998,-2.5,-2.5,-2.57,-2.57,6.162721e-13,-6.162721e-13,-4.280632e-07,4.280632e-07,-2.0731550000000003e-05,-5.1820770000000005e-15,5.183701e-15,-6.044564000000001e-13,2.0731550000000003e-05,2.967574e-05,2.0731550000000003e-05,-4.997923e-05,4.997923e-05,4.492253e-15,-3.891373e-15,5.040729e-05
0.001261043607903698,-0.07000218,-0.06999769,-5.0,-2.5010380000000003,-2.4989619999999997,-2.500002,-2.499998,-2.5,-2.5,-2.57,-2.57,6.15682e-13,-6.15682e-13,-3.805373e-07,3.805373e-07,-2.0712020000000002e-05,-5.177185e-15,5.178823e-15,-5.959892e-13,2.071201e-05,2.964777e-05,2.0712020000000002e-05,-4.997925e-05,4.997925e-05,5.2684169999999995e-15,-4.108182e-15,5.0359780000000004e-05
0.001263472179332269,-0.07000211,-0.06999775,-5.0,-2.5010369999999997,-2.4989630000000003,-2.500002,-2.499998,-2.5,-2.5,-2.57,-2.57,6.235075e-13,-6.235075e-13,-3.375024000000001e-07,3.375024000000001e-07,-2.069432e-05,-5.172755e-15,5.174407e-15,-5.998760999999999e-13,2.069432e-05,2.962245e-05,2.069432e-05,-4.9979259999999995e-05,4.9979259999999995e-05,5.770403e-15,-4.254318e-15,5.031677e-05
0.0012659007507608401,-0.07000204,-0.06999782,-5.0,-2.501036,-2.498964,-2.500002,-2.499998,-2.5,-2.5,-2.57,-2.57,6.397484999999999e-13,-6.397484999999999e-13,-2.9895879999999996e-07,2.9895879999999996e-07,-2.067848e-05,-5.168787000000001e-15,5.170453e-15,-6.161170999999999e-13,2.067848e-05,2.9599759999999998e-05,2.067848e-05,-4.9979279999999996e-05,4.9979279999999996e-05,5.99821e-15,-4.3297779999999995e-15,5.0278240000000005e-05
0.001268329322189412,-0.07000198,-0.06999789,-5.0,-2.501035,-2.498965,-2.500002,-2.499998,-2.5,-2.5,-2.57,-2.57,6.64405e-13,-6.64405e-13,-2.649063e-07,2.649063e-07,-2.0664479999999997e-05,-5.16528e-15,5.166960000000001e-15,-6.447121e-13,2.0664479999999997e-05,2.9579720000000002e-05,2.0664479999999997e-05,-4.9979290000000004e-05,4.9979290000000004e-05,5.951837e-15,-4.334564e-15,5.02442e-05
0.001270757893617983,-0.07000191,-0.06999796,-5.0,-2.501035,-2.498965,-2.500002,-2.499998,-2.5,-2.5,-2.57,-2.57,6.974769e-13,-6.974769e-13,-2.3534500000000002e-07,2.3534500000000002e-07,-2.065232e-05,-5.162234e-15,5.1639290000000005e-15,-6.856613000000001e-13,2.0652329999999997e-05,2.956233e-05,2.065232e-05,-4.997931e-05,4.997931e-05,5.631284e-15,-4.268675000000001e-15,5.021465e-05
0.001273186465046554,-0.07000184,-0.06999803,-5.0,-2.501034,-2.498966,-2.500002,-2.499998,-2.5,-2.5,-2.57,-2.57,7.389644e-13,-7.389644e-13,-2.102749e-07,2.102749e-07,-2.064202e-05,-5.15965e-15,5.161359e-15,-7.389644e-13,2.064202e-05,2.954757e-05,2.064202e-05,-4.997932e-05,4.997932e-05,5.036553e-15,-4.132111e-15,5.018959e-05
0.0012763293221894109,-0.07000196,-0.06999791,-5.0,-2.501034,-2.498966,-2.500002,-2.499998,-2.5,-2.5,-2.57,-2.57,4.806355e-13,-4.806355e-13,-1.8170720000000004e-07,1.8170720000000004e-07,-2.063027e-05,-5.156705e-15,5.158432e-15,-4.806355e-13,2.063027e-05,2.9530759999999996e-05,2.063027e-05,-4.997933e-05,4.997933e-05,5.413712e-15,-4.26371e-15,5.0161040000000006e-05
0.001279472179332268,-0.07000204,-0.06999783,-5.0,-2.501033,-2.498967,-2.500002,-2.499998,-2.5,-2.5,-2.57,-2.57,2.948821e-13,-2.948821e-13,-1.560893e-07,1.560893e-07,-2.061974e-05,-5.154063e-15,5.155808e-15,-2.948821e-13,2.061974e-05,2.9515690000000005e-05,2.061974e-05,-4.997934e-05,4.997934e-05,5.677925e-15,-4.380076e-15,5.0135429999999996e-05
0.001282615036475125,-0.07000207,-0.06999779,-5.0,-2.501033,-2.498967,-2.500002,-2.499998,-2.5,-2.5,-2.57,-2.57,1.8170420000000002e-13,-1.8170420000000002e-13,-1.334211e-07,1.334211e-07,-2.061042e-05,-5.151724e-15,5.153487e-15,-1.8170420000000002e-13,2.061042e-05,2.950235e-05,2.061042e-05,-4.997935e-05,4.997935e-05,5.829190999999999e-15,-4.481209e-15,5.0112770000000004e-05
0.0012857578936179821,-0.07000207,-0.06999779,-5.0,-2.501032,-2.498968,-2.500002,-2.499998,-2.5,-2.5,-2.57,-2.57,1.4110179999999998e-13,-1.4110179999999998e-13,-1.137026e-07,1.137026e-07,-2.060232e-05,-5.1496890000000004e-15,5.15147e-15,-1.4110179999999998e-13,2.060232e-05,2.949074e-05,2.060232e-05,-4.9979359999999995e-05,4.9979359999999995e-05,5.867509000000001e-15,-4.5671089999999996e-15,5.0093059999999994e-05
0.001288900750760838,-0.07000204,-0.06999783,-5.0,-2.501032,-2.498968,-2.500002,-2.499998,-2.5,-2.5,-2.57,-2.57,1.7307479999999998e-13,-1.7307479999999998e-13,-9.69339e-08,9.693391e-08,-2.059542e-05,-5.147956e-15,5.1497549999999996e-15,-1.7307479999999998e-13,2.059542e-05,2.9480879999999996e-05,2.059542e-05,-4.9979359999999995e-05,4.9979359999999995e-05,5.792881e-15,-4.637775999999999e-15,5.00763e-05
0.001292043607903695,-0.07000196,-0.06999791,-5.0,-2.501032,-2.498968,-2.500002,-2.499998,-2.5,-2.5,-2.57,-2.57,2.7762329999999997e-13,-2.7762329999999997e-13,-8.311491999999999e-08,8.311494e-08,-2.0589740000000003e-05,-5.146527e-15,5.1483440000000004e-15,-2.7762329999999997e-13,2.0589740000000003e-05,2.9472740000000003e-05,2.0589740000000003e-05,-4.9979369999999996e-05,4.9979369999999996e-05,5.6053059999999995e-15,-4.6932090000000006e-15,5.0062479999999996e-05
0.0012951864650465519,-0.07000184,-0.06999803,-5.0,-2.5010310000000002,-2.4989689999999998,-2.500002,-2.499998,-2.5,-2.5,-2.57,-2.57,4.547474e-13,-4.547474e-13,-7.224569e-08,7.22457e-08,-2.058527e-05,-5.145400999999999e-15,5.1472359999999995e-15,-4.547474e-13,2.058527e-05,2.9466350000000003e-05,2.058527e-05,-4.997938e-05,4.997938e-05,5.304784e-15,-4.73341e-15,5.005162e-05
0.00129975789361798,-0.07000196,-0.06999791,-5.0,-2.5010310000000002,-2.4989689999999998,-2.500002,-2.499998,-2.5,-2.5,-2.57,-2.57,2.3184110000000003e-13,-2.3184110000000003e-13,-5.890739e-08,5.890739e-08,-2.057979e-05,-5.144017e-15,5.1458779999999995e-15,-2.3184110000000003e-13,2.057979e-05,2.94585e-05,2.057979e-05,-4.997938e-05,4.997938e-05,5.160149e-15,-4.674449e-15,5.0038290000000004e-05
0.001304329322189409,-0.07000204,-0.06999783,-5.0,-2.5010310000000002,-2.4989689999999998,-2.500002,-2.499998,-2.5,-2.5,-2.57,-2.57,7.782333e-14,-7.782333e-14,-4.7302220000000006e-08,4.730223e-08,-2.057502e-05,-5.1428100000000004e-15,5.144699e-15,-7.782333e-14,2.057502e-05,2.945167e-05,2.057502e-05,-4.997938e-05,4.997938e-05,5.165031e-15,-4.65441e-15,5.002669e-05
0.001308900750760837,-0.07000207,-0.06999779,-5.0,-2.5010310000000002,-2.4989689999999998,-2.500002,-2.499998,-2.5,-2.5,-2.57,-2.57,-7.306059e-15,7.306059e-15,-3.7430199999999996e-08,3.743021e-08,-2.057096e-05,-5.141783e-15,5.143697e-15,7.306059e-15,2.057096e-05,2.944586e-05,2.057096e-05,-4.9979390000000004e-05,4.9979390000000004e-05,5.31943e-15,-4.673292e-15,5.001682e-05
0.001313472179332265,-0.07000207,-0.06999779,-5.0,-2.50103,-2.49897,-2.500002,-2.499998,-2.5,-2.5,-2.57,-2.57,-2.354704e-14,2.354704e-14,-2.929131e-08,2.929132e-08,-2.056761e-05,-5.140933e-15,5.142874000000001e-15,2.354704e-14,2.056761e-05,2.944107e-05,2.056761e-05,-4.9979390000000004e-05,4.9979390000000004e-05,5.6233480000000005e-15,-4.731095999999999e-15,5.000867999999999e-05
0.001318043607903693,-0.07000204,-0.06999783,-5.0,-2.50103,-2.49897,-2.500002,-2.499998,-2.5,-2.5,-2.57,-2.57,2.91004e-14,-2.91004e-14,-2.288557e-08,2.2885580000000002e-08,-2.056498e-05,-5.1402609999999995e-15,5.142229e-15,-2.91004e-14,2.056498e-05,2.94373e-05,2.056498e-05,-4.9979390000000004e-05,4.9979390000000004e-05,6.076783e-15,-4.82782e-15,5.000228e-05
0.0013226150364751212,-0.07000196,-0.06999791,-5.0,-2.50103,-2.49897,-2.500002,-2.499998,-2.5,-2.5,-2.57,-2.57,1.5063629999999999e-13,-1.5063629999999999e-13,-1.821296e-08,1.8212970000000003e-08,-2.056306e-05,-5.139768e-15,5.141762e-15,-1.5063629999999999e-13,2.056306e-05,2.943455e-05,2.056306e-05,-4.99794e-05,4.99794e-05,6.679734999999999e-15,-4.963467e-15,4.999761e-05
0.001327186465046549,-0.07000184,-0.06999803,-5.0,-2.50103,-2.49897,-2.500002,-2.499998,-2.5,-2.5,-2.57,-2.57,3.410605e-13,-3.410605e-13,-1.527349e-08,1.52735e-08,-2.056185e-05,-5.139452e-15,5.141473e-15,-3.410605e-13,2.056185e-05,2.9432820000000002e-05,2.056185e-05,-4.99794e-05,4.99794e-05,7.432206e-15,-5.1380340000000005e-15,4.999467e-05
0.001336186465046549,-0.07000191,-0.06999796,-5.0,-2.50103,-2.49897,-2.500002,-2.499998,-2.5,-2.5,-2.57,-2.57,2.519806e-13,-2.519806e-13,-1.083984e-08,1.083985e-08,-2.056003e-05,-5.138971e-15,5.141043e-15,-2.519806e-13,2.056003e-05,2.943021e-05,2.056003e-05,-4.99794e-05,4.99794e-05,6.530488000000001e-15,-4.856899e-15,4.9990240000000004e-05
0.001345186465046548,-0.07000198,-0.06999789,-5.0,-2.50103,-2.49897,-2.500002,-2.499998,-2.5,-2.5,-2.57,-2.57,1.601121e-13,-1.601121e-13,-7.190887e-09,7.190895e-09,-2.0558530000000002e-05,-5.13857e-15,5.140694e-15,-1.601121e-13,2.0558530000000002e-05,2.9428059999999994e-05,2.0558530000000002e-05,-4.99794e-05,4.99794e-05,5.89566e-15,-4.661102e-15,4.9986590000000006e-05
0.0013541864650465471,-0.07000204,-0.06999782,-5.0,-2.50103,-2.49897,-2.500002,-2.499998,-2.5,-2.5,-2.57,-2.57,6.545486e-14,-6.545486e-14,-4.326632000000001e-09,4.326640000000001e-09,-2.055735e-05,-5.1382490000000004e-15,5.140426e-15,-6.545486e-14,2.055735e-05,2.942638e-05,2.055735e-05,-4.99794e-05,4.99794e-05,5.5277219999999995e-15,-4.550642e-15,4.9983729999999996e-05
0.0013631864650465461,-0.07000211,-0.06999775,-5.0,-2.50103,-2.49897,-2.500002,-2.499998,-2.5,-2.5,-2.57,-2.57,-3.1991e-14,3.1991e-14,-2.247076e-09,2.2470839999999997e-09,-2.0556500000000002e-05,-5.138009e-15,5.1402380000000004e-15,3.1991e-14,2.0556500000000002e-05,2.9425149999999997e-05,2.0556500000000002e-05,-4.99794e-05,4.99794e-05,5.426675e-15,-4.525519e-15,4.998165e-05
0.001372186465046546,-0.07000218,-0.06999769,-5.0,-2.50103,-2.49897,-2.500002,-2.499998,-2.5,-2.5,-2.57,-2.57,-1.322255e-13,1.322255e-13,-9.522201e-10,9.522278e-10,-2.055596e-05,-5.1378500000000004e-15,5.140130999999999e-15,1.322255e-13,2.055596e-05,2.9424390000000002e-05,2.055596e-05,-4.99794e-05,4.99794e-05,5.592516999999999e-15,-4.585734e-15,4.9980349999999997e-05
0.0013811864650465449,-0.07000225,-0.06999762,-5.0,-2.50103,-2.49897,-2.500002,-2.499998,-2.5,-2.5,-2.57,-2.57,-2.352487e-13,2.352487e-13,-4.42063e-10,4.420706e-10,-2.0555749999999997e-05,-5.137772e-15,5.140104e-15,2.352487e-13,2.0555749999999997e-05,2.942409e-05,2.0555749999999997e-05,-4.99794e-05,4.99794e-05,6.02525e-15,-4.731287e-15,4.997984e-05
0.0013901864650465439,-0.07000232,-0.06999755,-5.0,-2.50103,-2.49897,-2.500002,-2.499998,-2.5,-2.5,-2.57,-2.57,-3.410605e-13,3.410605e-13,-7.166052e-10,7.166125e-10,-2.055587e-05,-5.137774e-15,5.140158e-15,3.410605e-13,2.055586e-05,2.9424250000000002e-05,2.055587e-05,-4.99794e-05,4.99794e-05,6.724871999999999e-15,-4.9621769999999995e-15,4.9980119999999994e-05
0.002010186465046505,-0.07000208,-0.06999803,-5.0,-2.50103,-2.49897,-2.500002,-2.499998,-2.5,-2.5,-2.57,-2.57,-2.273737e-13,2.273737e-13,3.1086240000000005e-15,3.996803e-15,-2.055557e-05,-5.1359099999999995e-15,5.141875e-15,2.273737e-13,2.055557e-05,2.9423829999999996e-05,2.055557e-05,-4.99794e-05,4.99794e-05,6.596503e-15,-4.309053e-15,4.99794e-05
0.00303418646504664,-0.07000208,-0.06999803,-5.0,-2.50103,-2.49897,-2.500002,-2.499998,-2.5,-2.5,-2.57,-2.57,-9.947598e-14,9.947598e-14,3.3306690000000003e-15,3.996803e-15,-2.055557e-05,-5.13296e-15,5.1448250000000005e-15,9.947598e-14,2.055557e-05,2.9423829999999996e-05,2.055557e-05,-4.99794e-05,4.99794e-05,6.654833e-15,-5.9800259999999994e-15,4.99794e-05
0.0040581864650467755,-0.07000208,-0.06999779,-5.0,-2.50103,-2.49897,-2.500002,-2.499998,-2.5,-2.5,-2.57,-2.57,-4.2632560000000003e-14,4.2632560000000003e-14,3.1086240000000005e-15,4.218847e-15,-2.055557e-05,-5.130018e-15,5.147768e-15,4.2632560000000003e-14,2.055557e-05,2.9423829999999996e-05,2.055557e-05,-4.99794e-05,4.99794e-05,4.693511e-15,-4.369118e-15,4.99794e-05
0.0049991864650469,-0.07000208,-0.06999779,-5.0,-2.50103,-2.49897,-2.500002,-2.499998,-2.5,-2.5,-2.57,-2.57,-1.080983e-11,1.081338e-11,-1.886083e-14,2.49411e-14,-2.055557e-05,-5.127315e-15,5.1504600000000005e-15,1.081534e-11,2.055556e-05,2.9423829999999996e-05,2.055557e-05,-4.99794e-05,4.99794e-05,5.61412e-15,-5.23564e-15,4.99794e-05
0.005,-0.07000208,-0.06999779,-5.0,-2.50103,-2.49897,-2.500002,-2.499998,-2.5,-2.5,-2.57,-2.57,-5.807621e-11,5.807976e-11,-1.1368679999999999e-13,1.185718e-13,-2.055557e-05,-5.12729e-15,5.150437e-15,5.808332e-11,2.055551e-05,2.9423829999999996e-05,2.055557e-05,-4.99794e-05,4.99794e-05,5.569763e-15,-8.748210000000001e-15,4.99794e-05
