time,"V(N008,N005)","V(N009,N004)",V(n004),V(n005),V(n008),V(n009)
0.0,-0.07,-0.07,-2.1042e-20,-2.1042e-20,-0.07,-0.07
0.0001006310719994779,-0.07000001,-0.07000001,-1.3730870000000003e-13,-1.3730870000000003e-13,-0.07000001,-0.07000001
0.0002030310719994804,-0.07000002,-0.07000002,-2.353349e-13,-2.353349e-13,-0.07000002,-0.07000002
0.0003054310719994828,-0.07000002,-0.07000002,-3.368406e-13,-3.368406e-13,-0.07000002,-0.07000002
0.0004078310719994853,-0.07000003,-0.07000003,-4.4181140000000006e-13,-4.4181140000000006e-13,-0.07000003,-0.07000003
0.0005102310719994759,-0.07000004,-0.07000004,-5.502335999999999e-13,-5.502335999999999e-13,-0.07000004,-0.07000004
0.0006126310719994229,-0.07000005,-0.07000005,-6.620928000000001e-13,-6.620928000000001e-13,-0.07000005,-0.07000005
0.0007150310719993699,-0.07000005,-0.07000005,-7.77375e-13,-7.77375e-13,-0.07000005,-0.07000005
0.0008174310719993169,-0.07000006,-0.07000006,-8.960662000000001e-13,-8.960662000000001e-13,-0.07000006,-0.07000006
0.0009198310719992637,-0.07000007,-0.07000007,-1.018152e-12,-1.018152e-12,-0.07000007,-0.07000007
0.00102223107199926,-0.07000007,-0.07000007,-1.1436200000000001e-12,-1.1436200000000001e-12,-0.07000007,-0.07000007
0.001124631071999318,-0.07000008,-0.07000008,-1.272455e-12,-1.272455e-12,-0.07000008,-0.07000008
0.001227031071999376,-0.07000009,-0.07000009,-1.404643e-12,-1.404643e-12,-0.07000009,-0.07000009
0.001329431071999434,-0.0700001,-0.0700001,-1.5401709999999999e-12,-1.5401709999999999e-12,-0.0700001,-0.0700001
0.001431831071999492,-0.0700001,-0.0700001,-1.6790259999999999e-12,-1.6790259999999999e-12,-0.0700001,-0.0700001
0.00153423107199955,-0.07000011,-0.07000011,-1.821193e-12,-1.821193e-12,-0.07000011,-0.07000011
0.001636631071999608,-0.07000012,-0.07000012,-1.96666e-12,-1.96666e-12,-0.07000012,-0.07000012
0.001739031071999666,-0.07000013,-0.07000013,-2.1154119999999997e-12,-2.1154119999999997e-12,-0.07000013,-0.07000013
0.0018414310719997238,-0.07000013,-0.07000013,-2.144006e-12,-2.144006e-12,-0.07000013,-0.07000013
0.001943831071999782,-0.07000013,-0.07000013,-2.201952e-12,-2.201952e-12,-0.07000013,-0.07000013
0.002046231071999638,-0.07000013,-0.07000013,-2.259484e-12,-2.259484e-12,-0.07000013,-0.07000013
0.002148631071999474,-0.07000013,-0.07000013,-2.3167799999999997e-12,-2.3167799999999997e-12,-0.07000013,-0.07000013
0.0022510310719993103,-0.07000013,-0.07000013,-2.373843e-12,-2.373843e-12,-0.07000013,-0.07000013
0.0023534310719991462,-0.07000013,-0.07000013,-2.430672e-12,-2.430672e-12,-0.07000013,-0.07000013
0.002455831071998982,-0.07000013,-0.07000013,-2.4872680000000002e-12,-2.4872680000000002e-12,-0.07000013,-0.07000013
0.002558231071998818,-0.07000013,-0.07000013,-2.543634e-12,-2.543634e-12,-0.07000013,-0.07000013
0.002660631071998654,-0.07000013,-0.07000013,-2.5997689999999998e-12,-2.5997689999999998e-12,-0.07000013,-0.07000013
0.0027630310719984896,-0.07000013,-0.07000013,-2.655674e-12,-2.655674e-12,-0.07000013,-0.07000013
0.002865431071998326,-0.07000013,-0.07000013,-2.711351e-12,-2.711351e-12,-0.07000013,-0.07000013
0.002967831071998162,-0.07000013,-0.07000013,-2.7668009999999997e-12,-2.7668009999999997e-12,-0.07000013,-0.07000013
0.003070231071997998,-0.07000013,-0.07000013,-2.822023e-12,-2.822023e-12,-0.07000013,-0.07000013
0.003172631071997834,-0.07000013,-0.07000013,-2.877021e-12,-2.877021e-12,-0.07000013,-0.07000013
0.00327503107199767,-0.07000013,-0.07000013,-2.931793e-12,-2.931793e-12,-0.07000013,-0.07000013
0.003377431071997506,-0.07000013,-0.07000013,-2.9864330000000003e-12,-2.9864330000000003e-12,-0.07000013,-0.07000013
0.003479831071997342,-0.07000013,-0.07000013,-3.040762e-12,-3.040762e-12,-0.07000013,-0.07000013
0.003582231071997178,-0.07000013,-0.07000013,-3.094869e-12,-3.094869e-12,-0.07000013,-0.07000013
0.003684631071997014,-0.07000013,-0.07000013,-3.148754e-12,-3.148754e-12,-0.07000013,-0.07000013
0.00378703107199685,-0.07000013,-0.07000013,-3.20242e-12,-3.20242e-12,-0.07000013,-0.07000013
0.003889431071996686,-0.07000013,-0.07000013,-3.255866e-12,-3.255866e-12,-0.07000013,-0.07000013
0.003991831071996892,-0.07000013,-0.07000013,-3.309093e-12,-3.309093e-12,-0.07000013,-0.07000013
0.0040942310719971715,-0.07000013,-0.07000013,-3.3621029999999997e-12,-3.3621029999999997e-12,-0.07000013,-0.07000013
0.004196631071997452,-0.07000013,-0.07000013,-3.414896e-12,-3.414896e-12,-0.07000013,-0.07000013
0.0042990310719977325,-0.07000013,-0.07000013,-3.4674730000000005e-12,-3.4674730000000005e-12,-0.07000013,-0.07000013
0.004401431071998013,-0.07000013,-0.07000013,-3.519836e-12,-3.519836e-12,-0.07000013,-0.07000013
0.0045038310719982926,-0.07000013,-0.07000013,-3.5719839999999998e-12,-3.5719839999999998e-12,-0.07000013,-0.07000013
0.004606231071998573,-0.07000013,-0.07000013,-3.6239190000000004e-12,-3.6239190000000004e-12,-0.07000013,-0.07000013
0.0047086310719988535,-0.07000013,-0.07000013,-3.675642e-12,-3.675642e-12,-0.07000013,-0.07000013
0.004811031071999133,-0.07000013,-0.07000013,-3.727154e-12,-3.727154e-12,-0.07000013,-0.07000013
0.004913431071999414,-0.07000013,-0.07000013,-3.778455e-12,-3.778455e-12,-0.07000013,-0.07000013
0.005,-0.07000013,-0.07000013,-3.7456110000000004e-12,-3.7456110000000004e-12,-0.07000013,-0.07000013
0.005000000157994864,-0.07000027,-0.06999998,-2.119823e-06,-1.830056e-06,-0.0700021,-0.0700021
0.00500000047398459,-0.07000061,-0.06999965,-6.403787e-06,-5.4458349999999995e-06,-0.07000606,-0.07000606
0.0050001,-0.0701136,-0.06988667,-0.0013634670000000002,-0.0011365330000000001,-0.07125013,-0.07125013
0.005001091629047068,-0.07122744,-0.06877283,-0.01487267,-0.01241806,-0.0836455,-0.0836455
0.0050020832580941355,-0.07232224,-0.06767803,-0.02836283,-0.02371862,-0.09604086,-0.09604086
0.005003074887141202,-0.073398,-0.06660227,-0.04183396,-0.03503823,-0.10843620000000001,-0.10843620000000001
0.005004066516188269,-0.07445472,-0.06554554,-0.05528604,-0.04637687,-0.1208316,-0.1208316
0.0050050581452353365,-0.0754924,-0.06450786,-0.06871909,-0.05773455,-0.1332269,-0.1332269
0.005006049774282403,-0.07651104,-0.06348921,-0.08213309,-0.06911127,-0.14562229999999998,-0.14562229999999998
0.005007041403329471,-0.07751064,-0.06248961,-0.09552806,-0.08050703,-0.1580177,-0.1580177
0.0050080842604723315,-0.07854262,-0.06145764,-0.10959569999999999,-0.09251077,-0.1710534,-0.1710534
0.0050091271176151905,-0.07955609,-0.06044418,-0.12364489999999999,-0.10453299999999999,-0.1840891,-0.1840891
0.00501016997475805,-0.08055106,-0.05944921,-0.1376756,-0.1165738,-0.1971248,-0.1971248
0.005011212831900911,-0.08152753,-0.05847274,-0.15168779999999998,-0.128633,-0.2101605,-0.2101605
0.005012255689043771,-0.0824855,-0.05751477,-0.1656815,-0.14071070000000002,-0.2231963,-0.2231963
0.005013298546186631,-0.08342497,-0.05657529,-0.1796567,-0.152807,-0.23623200000000003,-0.23623200000000003
0.005014341403329491,-0.08434594,-0.05565432,-0.1936134,-0.1649217,-0.2492677,-0.2492677
0.005014441403329491,-0.08443341,-0.05556683,-0.19495079999999998,-0.1660843,-0.2505177,-0.2505177
0.005016684260472354,-0.08634709,-0.05365315,-0.2249002,-0.1922063,-0.2785534,-0.2785534
0.005018927117615217,-0.0881914,-0.05180884,-0.2547803,-0.21839770000000003,-0.30658909999999995,-0.30658909999999995
0.005021169974758081,-0.08996634,-0.05003391,-0.28459090000000004,-0.2446585,-0.3346248,-0.3346248
0.005023412831900945,-0.0916719,-0.04832836,-0.3143322,-0.2709886,-0.3626605,-0.3626605
0.005025655689043808,-0.09330809,-0.04669218,-0.3440041,-0.2973882,-0.3906963,-0.3906963
0.005027898546186671,-0.0948749,-0.04512537,-0.37360659999999996,-0.3238571,-0.418732,-0.418732
0.005030141403329534,-0.09637234,-0.04362795,-0.4031397,-0.3503954,-0.4467677,-0.4467677
0.0050339699747581155,-0.09877824,-0.04122208,-0.45340280000000005,-0.3958466,-0.4946248,-0.4946248
0.005037798546186698,-0.1010464,-0.03895395,-0.503528,-0.4414356,-0.542482,-0.542482
0.0050416271176152785,-0.1031768,-0.03682358,-0.5535156,-0.4871624,-0.5903391,-0.5903391
0.005045455689043862,-0.1051694,-0.03483096,-0.6033653,-0.5330269,-0.6381963,-0.6381963
0.005049284260472443,-0.1070242,-0.03297609,-0.6530773,-0.5790291999999999,-0.6860534,-0.6860534
0.005053112831901026,-0.1087413,-0.03125897,-0.7026515999999999,-0.6251691999999999,-0.7339104999999999,-0.7339104999999999
0.005056941403329607,-0.11032060000000002,-0.0296796,-0.7520880999999999,-0.671447,-0.7817677,-0.7817677
0.005063092631425378,-0.11261800000000001,-0.02738221,-0.8312758,-0.7460399999999999,-0.858658,-0.858658
0.005069243859521148,-0.11472550000000001,-0.02527469,-0.9102737,-0.8208228000000001,-0.9355484000000001,-0.9355484000000001
0.005075395087616919,-0.1166432,-0.02335703,-0.9890817,-0.8957955,-1.0124389999999999,-1.0124389999999999
0.005081546315712689,-0.118371,-0.02162924,-1.0677,-0.9709581,-1.089329,-1.089329
0.0050876975438084605,-0.11990899999999999,-0.02009131,-1.146128,-1.04631,-1.1662190000000001,-1.1662190000000001
0.0050938487719042295,-0.12125710000000002,-0.01874324,-1.224367,-1.121853,-1.24311,-1.24311
0.0051,-0.1224153,-0.01758504,-1.3024149999999999,-1.1975850000000001,-1.32,-1.32
0.00510001,-0.1224059,-0.01759446,-1.302406,-1.197594,-1.32,-1.32
0.00510003,-0.12238679999999999,-0.01761353,-1.3023870000000002,-1.1976129999999998,-1.32,-1.32
0.005102375714285721,-0.12021420000000001,-0.0197861,-1.300214,-1.199786,-1.32,-1.32
0.005104721428571442,-0.1181238,-0.0218765,-1.298124,-1.201876,-1.32,-1.32
0.0051070671428571635,-0.1161156,-0.02388471,-1.296115,-1.203885,-1.32,-1.32
0.0051094128571428825,-0.1141896,-0.02581074,-1.294189,-1.205811,-1.32,-1.32
0.005111758571428603,-0.11234580000000001,-0.02765459,-1.292346,-1.207654,-1.32,-1.32
0.005114104285714324,-0.11058410000000002,-0.02941626,-1.290584,-1.209416,-1.32,-1.32
0.005116450000000045,-0.1089046,-0.03109574,-1.288904,-1.211096,-1.32,-1.32
0.005116550000000045,-0.10883430000000001,-0.03116608,-1.288834,-1.211166,-1.32,-1.32
0.005121564285714346,-0.1055212,-0.03447927,-1.285521,-1.214479,-1.32,-1.32
0.005126578571428644,-0.1024443,-0.0375562,-1.2824440000000001,-1.2175559999999999,-1.32,-1.32
0.005131592857142943,-0.09960369,-0.04039688,-1.279603,-1.220397,-1.32,-1.32
0.005136607142857243,-0.0969993,-0.04300129,-1.276999,-1.223001,-1.32,-1.32
0.005141621428571543,-0.09463116,-0.04536945,-1.2746309999999998,-1.2253690000000002,-1.32,-1.32
0.005146635714285842,-0.09249926,-0.04750135,-1.272499,-1.227501,-1.32,-1.32
0.00515165000000014,-0.09060359,-0.04939699,-1.2706030000000001,-1.2293969999999999,-1.32,-1.32
0.005156664285714441,-0.08885585,-0.05114473,-1.268856,-1.231144,-1.32,-1.32
0.00516167857142874,-0.08723274,-0.05276785,-1.267232,-1.232768,-1.32,-1.32
0.005166692857143039,-0.08573425,-0.05426633,-1.265734,-1.234266,-1.32,-1.32
0.005171707142857339,-0.0843604,-0.05564018,-1.26436,-1.23564,-1.32,-1.32
0.005176721428571639,-0.08311118,-0.05688941,-1.263111,-1.236889,-1.32,-1.32
0.005181735714285938,-0.08198658,-0.058014,-1.261986,-1.238014,-1.32,-1.32
0.005186750000000236,-0.08098662,-0.05901396,-1.2609860000000002,-1.2390139999999998,-1.32,-1.32
0.005191335714285964,-0.0801381,-0.05986248,-1.260138,-1.239862,-1.32,-1.32
0.00519592142857169,-0.079346,-0.06065458,-1.2593459999999999,-1.2406540000000001,-1.32,-1.32
0.005200507142857418,-0.07861032,-0.06139026,-1.25861,-1.24139,-1.32,-1.32
0.0052050928571431435,-0.07793107,-0.06206952,-1.257931,-1.242069,-1.32,-1.32
0.005209678571428871,-0.07730823,-0.06269235,-1.257308,-1.242692,-1.32,-1.32
0.0052142642857145975,-0.07674182,-0.06325876,-1.256742,-1.243258,-1.32,-1.32
0.005218850000000325,-0.07623184,-0.06376874,-1.256232,-1.243768,-1.32,-1.32
0.005218950000000325,-0.07622087,-0.06377971,-1.2562209999999998,-1.2437790000000002,-1.32,-1.32
0.00522397857142891,-0.07570684,-0.06429383,-1.255707,-1.244293,-1.32,-1.32
0.005229007142857496,-0.07522955,-0.0647712,-1.2552290000000002,-1.2447709999999998,-1.32,-1.32
0.005234035714286081,-0.07478897,-0.06521183,-1.254789,-1.245211,-1.32,-1.32
0.005239064285714665,-0.07438512,-0.06561571,-1.254385,-1.245615,-1.32,-1.32
0.005244092857143251,-0.074018,-0.06598285,-1.254018,-1.245982,-1.32,-1.32
0.005249121428571837,-0.07368761,-0.06631324,-1.253687,-1.246313,-1.32,-1.32
0.0052541500000004215,-0.07339394,-0.06660688,-1.2533940000000001,-1.2466059999999999,-1.32,-1.32
0.005259178571429006,-0.07312328,-0.06687754,-1.253123,-1.246877,-1.32,-1.32
0.005264207142857592,-0.07287196,-0.06712887,-1.252872,-1.247128,-1.32,-1.32
0.005269235714286178,-0.07263997,-0.06736085,-1.25264,-1.24736,-1.32,-1.32
0.005274264285714763,-0.07242731,-0.06757351,-1.252427,-1.247573,-1.32,-1.32
0.005279292857143347,-0.072234,-0.06776682,-1.252234,-1.247766,-1.32,-1.32
0.005284321428571933,-0.07206002,-0.0679408,-1.25206,-1.24794,-1.32,-1.32
0.005289350000000518,-0.07190537,-0.06809545,-1.2519049999999998,-1.2480950000000002,-1.32,-1.32
0.005293907142857672,-0.07177531,-0.06822551,-1.251775,-1.248225,-1.32,-1.32
0.005298464285714829,-0.07165385,-0.06834697,-1.2516530000000001,-1.2483469999999999,-1.32,-1.32
0.005303021428571984,-0.07154099,-0.06845983,-1.251541,-1.248459,-1.32,-1.32
0.005307578571429139,-0.07143673,-0.06856409,-1.251436,-1.248564,-1.32,-1.32
0.005312135714286294,-0.07134108,-0.06865974,-1.251341,-1.248659,-1.32,-1.32
0.00531669285714345,-0.07125402,-0.0687468,-1.251254,-1.248746,-1.32,-1.32
0.005321250000000605,-0.07117558,-0.06882524,-1.251175,-1.248825,-1.32,-1.32
0.005321350000000604,-0.07117391,-0.06882691,-1.2511729999999999,-1.2488270000000001,-1.32,-1.32
0.00532637857142919,-0.0710944,-0.06890651,-1.2510940000000002,-1.2489059999999998,-1.32,-1.32
0.005331407142857776,-0.07102057,-0.06898041,-1.25102,-1.24898,-1.32,-1.32
0.005336435714286361,-0.07095242,-0.06904862,-1.250952,-1.249048,-1.320001,-1.320001
0.005341464285714946,-0.07088994,-0.06911114,-1.250889,-1.249111,-1.320001,-1.320001
0.005346492857143531,-0.07083313,-0.06916796,-1.250833,-1.249167,-1.320001,-1.320001
0.005351521428572118,-0.07078199,-0.06921909,-1.250781,-1.249219,-1.320001,-1.320001
0.005356550000000702,-0.07073653,-0.06926453,-1.250736,-1.249264,-1.320001,-1.320001
0.0053615928571435715,-0.07069451,-0.06930655,-1.250694,-1.249306,-1.320001,-1.320001
0.005366635714286443,-0.0706555,-0.06934555,-1.2506549999999999,-1.2493450000000001,-1.320001,-1.320001
0.005371678571429314,-0.07061952,-0.06938154,-1.2506190000000001,-1.2493809999999999,-1.320001,-1.320001
0.005376721428572186,-0.07058655,-0.06941451,-1.250586,-1.249414,-1.320001,-1.320001
0.005381764285715057,-0.07055659,-0.06944446,-1.250556,-1.249444,-1.320001,-1.320001
0.005386807142857927,-0.07052966,-0.0694714,-1.250529,-1.249471,-1.320001,-1.320001
0.005391850000000798,-0.07050574,-0.06949532,-1.250505,-1.249495,-1.320001,-1.320001
0.005396392857143668,-0.07048569,-0.06951537,-1.250485,-1.249515,-1.320001,-1.320001
0.005400935714286537,-0.07046697,-0.06953409,-1.250466,-1.249534,-1.320001,-1.320001
0.005405478571429406,-0.07044957,-0.06955149,-1.250449,-1.249551,-1.320001,-1.320001
0.005410021428572278,-0.07043349,-0.06956757,-1.250433,-1.249567,-1.320001,-1.320001
0.005414564285715146,-0.07041874,-0.06958232,-1.250418,-1.249582,-1.320001,-1.320001
0.005419107142858016,-0.07040531,-0.06959575,-1.250405,-1.249595,-1.320001,-1.320001
0.005423650000000885,-0.0703932,-0.06960785,-1.250393,-1.249607,-1.320001,-1.320001
0.005423750000000885,-0.07039297,-0.06960809,-1.250392,-1.249608,-1.320001,-1.320001
0.005428850000000899,-0.07038055,-0.0696206,-1.2503799999999998,-1.2496200000000002,-1.320001,-1.320001
0.005433950000000913,-0.07036902,-0.0696322,-1.250368,-1.249632,-1.320001,-1.320001
0.005439050000000927,-0.07035838,-0.0696429,-1.250358,-1.249642,-1.320001,-1.320001
0.00544415000000094,-0.07034862,-0.06965269,-1.250348,-1.249652,-1.320001,-1.320001
0.005449250000000955,-0.07033975,-0.06966158,-1.2503389999999999,-1.2496610000000001,-1.320001,-1.320001
0.005454350000000969,-0.07033176,-0.06966956,-1.2503309999999999,-1.2496690000000001,-1.320001,-1.320001
0.005459450000000983,-0.07032466,-0.06967664,-1.250324,-1.249676,-1.320001,-1.320001
0.00546460714285814,-0.0703181,-0.06968319,-1.250317,-1.249683,-1.320001,-1.320001
0.005469764285715297,-0.07031202,-0.06968927,-1.250311,-1.249689,-1.320001,-1.320001
0.005474921428572454,-0.07030642,-0.06969488,-1.250306,-1.249694,-1.320001,-1.320001
0.00548007857142961,-0.07030129,-0.0697,-1.250301,-1.249699,-1.320001,-1.320001
0.005485235714286768,-0.07029665,-0.06970465,-1.2502959999999999,-1.2497040000000001,-1.320001,-1.320001
0.005490392857143925,-0.07029247,-0.06970882,-1.250292,-1.249708,-1.320001,-1.320001
0.005495550000001082,-0.07028878,-0.06971252,-1.2502879999999998,-1.2497120000000002,-1.320001,-1.320001
0.005499907142858237,-0.07028584,-0.06971545,-1.250285,-1.249715,-1.320001,-1.320001
0.005504264285715392,-0.0702831,-0.06971819,-1.250282,-1.249718,-1.320001,-1.320001
0.005508621428572546,-0.07028056,-0.06972074,-1.2502799999999998,-1.2497200000000002,-1.320001,-1.320001
0.0055129785714297,-0.07027821,-0.06972309,-1.250278,-1.249722,-1.320001,-1.320001
0.0055173357142868544,-0.07027605,-0.06972524,-1.250275,-1.249725,-1.320001,-1.320001
0.00552169285714401,-0.07027409,-0.0697272,-1.250273,-1.249727,-1.320001,-1.320001
0.005526050000001165,-0.07027233,-0.06972897,-1.2502719999999998,-1.2497280000000002,-1.320001,-1.320001
0.0055261500000011645,-0.07027221,-0.06972909,-1.2502719999999998,-1.2497280000000002,-1.320001,-1.320001
0.005531621428572609,-0.07027017,-0.0697311,-1.25027,-1.24973,-1.320001,-1.320001
0.005537092857144052,-0.0702683,-0.06973297,-1.250268,-1.249732,-1.320001,-1.320001
0.005542564285715496,-0.07026657,-0.06973471,-1.2502659999999999,-1.2497340000000001,-1.320001,-1.320001
0.005548035714286939,-0.07026501,-0.06973631,-1.250264,-1.249736,-1.320001,-1.320001
0.005553507142858383,-0.07026359,-0.06973777,-1.250263,-1.249737,-1.320001,-1.320001
0.005558978571429826,-0.07026234,-0.0697391,-1.250262,-1.249738,-1.320001,-1.320001
0.00556445000000127,-0.07026124,-0.0697403,-1.25026,-1.24974,-1.320001,-1.320001
0.005570335714287,-0.07026014,-0.06974139,-1.250259,-1.249741,-1.320001,-1.320001
0.005576221428572731,-0.07025913,-0.0697424,-1.250258,-1.249742,-1.320001,-1.320001
0.0055821071428584605,-0.07025821,-0.06974332,-1.250257,-1.249743,-1.320001,-1.320001
0.005587992857144192,-0.07025738,-0.06974416,-1.250257,-1.249743,-1.320001,-1.320001
0.005593878571429922,-0.07025663,-0.06974491,-1.250256,-1.249744,-1.320001,-1.320001
0.0055997642857156535,-0.07025597,-0.06974556,-1.250255,-1.249745,-1.320001,-1.320001
0.005605650000001383,-0.0702554,-0.06974614,-1.250255,-1.249745,-1.320001,-1.320001
0.0056089071428585355,-0.07025511,-0.06974642,-1.250254,-1.249746,-1.320001,-1.320001
0.005612164285715687,-0.07025484,-0.0697467,-1.250254,-1.249746,-1.320001,-1.320001
0.005615421428572839,-0.07025457,-0.06974696,-1.250254,-1.249746,-1.320001,-1.320001
0.0056186785714299895,-0.07025432,-0.06974722,-1.250254,-1.249746,-1.320001,-1.320001
0.0056219357142871405,-0.07025407,-0.06974746,-1.250253,-1.249747,-1.320001,-1.320001
0.005625192857144293,-0.07025384,-0.0697477,-1.250253,-1.249747,-1.320001,-1.320001
0.005628450000001445,-0.07025361,-0.06974792,-1.250253,-1.249747,-1.320001,-1.320001
0.005628550000001445,-0.07025361,-0.06974792,-1.250253,-1.249747,-1.320001,-1.320001
0.00563593571428718,-0.07025316,-0.06974835,-1.2502520000000001,-1.2497479999999999,-1.320001,-1.320001
0.005643321428572915,-0.07025277,-0.06974873,-1.2502520000000001,-1.2497479999999999,-1.320001,-1.320001
0.005650707142858649,-0.07025244,-0.06974908,-1.2502520000000001,-1.2497479999999999,-1.320001,-1.320001
0.005658092857144383,-0.07025217,-0.06974938,-1.250251,-1.249749,-1.320001,-1.320001
0.005665478571430118,-0.07025196,-0.06974965,-1.250251,-1.249749,-1.320001,-1.320001
0.0056728642857158534,-0.0702518,-0.06974988,-1.250251,-1.249749,-1.320001,-1.320001
0.005680250000001587,-0.0702517,-0.06975007,-1.250251,-1.249749,-1.320001,-1.320001
0.0056874785714301785,-0.07025155,-0.06975022,-1.250251,-1.249749,-1.320001,-1.320001
0.0056947071428587685,-0.07025142,-0.06975036,-1.250251,-1.249749,-1.320001,-1.320001
0.00570193571428736,-0.07025129,-0.06975049,-1.25025,-1.24975,-1.320001,-1.320001
0.005709164285715953,-0.07025117,-0.06975061,-1.25025,-1.24975,-1.320001,-1.320001
0.005716392857144543,-0.07025106,-0.06975072,-1.25025,-1.24975,-1.320001,-1.320001
0.005723621428573134,-0.07025096,-0.06975082,-1.25025,-1.24975,-1.320001,-1.320001
0.005730850000001725,-0.07025087,-0.06975091,-1.25025,-1.24975,-1.320001,-1.320001
0.0057309500000017255,-0.07025087,-0.06975091,-1.25025,-1.24975,-1.320001,-1.320001
0.005744750000001763,-0.07025073,-0.06975102,-1.25025,-1.24975,-1.320001,-1.320001
0.005758550000001801,-0.07025062,-0.06975112,-1.25025,-1.24975,-1.320001,-1.320001
0.005772350000001839,-0.07025054,-0.06975122,-1.25025,-1.24975,-1.320001,-1.320001
0.0057861500000018756,-0.07025049,-0.0697513,-1.25025,-1.24975,-1.320001,-1.320001
0.005799950000001914,-0.07025047,-0.06975138,-1.25025,-1.24975,-1.320001,-1.320001
0.005813750000001953,-0.07025047,-0.06975145,-1.25025,-1.24975,-1.320001,-1.320001
0.00582755000000199,-0.07025051,-0.0697515,-1.25025,-1.24975,-1.320001,-1.320001
0.005833350000002006,-0.07025051,-0.0697515,-1.25025,-1.24975,-1.320001,-1.320001
0.0058479642857163314,-0.0702505,-0.06975149,-1.25025,-1.24975,-1.320001,-1.320001
0.005862578571430657,-0.0702505,-0.06975149,-1.25025,-1.24975,-1.320001,-1.320001
0.005877192857144982,-0.0702505,-0.06975149,-1.25025,-1.24975,-1.320001,-1.320001
0.0058918071428593075,-0.07025052,-0.06975151,-1.25025,-1.24975,-1.320001,-1.320001
0.005906421428573634,-0.07025055,-0.06975154,-1.25025,-1.24975,-1.320001,-1.320001
0.005921035714287959,-0.07025058,-0.06975157,-1.25025,-1.24975,-1.320001,-1.320001
0.005935650000002285,-0.07025063,-0.06975162,-1.25025,-1.24975,-1.320001,-1.320001
0.0059357500000022856,-0.07025063,-0.06975162,-1.25025,-1.24975,-1.320001,-1.320001
0.006038150000002566,-0.07025063,-0.06975162,-1.25025,-1.24975,-1.320001,-1.320001
0.0061405500000028465,-0.07025075,-0.06975174,-1.25025,-1.24975,-1.320001,-1.320001
0.006242950000003126,-0.07025087,-0.06975186,-1.25025,-1.24975,-1.320001,-1.320001
0.006345350000003407,-0.07025087,-0.06975186,-1.25025,-1.24975,-1.320001,-1.320001
0.006447750000003686,-0.07025099,-0.06975198,-1.25025,-1.24975,-1.320001,-1.320001
0.006550150000003966,-0.07025111,-0.0697521,-1.25025,-1.24975,-1.3200020000000001,-1.3200020000000001
0.006652550000004246,-0.07025111,-0.0697521,-1.25025,-1.24975,-1.3200020000000001,-1.3200020000000001
0.006754950000004526,-0.07025123,-0.06975222,-1.25025,-1.24975,-1.3200020000000001,-1.3200020000000001
0.006857350000004806,-0.07025123,-0.06975222,-1.25025,-1.24975,-1.3200020000000001,-1.3200020000000001
0.006959750000005086,-0.07025135,-0.06975234,-1.25025,-1.24975,-1.3200020000000001,-1.3200020000000001
0.007062150000005366,-0.07025135,-0.06975234,-1.25025,-1.24975,-1.3200020000000001,-1.3200020000000001
0.007164550000005645,-0.07025146,-0.06975245,-1.25025,-1.24975,-1.3200020000000001,-1.3200020000000001
0.007266950000005926,-0.07025146,-0.06975245,-1.25025,-1.24975,-1.3200020000000001,-1.3200020000000001
0.007369350000006206,-0.07025158,-0.06975257,-1.25025,-1.24975,-1.3200020000000001,-1.3200020000000001
0.007471750000006486,-0.07025158,-0.06975257,-1.25025,-1.24975,-1.3200020000000001,-1.3200020000000001
0.007574150000006765,-0.07025158,-0.06975257,-1.25025,-1.24975,-1.3200020000000001,-1.3200020000000001
0.0076765500000070454,-0.0702517,-0.06975269,-1.25025,-1.24975,-1.3200020000000001,-1.3200020000000001
0.007778950000007326,-0.0702517,-0.06975269,-1.25025,-1.24975,-1.3200020000000001,-1.3200020000000001
0.007881350000007009,-0.0702517,-0.06975269,-1.25025,-1.24975,-1.3200020000000001,-1.3200020000000001
0.007983750000006402,-0.07025182,-0.06975281,-1.25025,-1.24975,-1.3200020000000001,-1.3200020000000001
0.008086150000005794,-0.07025182,-0.06975281,-1.25025,-1.24975,-1.3200020000000001,-1.3200020000000001
0.008188550000005184,-0.07025182,-0.06975281,-1.25025,-1.24975,-1.3200020000000001,-1.3200020000000001
0.008290950000004576,-0.07025194,-0.06975293,-1.25025,-1.24975,-1.3200020000000001,-1.3200020000000001
0.008393350000003968,-0.07025194,-0.06975293,-1.25025,-1.24975,-1.3200020000000001,-1.3200020000000001
0.00849575000000336,-0.07025194,-0.06975293,-1.25025,-1.24975,-1.3200020000000001,-1.3200020000000001
0.008598150000002752,-0.07025206,-0.06975305,-1.25025,-1.24975,-1.320003,-1.320003
0.008700550000002144,-0.07025206,-0.06975305,-1.25025,-1.24975,-1.320003,-1.320003
0.008802950000001536,-0.07025206,-0.06975305,-1.25025,-1.24975,-1.320003,-1.320003
0.008905350000000927,-0.07025206,-0.06975305,-1.25025,-1.24975,-1.320003,-1.320003
0.009007750000000321,-0.07025206,-0.06975305,-1.25025,-1.24975,-1.320003,-1.320003
0.009110149999999713,-0.07025218,-0.06975317,-1.25025,-1.24975,-1.320003,-1.320003
0.009212549999999105,-0.07025218,-0.06975317,-1.25025,-1.24975,-1.320003,-1.320003
0.009314949999998495,-0.07025218,-0.06975317,-1.25025,-1.24975,-1.320003,-1.320003
0.009417349999997887,-0.07025218,-0.06975317,-1.25025,-1.24975,-1.320003,-1.320003
0.00951974999999728,-0.07025218,-0.06975317,-1.25025,-1.24975,-1.320003,-1.320003
0.009622149999996672,-0.07025218,-0.06975317,-1.25025,-1.24975,-1.320003,-1.320003
0.009724549999996062,-0.0702523,-0.06975329,-1.25025,-1.24975,-1.320003,-1.320003
0.009826949999995454,-0.0702523,-0.06975329,-1.25025,-1.24975,-1.320003,-1.320003
0.009929349999994846,-0.0702523,-0.06975329,-1.25025,-1.24975,-1.320003,-1.320003
0.010031749999994241,-0.0702523,-0.06975329,-1.25025,-1.24975,-1.320003,-1.320003
0.01013414999999363,-0.0702523,-0.06975329,-1.25025,-1.24975,-1.320003,-1.320003
0.01023654999999302,-0.0702523,-0.06975329,-1.25025,-1.24975,-1.320003,-1.320003
0.01033894999999241,-0.07025242,-0.06975341,-1.25025,-1.24975,-1.320003,-1.320003
0.010441349999991809,-0.07025242,-0.06975341,-1.25025,-1.24975,-1.320003,-1.320003
0.0105437499999912,-0.07025242,-0.06975341,-1.25025,-1.24975,-1.320003,-1.320003
0.010646149999990591,-0.07025242,-0.06975341,-1.25025,-1.24975,-1.320003,-1.320003
0.01074854999998998,-0.07025242,-0.06975341,-1.25025,-1.24975,-1.320003,-1.320003
0.01085094999998937,-0.07025242,-0.06975341,-1.25025,-1.24975,-1.320003,-1.320003
0.01095334999998877,-0.07025242,-0.06975341,-1.25025,-1.24975,-1.320003,-1.320003
0.01105574999998816,-0.07025242,-0.06975341,-1.25025,-1.24975,-1.320003,-1.320003
0.01115814999998755,-0.07025242,-0.06975341,-1.25025,-1.24975,-1.320003,-1.320003
0.01126054999998694,-0.07025242,-0.06975341,-1.25025,-1.24975,-1.320003,-1.320003
0.01136294999998633,-0.07025242,-0.06975341,-1.25025,-1.24975,-1.320003,-1.320003
0.01146534999998572,-0.07025242,-0.06975341,-1.25025,-1.24975,-1.320003,-1.320003
0.01156774999998512,-0.07025242,-0.06975341,-1.25025,-1.24975,-1.320003,-1.320003
0.01167014999998451,-0.07025254,-0.06975353,-1.25025,-1.24975,-1.320003,-1.320003
0.0117725499999839,-0.07025254,-0.06975353,-1.25025,-1.24975,-1.320003,-1.320003
0.01187494999998329,-0.07025254,-0.06975353,-1.25025,-1.24975,-1.320003,-1.320003
0.01197734999998268,-0.07025254,-0.06975353,-1.25025,-1.24975,-1.320003,-1.320003
0.01207974999998208,-0.07025254,-0.06975353,-1.25025,-1.24975,-1.320003,-1.320003
0.01218214999998147,-0.07025254,-0.06975353,-1.25025,-1.24975,-1.320003,-1.320003
0.012284549999980859,-0.07025254,-0.06975353,-1.25025,-1.24975,-1.320003,-1.320003
0.01238694999998025,-0.07025254,-0.06975353,-1.25025,-1.24975,-1.320003,-1.320003
0.012489349999979641,-0.07025254,-0.06975353,-1.25025,-1.24975,-1.320003,-1.320003
0.01259174999997904,-0.07025254,-0.06975353,-1.25025,-1.24975,-1.320003,-1.320003
0.01269414999997843,-0.07025254,-0.06975353,-1.25025,-1.24975,-1.320003,-1.320003
0.01279654999997782,-0.07025254,-0.06975353,-1.25025,-1.24975,-1.320003,-1.320003
0.012898949999977209,-0.07025254,-0.06975353,-1.25025,-1.24975,-1.320003,-1.320003
0.0130013499999766,-0.07025254,-0.06975353,-1.25025,-1.24975,-1.320003,-1.320003
0.01310374999997599,-0.07025254,-0.06975353,-1.25025,-1.24975,-1.320003,-1.320003
0.013206149999975391,-0.07025254,-0.06975353,-1.25025,-1.24975,-1.320003,-1.320003
0.01330854999997478,-0.07025266,-0.06975365,-1.25025,-1.24975,-1.320003,-1.320003
0.01341094999997417,-0.07025266,-0.06975365,-1.25025,-1.24975,-1.320003,-1.320003
0.01351334999997356,-0.07025266,-0.06975365,-1.25025,-1.24975,-1.320003,-1.320003
0.01361574999997295,-0.07025266,-0.06975365,-1.25025,-1.24975,-1.320003,-1.320003
0.01371814999997235,-0.07025266,-0.06975365,-1.25025,-1.24975,-1.320003,-1.320003
0.01382054999997174,-0.07025266,-0.06975365,-1.25025,-1.24975,-1.320003,-1.320003
0.013922949999971129,-0.07025266,-0.06975365,-1.25025,-1.24975,-1.320003,-1.320003
0.01402534999997052,-0.07025266,-0.06975365,-1.25025,-1.24975,-1.320003,-1.320003
0.01412774999996991,-0.07025266,-0.06975365,-1.25025,-1.24975,-1.320003,-1.320003
0.01423014999996931,-0.07025266,-0.06975365,-1.25025,-1.24975,-1.320003,-1.320003
0.0143325499999687,-0.07025266,-0.06975365,-1.25025,-1.24975,-1.320003,-1.320003
0.01443494999996809,-0.07025266,-0.06975365,-1.25025,-1.24975,-1.320003,-1.320003
0.014537349999967482,-0.07025266,-0.06975365,-1.25025,-1.24975,-1.320003,-1.320003
0.014639749999966869,-0.07025266,-0.06975365,-1.25025,-1.24975,-1.320003,-1.320003
0.014742149999966259,-0.07025266,-0.06975365,-1.25025,-1.24975,-1.320003,-1.320003
0.01484454999996566,-0.07025266,-0.06975365,-1.25025,-1.24975,-1.320003,-1.320003
0.01494694999996505,-0.07025266,-0.06975365,-1.25025,-1.24975,-1.320003,-1.320003
0.015049349999964441,-0.07025266,-0.06975365,-1.25025,-1.24975,-1.320003,-1.320003
0.015151749999963831,-0.07025266,-0.06975365,-1.25025,-1.24975,-1.320003,-1.320003
0.015254149999963218,-0.07025266,-0.06975365,-1.25025,-1.24975,-1.320003,-1.320003
0.015356549999962619,-0.07025266,-0.06975365,-1.25025,-1.24975,-1.320003,-1.320003
0.015458949999962009,-0.07025266,-0.06975365,-1.25025,-1.24975,-1.320003,-1.320003
0.0155613499999614,-0.07025266,-0.06975365,-1.25025,-1.24975,-1.320003,-1.320003
0.01566374999996079,-0.07025266,-0.06975365,-1.25025,-1.24975,-1.320003,-1.320003
0.01576614999996018,-0.07025266,-0.06975365,-1.25025,-1.24975,-1.320003,-1.320003
0.01586854999995958,-0.07025266,-0.06975365,-1.25025,-1.24975,-1.320003,-1.320003
0.015970949999958968,-0.07025266,-0.06975365,-1.25025,-1.24975,-1.320003,-1.320003
0.01607334999995836,-0.07025266,-0.06975365,-1.25025,-1.24975,-1.320003,-1.320003
0.01617574999995775,-0.07025266,-0.06975365,-1.25025,-1.24975,-1.320003,-1.320003
0.01627814999995714,-0.07025266,-0.06975365,-1.25025,-1.24975,-1.320003,-1.320003
0.01638054999995654,-0.07025266,-0.06975365,-1.25025,-1.24975,-1.320003,-1.320003
0.01648294999995593,-0.07025266,-0.06975365,-1.25025,-1.24975,-1.320003,-1.320003
0.01658534999995532,-0.07025266,-0.06975365,-1.25025,-1.24975,-1.320003,-1.320003
0.01668774999995471,-0.07025266,-0.06975365,-1.25025,-1.24975,-1.320003,-1.320003
0.0167901499999541,-0.07025266,-0.06975365,-1.25025,-1.24975,-1.320003,-1.320003
0.0168925499999535,-0.07025266,-0.06975365,-1.25025,-1.24975,-1.320003,-1.320003
0.01699494999995289,-0.07025266,-0.06975365,-1.25025,-1.24975,-1.320003,-1.320003
0.017097349999952282,-0.07025266,-0.06975365,-1.25025,-1.24975,-1.320003,-1.320003
0.01719974999995167,-0.07025266,-0.06975365,-1.25025,-1.24975,-1.320003,-1.320003
0.01730214999995106,-0.07025266,-0.06975365,-1.25025,-1.24975,-1.320003,-1.320003
0.01740454999995045,-0.07025266,-0.06975365,-1.25025,-1.24975,-1.320003,-1.320003
0.01750694999994985,-0.07025266,-0.06975365,-1.25025,-1.24975,-1.320003,-1.320003
0.01760934999994924,-0.07025266,-0.06975365,-1.25025,-1.24975,-1.320003,-1.320003
0.01771174999994863,-0.07025266,-0.06975365,-1.25025,-1.24975,-1.320003,-1.320003
0.017814149999948018,-0.07025266,-0.06975365,-1.25025,-1.24975,-1.320003,-1.320003
0.01791654999994741,-0.07025266,-0.06975365,-1.25025,-1.24975,-1.320003,-1.320003
0.01801894999994681,-0.07025266,-0.06975365,-1.25025,-1.24975,-1.320003,-1.320003
0.0181213499999462,-0.07025266,-0.06975365,-1.25025,-1.24975,-1.320003,-1.320003
0.01822374999994559,-0.07025266,-0.06975365,-1.25025,-1.24975,-1.320003,-1.320003
0.01832614999994498,-0.07025266,-0.06975365,-1.25025,-1.24975,-1.320003,-1.320003
0.01842854999994437,-0.07025266,-0.06975365,-1.25025,-1.24975,-1.320003,-1.320003
0.018530949999943768,-0.07025266,-0.06975365,-1.25025,-1.24975,-1.320003,-1.320003
0.01863334999994316,-0.07025266,-0.06975365,-1.25025,-1.24975,-1.320003,-1.320003
0.01873574999994255,-0.07025266,-0.06975365,-1.25025,-1.24975,-1.320003,-1.320003
0.01883814999994194,-0.07025266,-0.06975365,-1.25025,-1.24975,-1.320003,-1.320003
0.018940549999941332,-0.07025266,-0.06975365,-1.25025,-1.24975,-1.320003,-1.320003
0.019042949999940717,-0.07025266,-0.06975365,-1.25025,-1.24975,-1.320003,-1.320003
0.01914534999994012,-0.07025266,-0.06975365,-1.25025,-1.24975,-1.320003,-1.320003
0.019247749999939508,-0.07025266,-0.06975365,-1.25025,-1.24975,-1.320003,-1.320003
0.0193501499999389,-0.07025266,-0.06975365,-1.25025,-1.24975,-1.320003,-1.320003
0.01945254999993829,-0.07025266,-0.06975365,-1.25025,-1.24975,-1.320003,-1.320003
0.01955494999993768,-0.07025266,-0.06975365,-1.25025,-1.24975,-1.320003,-1.320003
0.019657349999937082,-0.07025266,-0.06975365,-1.25025,-1.24975,-1.320003,-1.320003
0.019759749999936467,-0.07025266,-0.06975365,-1.25025,-1.24975,-1.320003,-1.320003
0.01986214999993586,-0.07025266,-0.06975365,-1.25025,-1.24975,-1.320003,-1.320003
0.01996454999993525,-0.07025266,-0.06975365,-1.25025,-1.24975,-1.320003,-1.320003
0.02006694999993464,-0.07025266,-0.06975365,-1.25025,-1.24975,-1.320003,-1.320003
0.02016934999993403,-0.07025266,-0.06975365,-1.25025,-1.24975,-1.320003,-1.320003
0.02027174999993343,-0.07025266,-0.06975365,-1.25025,-1.24975,-1.320003,-1.320003
0.020374149999932818,-0.07025266,-0.06975365,-1.25025,-1.24975,-1.320003,-1.320003
0.02047654999993221,-0.07025266,-0.06975365,-1.25025,-1.24975,-1.320003,-1.320003
0.0205789499999316,-0.07025266,-0.06975365,-1.25025,-1.24975,-1.320003,-1.320003
0.02068134999993099,-0.07025266,-0.06975365,-1.25025,-1.24975,-1.320003,-1.320003
0.02078374999993039,-0.07025266,-0.06975365,-1.25025,-1.24975,-1.320003,-1.320003
0.02088614999992978,-0.07025266,-0.06975365,-1.25025,-1.24975,-1.320003,-1.320003
0.02098854999992917,-0.07025266,-0.06975365,-1.25025,-1.24975,-1.320003,-1.320003
0.021090949999928558,-0.07025266,-0.06975365,-1.25025,-1.24975,-1.320003,-1.320003
0.02119334999992795,-0.07025266,-0.06975365,-1.25025,-1.24975,-1.320003,-1.320003
0.02129574999992735,-0.07025266,-0.06975365,-1.25025,-1.24975,-1.320003,-1.320003
0.02139814999992674,-0.07025266,-0.06975365,-1.25025,-1.24975,-1.320003,-1.320003
0.021500549999926132,-0.07025266,-0.06975365,-1.25025,-1.24975,-1.320003,-1.320003
0.021602949999925517,-0.07025266,-0.06975365,-1.25025,-1.24975,-1.320003,-1.320003
0.02170534999992491,-0.07025266,-0.06975365,-1.25025,-1.24975,-1.320003,-1.320003
0.0218077499999243,-0.07025266,-0.06975365,-1.25025,-1.24975,-1.320003,-1.320003
0.0219101499999237,-0.07025266,-0.06975365,-1.25025,-1.24975,-1.320003,-1.320003
0.02201254999992309,-0.07025266,-0.06975365,-1.25025,-1.24975,-1.320003,-1.320003
0.02211494999992248,-0.07025266,-0.06975365,-1.25025,-1.24975,-1.320003,-1.320003
0.02221734999992187,-0.07025266,-0.06975365,-1.25025,-1.24975,-1.320003,-1.320003
0.02231974999992126,-0.07025266,-0.06975365,-1.25025,-1.24975,-1.320003,-1.320003
0.02242214999992066,-0.07025266,-0.06975365,-1.25025,-1.24975,-1.320003,-1.320003
0.02252454999992005,-0.07025266,-0.06975365,-1.25025,-1.24975,-1.320003,-1.320003
0.02262694999991944,-0.07025266,-0.06975365,-1.25025,-1.24975,-1.320003,-1.320003
0.02272934999991883,-0.07025266,-0.06975365,-1.25025,-1.24975,-1.320003,-1.320003
0.02283174999991822,-0.07025266,-0.06975365,-1.25025,-1.24975,-1.320003,-1.320003
0.02293414999991762,-0.07025266,-0.06975365,-1.25025,-1.24975,-1.320003,-1.320003
0.02303654999991701,-0.07025266,-0.06975365,-1.25025,-1.24975,-1.320003,-1.320003
0.0231389499999164,-0.07025266,-0.06975365,-1.25025,-1.24975,-1.320003,-1.320003
0.02324134999991579,-0.07025266,-0.06975365,-1.25025,-1.24975,-1.320003,-1.320003
0.023343749999915182,-0.07025266,-0.06975365,-1.25025,-1.24975,-1.320003,-1.320003
0.023446149999914567,-0.07025266,-0.06975365,-1.25025,-1.24975,-1.320003,-1.320003
0.02354854999991397,-0.07025266,-0.06975365,-1.25025,-1.24975,-1.320003,-1.320003
0.023650949999913358,-0.07025266,-0.06975365,-1.25025,-1.24975,-1.320003,-1.320003
0.02375334999991275,-0.07025266,-0.06975365,-1.25025,-1.24975,-1.320003,-1.320003
0.02385574999991214,-0.07025266,-0.06975365,-1.25025,-1.24975,-1.320003,-1.320003
0.02395814999991153,-0.07025266,-0.06975365,-1.25025,-1.24975,-1.320003,-1.320003
0.024060549999910932,-0.07025266,-0.06975365,-1.25025,-1.24975,-1.320003,-1.320003
0.024162949999910317,-0.07025266,-0.06975365,-1.25025,-1.24975,-1.320003,-1.320003
0.02426534999990971,-0.07025266,-0.06975365,-1.25025,-1.24975,-1.320003,-1.320003
0.0243677499999091,-0.07025266,-0.06975365,-1.25025,-1.24975,-1.320003,-1.320003
0.02447014999990849,-0.07025266,-0.06975365,-1.25025,-1.24975,-1.320003,-1.320003
0.02457254999990789,-0.07025266,-0.06975365,-1.25025,-1.24975,-1.320003,-1.320003
0.02467494999990728,-0.07025266,-0.06975365,-1.25025,-1.24975,-1.320003,-1.320003
0.02477734999990667,-0.07025266,-0.06975365,-1.25025,-1.24975,-1.320003,-1.320003
0.02487974999990606,-0.07025266,-0.06975365,-1.25025,-1.24975,-1.320003,-1.320003
0.02498214999990545,-0.07025266,-0.06975365,-1.25025,-1.24975,-1.320003,-1.320003
0.025,-0.07025266,-0.06975365,-1.25025,-1.24975,-1.320003,-1.320003
0.02500001,-0.07024133,-0.06976509,-1.250113,-1.249637,-1.319878,-1.319878
0.02500003,-0.07021868,-0.06978786,-1.24984,-1.2494100000000001,-1.319628,-1.319628
0.0250002,-0.07002592,-0.0699805,-1.247523,-1.247477,-1.317503,-1.317503
0.02500027,-0.06994665,-0.07005978,-1.2465680000000001,-1.246682,-1.3166280000000001,-1.3166280000000001
0.02500186714285714,-0.0681701,-0.07183632,-1.224828,-1.228494,-1.296664,-1.296664
0.025003464285714268,-0.06644095,-0.07356547,-1.203134,-1.210259,-1.2767,-1.2767
0.0250050614285714,-0.06475921,-0.07524721,-1.1814879999999999,-1.191976,-1.256735,-1.256735
0.02500665857142853,-0.06312487,-0.07688155,-1.1598899999999999,-1.173646,-1.2367709999999998,-1.2367709999999998
0.02500825571428567,-0.06153793,-0.0784685,-1.1383379999999998,-1.155269,-1.216807,-1.216807
0.0250098528571428,-0.05999839,-0.08000803,-1.116834,-1.136844,-1.196843,-1.196843
0.025011449999999942,-0.05850625,-0.08150017,-1.095378,-1.118372,-1.176878,-1.176878
0.02501534999999991,-0.05506835,-0.084938,-1.04319,-1.0730600000000001,-1.128128,-1.128128
0.025019249999999892,-0.05183054,-0.08817576,-0.9912023999999999,-1.027548,-1.0793780000000002,-1.0793780000000002
0.02502314999999987,-0.04879281,-0.09121345,-0.9394146999999999,-0.9818353000000001,-1.030628,-1.030628
0.02502704999999984,-0.04595517,-0.09405107,-0.887827,-0.935923,-0.9818780999999999,-0.9818780999999999
0.02503094999999982,-0.04331761,-0.09668863,-0.8364395,-0.8898105,-0.9331280999999999,-0.9331280999999999
0.0250348499999998,-0.04088014,-0.09912612,-0.7852520000000001,-0.843498,-0.8843781,-0.8843781
0.02503874999999977,-0.03864276,-0.1013635,-0.7342645999999999,-0.7969854000000001,-0.8356281999999999,-0.8356281999999999
0.0250421071428569,-0.03682655,-0.1031798,-0.6904840999999999,-0.7568373,-0.7936639,-0.7936639
0.02504546428571402,-0.03510352,-0.1049028,-0.6467968000000001,-0.7165961,-0.7516996,-0.7516996
0.02504882142857114,-0.03347367,-0.1065327,-0.6032026,-0.6762617,-0.7097353,-0.7097353
0.02505217857142826,-0.031937,-0.1080694,-0.5597017,-0.635834,-0.667771,-0.667771
0.02505553571428539,-0.03049351,-0.1095128,-0.5162939000000001,-0.5953132,-0.6258068,-0.6258068
0.02505889285714251,-0.02914321,-0.1108631,-0.4729793,-0.5546993,-0.5838425,-0.5838425
0.02506224999999963,-0.02788609,-0.1121202,-0.4297579000000001,-0.5139921,-0.5418782,-0.5418782
0.02506446428571391,-0.02709198,-0.11291430000000001,-0.4012852,-0.48710760000000003,-0.5141996,-0.5141996
0.02506667857142818,-0.02632622,-0.11368010000000002,-0.37284090000000003,-0.4601948,-0.486521,-0.486521
0.02506889285714245,-0.02558881,-0.11441749999999999,-0.34442490000000003,-0.4332536,-0.4588424,-0.4588424
0.025071107142856732,-0.02487975,-0.11512660000000001,-0.3160373,-0.4062841,-0.4311639,-0.4311639
0.025073321428571,-0.02419903,-0.11580730000000002,-0.28767800000000004,-0.37928629999999997,-0.4034853,-0.4034853
0.02507553571428527,-0.02354666,-0.1164596,-0.2593471,-0.35226009999999996,-0.3758067,-0.3758067
0.02507774999999954,-0.02292264,-0.1170836,-0.2310445,-0.3252055,-0.3481281,-0.3481281
0.025083949999999508,-0.02129516,-0.11871110000000001,-0.151917,-0.249333,-0.2706281,-0.2706281
0.02508799285714234,-0.02033868,-0.11966760000000001,-0.10042480000000001,-0.1997537,-0.2200924,-0.2200924
0.025092035714285168,-0.01943908,-0.1205672,-0.04898953,-0.15011760000000002,-0.1695567,-0.1695567
0.025096078571428,-0.01859635,-0.12140989999999999,0.00238891,-0.1004246,-0.119021,-0.119021
0.02510012142857084,-0.01781051,-0.12219569999999999,0.05371047,-0.05067475,-0.06848526,-0.06848526
0.02510416428571367,-0.01708154,-0.12292470000000001,0.1049751,-0.0008680033999999999,-0.01794954,-0.01794954
0.02510820714285651,-0.01640945,-0.1235968,0.15618289999999999,0.04899563,0.03258617,0.03258617
0.02511224999999934,-0.01579424,-0.12421199999999999,0.2073339,0.09891614,0.0831219,0.0831219
0.02511779285714216,-0.01502265,-0.1249835,0.2773912,0.16743029999999998,0.1524076,0.1524076
0.02512333571428499,-0.0143094,-0.1256968,0.3473901,0.2360027,0.2216933,0.2216933
0.025128878571427808,-0.01365449,-0.1263517,0.4173307,0.3046336,0.2909791,0.2909791
0.02513442142857063,-0.01305791,-0.12694819999999998,0.487213,0.3733227,0.36026479999999994,0.36026479999999994
0.02513996428571346,-0.01251967,-0.1274865,0.557037,0.4420702,0.4295505,0.4295505
0.02514550714285628,-0.01203976,-0.1279663,0.6268026,0.510876,0.4988362,0.4988362
0.02515104999999911,-0.0116182,-0.1283879,0.6965098000000001,0.5797401999999999,0.568122,0.568122
0.02515607857142765,-0.011264,-0.1287421,0.7597212,0.6422431,0.6309791,0.6309791
0.02516110714285619,-0.01093421,-0.12907180000000001,0.8229081,0.7047705,0.6938363000000001,0.6938363000000001
0.02516613571428473,-0.01062883,-0.1293772,0.8860706,0.7673222,0.7566934000000001,0.7566934000000001
0.02517116428571327,-0.01034786,-0.12965810000000003,0.9492086999999999,0.8298984,0.8195505999999999,0.8195505999999999
0.02517619285714181,-0.0100913,-0.1299146,1.012322,0.8924989999999999,0.8824076999999999,0.8824076999999999
0.02518122142857036,-0.009859157,-0.13014669999999998,1.075412,0.9551241,0.9452649,0.9452649
0.0251862499999989,-0.009651423000000001,-0.13035439999999998,1.138476,1.017774,1.008122,1.008122
0.0251863499999989,-0.009647489,-0.1303586,1.139731,1.0190190000000001,1.009372,1.009372
0.0252,-0.009154081,-0.13085170000000002,1.310849,1.189151,1.179997,1.179997
0.02520001,-0.009165049,-0.1308408,1.310838,1.189162,1.179997,1.179997
0.02520003,-0.009187101999999999,-0.13081869999999998,1.310816,1.189184,1.179997,1.179997
0.02520504714285712,-0.01439042,-0.1256154,1.305612,1.194388,1.179997,1.179997
0.02521006428571423,-0.01922257,-0.12078330000000001,1.3007799999999998,1.1992200000000002,1.179997,1.179997
0.025215081428571342,-0.02368354,-0.11632229999999999,1.296319,1.203681,1.179997,1.179997
0.02522009857142845,-0.02777334,-0.1122325,1.29223,1.20777,1.179997,1.179997
0.025225115714285568,-0.03149196,-0.1085139,1.288511,1.211489,1.179997,1.179997
0.025230132857142682,-0.03483941,-0.1051664,1.2851629999999998,1.2148370000000002,1.179997,1.179997
0.02523514999999979,-0.03781569,-0.1021901,1.2821870000000002,1.2178129999999998,1.179997,1.179997
0.02524016428571405,-0.04055802,-0.09944772,1.2794450000000002,1.2205549999999998,1.179997,1.179997
0.0252451785714283,-0.04310481,-0.09690085,1.2768979999999999,1.2231020000000001,1.179997,1.179997
0.02525019285714256,-0.04545607,-0.09454953,1.2745469999999999,1.2254530000000001,1.179997,1.179997
0.02525520714285682,-0.0476118,-0.09239377,1.272391,1.227609,1.179997,1.179997
0.02526022142857107,-0.049572,-0.09043356,1.2704309999999999,1.2295690000000001,1.179997,1.179997
0.025265235714285333,-0.05133667,-0.0886689,1.268666,1.231334,1.179997,1.179997
0.02527024999999959,-0.0529058,-0.08709979,1.267097,1.232903,1.179997,1.179997
0.02527283571428528,-0.05367736,-0.08632825,1.266325,1.233675,1.179997,1.179997
0.02527542142857098,-0.05441712,-0.0855885,1.265586,1.234414,1.179997,1.179997
0.02527800714285668,-0.05512508,-0.08488053,1.2648780000000002,1.2351219999999998,1.179997,1.179997
0.025280592857142382,-0.05580123,-0.08420434,1.264202,1.235798,1.179997,1.179997
0.025283178571428082,-0.05644558,-0.08355993,1.263557,1.236443,1.179997,1.179997
0.02528576428571378,-0.05705813,-0.08294731,1.262945,1.237055,1.179997,1.179997
0.02528834999999948,-0.05763888,-0.08236647,1.262364,1.237636,1.179997,1.179997
0.02528844999999948,-0.05766094,-0.08234441,1.262342,1.237658,1.179997,1.179997
0.025293464285713732,-0.05869926,-0.0813061,1.261303,1.238697,1.179997,1.179997
0.02529847857142799,-0.05966354,-0.08034181,1.2603389999999999,1.2396610000000001,1.179997,1.179997
0.02530349285714224,-0.06055378,-0.07945157,1.259449,1.240551,1.179997,1.179997
0.0253085071428565,-0.06136999,-0.07863536,1.258633,1.241367,1.179997,1.179997
0.02531352142857076,-0.06211216,-0.07789319,1.257891,1.242109,1.179997,1.179997
0.02531853571428501,-0.0627803,-0.07722505,1.2572219999999998,1.2427780000000002,1.179997,1.179997
0.025323549999999268,-0.0633744,-0.07663095,1.256628,1.243372,1.179997,1.179997
0.02532857857142781,-0.06392356,-0.0760817,1.2560790000000002,1.2439209999999998,1.179997,1.179997
0.02533360714285635,-0.06443347,-0.07557171,1.2555690000000002,1.2444309999999998,1.179997,1.179997
0.02533863571428489,-0.06490414,-0.075101,1.255098,1.244902,1.179997,1.179997
0.02534366428571343,-0.06533555,-0.07466954,1.254667,1.245333,1.179997,1.179997
0.02534869285714198,-0.06572773,-0.07427736,1.254275,1.245725,1.179997,1.179997
0.02535372142857052,-0.06608065,-0.07392444,1.253922,1.246078,1.179997,1.179997
0.02535874999999906,-0.06639433,-0.07361078,1.253608,1.246392,1.179997,1.179997
0.025363321428570458,-0.06665898,-0.07334615,1.253344,1.246656,1.179997,1.179997
0.02536789285714186,-0.06690608,-0.07309906,1.253096,1.246904,1.179997,1.179997
0.02537246428571326,-0.06713563,-0.0728695,1.252867,1.247133,1.179997,1.179997
0.02537703571428467,-0.06734761,-0.07265748,1.2526549999999999,1.2473450000000001,1.179997,1.179997
0.025381607142856068,-0.06754205,-0.07246299,1.2524600000000001,1.2475399999999999,1.179997,1.179997
0.02538617857142747,-0.06771892,-0.07228604,1.252284,1.247716,1.1799979999999999,1.1799979999999999
0.02539074999999887,-0.06787825,-0.07212663,1.252124,1.247876,1.1799979999999999,1.1799979999999999
0.02539084999999887,-0.0678817,-0.07212317,1.2521209999999998,1.2478790000000002,1.1799979999999999,1.1799979999999999
0.02539587857142741,-0.06804278,-0.0719621,1.25196,1.24804,1.1799979999999999,1.1799979999999999
0.02540090714285595,-0.06819235,-0.07181253,1.25181,1.24819,1.1799979999999999,1.1799979999999999
0.02540593571428449,-0.06833042,-0.07167446,1.251672,1.248328,1.1799979999999999,1.1799979999999999
0.02541096428571303,-0.06845698,-0.07154789,1.2515450000000001,1.2484549999999999,1.1799979999999999,1.1799979999999999
0.025415992857141582,-0.06857205,-0.07143283,1.2514299999999998,1.2485700000000002,1.1799979999999999,1.1799979999999999
0.02542102142857012,-0.06867561,-0.07132927,1.251327,1.248673,1.1799979999999999,1.1799979999999999
0.02542604999999866,-0.06876767,-0.07123721,1.251235,1.248765,1.1799979999999999,1.1799979999999999
0.0254310785714272,-0.0688525,-0.07115239,1.25115,1.24885,1.1799979999999999,1.1799979999999999
0.02543610714285574,-0.06893127,-0.07107363,1.2510709999999998,1.2489290000000002,1.1799979999999999,1.1799979999999999
0.02544113571428429,-0.06900396,-0.07100092,1.250998,1.249002,1.1799979999999999,1.1799979999999999
0.025446164285712832,-0.06907058,-0.07093427,1.250932,1.249068,1.1799979999999999,1.1799979999999999
0.02545119285714137,-0.06913113,-0.07087367,1.2508709999999998,1.2491290000000002,1.1799979999999999,1.1799979999999999
0.02545622142856991,-0.06918561,-0.07081912,1.250817,1.249183,1.1799979999999999,1.1799979999999999
0.02546124999999845,-0.06923401,-0.07077062,1.250768,1.249232,1.1799979999999999,1.1799979999999999
0.025465807142855568,-0.06927478,-0.07072985,1.250728,1.249272,1.1799979999999999,1.1799979999999999
0.02547036428571268,-0.06931285,-0.07069178,1.250689,1.249311,1.1799979999999999,1.1799979999999999
0.0254749214285698,-0.06934823,-0.07065641,1.2506540000000002,1.2493459999999998,1.1799979999999999,1.1799979999999999
0.02547947857142691,-0.06938091,-0.07062373,1.250621,1.249379,1.1799979999999999,1.1799979999999999
0.02548403571428403,-0.06941089,-0.07059374,1.250591,1.249409,1.1799979999999999,1.1799979999999999
0.02548859285714114,-0.06943818,-0.07056645,1.250564,1.249436,1.1799979999999999,1.1799979999999999
0.02549314999999826,-0.06946278,-0.07054186,1.25054,1.24946,1.1799979999999999,1.1799979999999999
0.02549324999999826,-0.06946325,-0.07054138,1.2505389999999998,1.2494610000000002,1.1799979999999999,1.1799979999999999
0.02549830714285538,-0.06948828,-0.07051627,1.250514,1.249486,1.1799979999999999,1.1799979999999999
0.02550336428571249,-0.06951151,-0.07049296,1.250491,1.249509,1.1799979999999999,1.1799979999999999
0.0255084214285696,-0.06953295,-0.07047146,1.250469,1.249531,1.1799979999999999,1.1799979999999999
0.02551347857142671,-0.06955261,-0.07045178,1.25045,1.24955,1.1799979999999999,1.1799979999999999
0.025518535714283832,-0.06957047,-0.0704339,1.250432,1.249568,1.1799979999999999,1.1799979999999999
0.02552359285714094,-0.06958654,-0.07041783,1.250416,1.249584,1.1799979999999999,1.1799979999999999
0.02552864999999805,-0.06960082,-0.07040358,1.250401,1.249599,1.1799979999999999,1.1799979999999999
0.02553373571428374,-0.06961405,-0.07039037,1.2503879999999998,1.2496120000000002,1.1799979999999999,1.1799979999999999
0.02553882142856942,-0.06962631,-0.07037811,1.250376,1.249624,1.1799979999999999,1.1799979999999999
0.0255439071428551,-0.06963761,-0.0703668,1.250365,1.249635,1.1799979999999999,1.1799979999999999
0.025548992857140792,-0.06964795,-0.07035643,1.2503540000000002,1.2496459999999998,1.1799979999999999,1.1799979999999999
0.02555407857142647,-0.06965732,-0.070347,1.250345,1.249655,1.1799979999999999,1.1799979999999999
0.02555916428571215,-0.06966573,-0.07033852,1.2503360000000001,1.2496639999999999,1.1799979999999999,1.1799979999999999
0.025564249999997842,-0.06967318,-0.07033098,1.250329,1.249671,1.1799979999999999,1.1799979999999999
0.02556872142856924,-0.06967935,-0.07032481,1.2503229999999999,1.2496770000000001,1.1799979999999999,1.1799979999999999
0.02557319285714064,-0.0696851,-0.07031906,1.250317,1.249683,1.1799979999999999,1.1799979999999999
0.02557766428571204,-0.06969045,-0.07031371,1.250312,1.249688,1.1799979999999999,1.1799979999999999
0.02558213571428345,-0.06969539,-0.07030877,1.250307,1.249693,1.1799979999999999,1.1799979999999999
0.02558660714285485,-0.06969992,-0.07030424,1.250302,1.249698,1.1799979999999999,1.1799979999999999
0.02559107857142625,-0.06970404,-0.07030012,1.250298,1.249702,1.1799979999999999,1.1799979999999999
0.02559554999999765,-0.06970775,-0.07029641,1.250294,1.249706,1.1799979999999999,1.1799979999999999
0.02559564999999765,-0.06970787,-0.07029629,1.250294,1.249706,1.1799979999999999,1.1799979999999999
0.02560089285714048,-0.06971185,-0.07029234,1.25029,1.24971,1.1799979999999999,1.1799979999999999
0.025606135714283308,-0.06971553,-0.07028866,1.2502870000000001,1.2497129999999999,1.1799979999999999,1.1799979999999999
0.025611378571426133,-0.06971892,-0.07028525,1.250283,1.249717,1.1799979999999999,1.1799979999999999
0.02561662142856896,-0.06972202,-0.07028212,1.2502799999999998,1.2497200000000002,1.1799979999999999,1.1799979999999999
0.025621864285711782,-0.06972483,-0.07027926,1.250277,1.249723,1.1799979999999999,1.1799979999999999
0.02562710714285461,-0.06972734,-0.07027667,1.250275,1.249725,1.1799979999999999,1.1799979999999999
0.02563234999999743,-0.06972957,-0.07027435,1.2502719999999998,1.2497280000000002,1.1799979999999999,1.1799979999999999
0.02563780714285455,-0.06973167,-0.07027225,1.25027,1.24973,1.1799979999999999,1.1799979999999999
0.025643264285711658,-0.06973361,-0.0702703,1.250268,1.249732,1.1799979999999999,1.1799979999999999
0.02564872142856877,-0.06973541,-0.07026851,1.250267,1.249733,1.1799979999999999,1.1799979999999999
0.025654178571425882,-0.06973704,-0.07026688,1.250265,1.249735,1.1799979999999999,1.1799979999999999
0.02565963571428299,-0.06973852,-0.0702654,1.250263,1.249737,1.1799979999999999,1.1799979999999999
0.0256650928571401,-0.06973984,-0.07026408,1.250262,1.249738,1.1799979999999999,1.1799979999999999
0.02567054999999721,-0.06974101,-0.07026291,1.250261,1.249739,1.1799979999999999,1.1799979999999999
0.02567446428571147,-0.06974179,-0.07026204,1.25026,1.24974,1.1799979999999999,1.1799979999999999
0.02567837857142573,-0.06974251,-0.07026124,1.250259,1.249741,1.1799979999999999,1.1799979999999999
0.02568229285713999,-0.06974319,-0.07026051,1.250259,1.249741,1.1799979999999999,1.1799979999999999
0.02568620714285426,-0.06974382,-0.07025984,1.250258,1.249742,1.1799979999999999,1.1799979999999999
0.025690121428568517,-0.0697444,-0.07025925,1.250257,1.249743,1.1799979999999999,1.1799979999999999
0.025694035714282783,-0.06974494,-0.07025872,1.250257,1.249743,1.1799979999999999,1.1799979999999999
0.02569794999999705,-0.06974542,-0.07025826,1.250256,1.249744,1.1799979999999999,1.1799979999999999
0.02569804999999704,-0.06974542,-0.07025826,1.250256,1.249744,1.1799979999999999,1.1799979999999999
0.02570437857142558,-0.06974621,-0.07025749,1.250256,1.249744,1.1799979999999999,1.1799979999999999
0.02571070714285411,-0.06974692,-0.0702568,1.250255,1.249745,1.1799979999999999,1.1799979999999999
0.02571703571428265,-0.06974753,-0.07025617,1.250254,1.249746,1.1799979999999999,1.1799979999999999
0.025723364285711182,-0.06974806,-0.0702556,1.250254,1.249746,1.1799979999999999,1.1799979999999999
0.02572969285713971,-0.0697485,-0.07025511,1.250253,1.249747,1.1799979999999999,1.1799979999999999
0.02573602142856825,-0.06974885,-0.07025468,1.250253,1.249747,1.1799979999999999,1.1799979999999999
0.02574234999999678,-0.06974912,-0.07025433,1.250253,1.249747,1.1799979999999999,1.1799979999999999
0.02574994999999674,-0.06974949,-0.07025395,1.2502520000000001,1.2497479999999999,1.1799979999999999,1.1799979999999999
0.02575754999999669,-0.06974984,-0.0702536,1.2502520000000001,1.2497479999999999,1.1799979999999999,1.1799979999999999
0.02576514999999665,-0.06975016,-0.07025328,1.2502520000000001,1.2497479999999999,1.1799979999999999,1.1799979999999999
0.0257727499999966,-0.06975045,-0.07025299,1.250251,1.249749,1.1799979999999999,1.1799979999999999
0.02578034999999656,-0.06975071,-0.07025273,1.250251,1.249749,1.1799979999999999,1.1799979999999999
0.02578794999999651,-0.06975094,-0.0702525,1.250251,1.249749,1.1799979999999999,1.1799979999999999
0.02579554999999647,-0.06975114,-0.0702523,1.250251,1.249749,1.1799979999999999,1.1799979999999999
0.02580044999999644,-0.06975102,-0.07025218,1.250251,1.249749,1.1799979999999999,1.1799979999999999
0.0258111214285678,-0.06975124,-0.07025199,1.25025,1.24975,1.1799979999999999,1.1799979999999999
0.02582179285713917,-0.06975142,-0.07025181,1.25025,1.24975,1.1799979999999999,1.1799979999999999
0.02583246428571053,-0.06975156,-0.07025165,1.25025,1.24975,1.1799979999999999,1.1799979999999999
0.0258431357142819,-0.06975167,-0.07025152,1.25025,1.24975,1.1799979999999999,1.1799979999999999
0.02585380714285326,-0.06975173,-0.0702514,1.25025,1.24975,1.1799979999999999,1.1799979999999999
0.02586447857142463,-0.06975175,-0.0702513,1.25025,1.24975,1.1799979999999999,1.1799979999999999
0.025875149999995992,-0.06975174,-0.07025123,1.25025,1.24975,1.179999,1.179999
0.02590284999999583,-0.06975186,-0.07025111,1.25025,1.24975,1.179999,1.179999
0.02591746428571003,-0.06975187,-0.07025103,1.25025,1.24975,1.179999,1.179999
0.02593207857142423,-0.06975187,-0.07025096,1.25025,1.24975,1.179999,1.179999
0.02594669285713842,-0.06975187,-0.0702509,1.25025,1.24975,1.179999,1.179999
0.025961307142852632,-0.06975185,-0.07025084,1.250249,1.249751,1.179999,1.179999
0.02597592142856682,-0.06975182,-0.0702508,1.250249,1.249751,1.179999,1.179999
0.02599053571428102,-0.06975179,-0.07025077,1.250249,1.249751,1.179999,1.179999
0.02600514999999522,-0.06975174,-0.07025075,1.25025,1.24975,1.179999,1.179999
0.02600524999999522,-0.06975174,-0.07025075,1.25025,1.24975,1.179999,1.179999
0.026107649999994608,-0.06975162,-0.07025063,1.25025,1.24975,1.179999,1.179999
0.026210049999994,-0.0697515,-0.07025051,1.25025,1.24975,1.179999,1.179999
0.0263124499999934,-0.06975126,-0.07025027,1.25025,1.24975,1.179999,1.179999
0.02641484999999279,-0.06975114,-0.07025015,1.25025,1.24975,1.179999,1.179999
0.026517249999992182,-0.06975102,-0.07025003,1.25025,1.24975,1.179999,1.179999
0.026619649999991567,-0.06975091,-0.07024992,1.25025,1.24975,1.18,1.18
0.02672204999999096,-0.06975067,-0.07024968,1.25025,1.24975,1.18,1.18
0.026824449999990358,-0.06975055,-0.07024956,1.25025,1.24975,1.18,1.18
0.02692684999998975,-0.06975043,-0.07024944,1.25025,1.24975,1.18,1.18
0.027029249999989142,-0.06975031,-0.07024932,1.25025,1.24975,1.18,1.18
0.02713164999998853,-0.06975019,-0.0702492,1.25025,1.24975,1.18,1.18
0.02723404999998792,-0.06975007,-0.07024908,1.25025,1.24975,1.18,1.18
0.02733644999998731,-0.06975007,-0.07024908,1.25025,1.24975,1.18,1.18
0.02743884999998671,-0.06974995,-0.07024896,1.25025,1.24975,1.180001,1.180001
0.0275412499999861,-0.06974983,-0.07024884,1.25025,1.24975,1.180001,1.180001
0.02764364999998549,-0.06974971,-0.07024872,1.25025,1.24975,1.180001,1.180001
0.02774604999998488,-0.06974959,-0.0702486,1.25025,1.24975,1.180001,1.180001
0.02784844999998427,-0.06974959,-0.0702486,1.25025,1.24975,1.180001,1.180001
0.02795084999998367,-0.06974947,-0.07024848,1.25025,1.24975,1.180001,1.180001
0.02805324999998306,-0.06974936,-0.07024837,1.25025,1.24975,1.180001,1.180001
0.02815564999998245,-0.06974936,-0.07024837,1.25025,1.24975,1.180001,1.180001
0.028258049999981837,-0.06974924,-0.07024825,1.25025,1.24975,1.180001,1.180001
0.028360449999981233,-0.06974924,-0.07024825,1.25025,1.24975,1.180001,1.180001
0.028462849999980618,-0.06974912,-0.07024813,1.25025,1.24975,1.180001,1.180001
0.02856524999998002,-0.06974912,-0.07024813,1.25025,1.24975,1.180001,1.180001
0.02866764999997941,-0.069749,-0.07024801,1.25025,1.24975,1.180001,1.180001
0.0287700499999788,-0.069749,-0.07024801,1.25025,1.24975,1.180001,1.180001
0.02887244999997819,-0.06974888,-0.07024789,1.25025,1.24975,1.180002,1.180002
0.02897484999997758,-0.06974888,-0.07024789,1.25025,1.24975,1.180002,1.180002
0.029077249999976983,-0.06974876,-0.07024777,1.25025,1.24975,1.180002,1.180002
0.029179649999976368,-0.06974876,-0.07024777,1.25025,1.24975,1.180002,1.180002
0.029282049999975763,-0.06974864,-0.07024765,1.25025,1.24975,1.180002,1.180002
0.02938444999997515,-0.06974864,-0.07024765,1.25025,1.24975,1.180002,1.180002
0.029486849999974536,-0.06974864,-0.07024765,1.25025,1.24975,1.180002,1.180002
0.02958924999997394,-0.06974852,-0.07024753,1.25025,1.24975,1.180002,1.180002
0.02969164999997333,-0.06974852,-0.07024753,1.25025,1.24975,1.180002,1.180002
0.02979404999997272,-0.06974852,-0.07024753,1.25025,1.24975,1.180002,1.180002
0.029896449999972114,-0.06974852,-0.07024753,1.25025,1.24975,1.180002,1.180002
0.0299988499999715,-0.0697484,-0.07024741,1.25025,1.24975,1.180002,1.180002
0.030101249999970887,-0.0697484,-0.07024741,1.25025,1.24975,1.180002,1.180002
0.030203649999970286,-0.0697484,-0.07024741,1.25025,1.24975,1.180002,1.180002
0.03030604999996968,-0.06974828,-0.07024729,1.25025,1.24975,1.180002,1.180002
0.03040844999996907,-0.06974828,-0.07024729,1.25025,1.24975,1.180002,1.180002
0.030510849999968462,-0.06974828,-0.07024729,1.25025,1.24975,1.180002,1.180002
0.03061324999996785,-0.06974828,-0.07024729,1.25025,1.24975,1.180002,1.180002
0.03071564999996725,-0.06974828,-0.07024729,1.25025,1.24975,1.180002,1.180002
0.030818049999966637,-0.06974816,-0.07024717,1.25025,1.24975,1.180002,1.180002
0.030920449999966033,-0.06974816,-0.07024717,1.25025,1.24975,1.180002,1.180002
0.031022849999965418,-0.06974816,-0.07024717,1.25025,1.24975,1.180002,1.180002
0.031125249999964813,-0.06974816,-0.07024717,1.25025,1.24975,1.180002,1.180002
0.031227649999964212,-0.06974816,-0.07024717,1.25025,1.24975,1.180002,1.180002
0.031330049999966365,-0.06974804,-0.07024705,1.25025,1.24975,1.180002,1.180002
0.03143244999996932,-0.06974804,-0.07024705,1.25025,1.24975,1.180002,1.180002
0.03153484999997226,-0.06974804,-0.07024705,1.25025,1.24975,1.180002,1.180002
0.03163724999997521,-0.06974804,-0.07024705,1.25025,1.24975,1.180002,1.180002
0.03173964999997815,-0.06974804,-0.07024705,1.25025,1.24975,1.180002,1.180002
0.0318420499999811,-0.06974804,-0.07024705,1.25025,1.24975,1.180002,1.180002
0.03194444999998404,-0.06974804,-0.07024705,1.25025,1.24975,1.180002,1.180002
0.032046849999986984,-0.06974792,-0.07024693,1.25025,1.24975,1.1800030000000001,1.1800030000000001
0.03214924999998993,-0.06974792,-0.07024693,1.25025,1.24975,1.1800030000000001,1.1800030000000001
0.03225164999999287,-0.06974792,-0.07024693,1.25025,1.24975,1.1800030000000001,1.1800030000000001
0.03235404999999582,-0.06974792,-0.07024693,1.25025,1.24975,1.1800030000000001,1.1800030000000001
0.03245644999999876,-0.06974792,-0.07024693,1.25025,1.24975,1.1800030000000001,1.1800030000000001
0.032558850000001714,-0.06974792,-0.07024693,1.25025,1.24975,1.1800030000000001,1.1800030000000001
0.03266125000000465,-0.06974792,-0.07024693,1.25025,1.24975,1.1800030000000001,1.1800030000000001
0.0327636500000076,-0.06974792,-0.07024693,1.25025,1.24975,1.1800030000000001,1.1800030000000001
0.032866050000010534,-0.06974792,-0.07024693,1.25025,1.24975,1.1800030000000001,1.1800030000000001
0.032968450000013486,-0.06974792,-0.07024693,1.25025,1.24975,1.1800030000000001,1.1800030000000001
0.03307085000001643,-0.06974792,-0.07024693,1.25025,1.24975,1.1800030000000001,1.1800030000000001
0.03317325000001938,-0.06974792,-0.07024693,1.25025,1.24975,1.1800030000000001,1.1800030000000001
0.03327565000002232,-0.06974781,-0.07024682,1.25025,1.24975,1.1800030000000001,1.1800030000000001
0.033378050000025264,-0.06974781,-0.07024682,1.25025,1.24975,1.1800030000000001,1.1800030000000001
0.033480450000028215,-0.06974781,-0.07024682,1.25025,1.24975,1.1800030000000001,1.1800030000000001
0.03358285000003115,-0.06974781,-0.07024682,1.25025,1.24975,1.1800030000000001,1.1800030000000001
0.0336852500000341,-0.06974781,-0.07024682,1.25025,1.24975,1.1800030000000001,1.1800030000000001
0.033787650000037035,-0.06974781,-0.07024682,1.25025,1.24975,1.1800030000000001,1.1800030000000001
0.03389005000003999,-0.06974781,-0.07024682,1.25025,1.24975,1.1800030000000001,1.1800030000000001
0.03399245000004293,-0.06974781,-0.07024682,1.25025,1.24975,1.1800030000000001,1.1800030000000001
0.03409485000004588,-0.06974781,-0.07024682,1.25025,1.24975,1.1800030000000001,1.1800030000000001
0.03419725000004882,-0.06974781,-0.07024682,1.25025,1.24975,1.1800030000000001,1.1800030000000001
0.03429965000005177,-0.06974781,-0.07024682,1.25025,1.24975,1.1800030000000001,1.1800030000000001
0.03440205000005471,-0.06974781,-0.07024682,1.25025,1.24975,1.1800030000000001,1.1800030000000001
0.03450445000005765,-0.06974781,-0.07024682,1.25025,1.24975,1.1800030000000001,1.1800030000000001
0.0346068500000606,-0.06974781,-0.07024682,1.25025,1.24975,1.1800030000000001,1.1800030000000001
0.034709250000063537,-0.06974781,-0.07024682,1.25025,1.24975,1.1800030000000001,1.1800030000000001
0.03481165000006649,-0.06974781,-0.07024682,1.25025,1.24975,1.1800030000000001,1.1800030000000001
0.03491405000006943,-0.06974769,-0.0702467,1.25025,1.24975,1.1800030000000001,1.1800030000000001
0.035016450000072384,-0.06974769,-0.0702467,1.25025,1.24975,1.1800030000000001,1.1800030000000001
0.03511885000007532,-0.06974769,-0.0702467,1.25025,1.24975,1.1800030000000001,1.1800030000000001
0.035221250000078266,-0.06974769,-0.0702467,1.25025,1.24975,1.1800030000000001,1.1800030000000001
0.03532365000008121,-0.06974769,-0.0702467,1.25025,1.24975,1.1800030000000001,1.1800030000000001
0.03542605000008416,-0.06974769,-0.0702467,1.25025,1.24975,1.1800030000000001,1.1800030000000001
0.0355284500000871,-0.06974769,-0.0702467,1.25025,1.24975,1.1800030000000001,1.1800030000000001
0.03563085000009005,-0.06974769,-0.0702467,1.25025,1.24975,1.1800030000000001,1.1800030000000001
0.03573325000009299,-0.06974769,-0.0702467,1.25025,1.24975,1.1800030000000001,1.1800030000000001
0.035835650000095934,-0.06974769,-0.0702467,1.25025,1.24975,1.1800030000000001,1.1800030000000001
0.03593805000009888,-0.06974769,-0.0702467,1.25025,1.24975,1.1800030000000001,1.1800030000000001
0.036040450000101816,-0.06974769,-0.0702467,1.25025,1.24975,1.1800030000000001,1.1800030000000001
0.03614285000010477,-0.06974769,-0.0702467,1.25025,1.24975,1.1800030000000001,1.1800030000000001
0.03624525000010771,-0.06974769,-0.0702467,1.25025,1.24975,1.1800030000000001,1.1800030000000001
0.036347650000110664,-0.06974769,-0.0702467,1.25025,1.24975,1.1800030000000001,1.1800030000000001
0.0364500500001136,-0.06974769,-0.0702467,1.25025,1.24975,1.1800030000000001,1.1800030000000001
0.03655245000011655,-0.06974769,-0.0702467,1.25025,1.24975,1.1800030000000001,1.1800030000000001
0.03665485000011949,-0.06974769,-0.0702467,1.25025,1.24975,1.1800030000000001,1.1800030000000001
0.036757250000122435,-0.06974769,-0.0702467,1.25025,1.24975,1.1800030000000001,1.1800030000000001
0.03685965000012538,-0.06974769,-0.0702467,1.25025,1.24975,1.1800030000000001,1.1800030000000001
0.03696205000012832,-0.06974769,-0.0702467,1.25025,1.24975,1.1800030000000001,1.1800030000000001
0.03706445000013127,-0.06974769,-0.0702467,1.25025,1.24975,1.1800030000000001,1.1800030000000001
0.03716685000013421,-0.06974769,-0.0702467,1.25025,1.24975,1.1800030000000001,1.1800030000000001
0.037269250000137165,-0.06974769,-0.0702467,1.25025,1.24975,1.1800030000000001,1.1800030000000001
0.0373716500001401,-0.06974769,-0.0702467,1.25025,1.24975,1.1800030000000001,1.1800030000000001
0.03747405000014305,-0.06974769,-0.0702467,1.25025,1.24975,1.1800030000000001,1.1800030000000001
0.037576450000145985,-0.06974769,-0.0702467,1.25025,1.24975,1.1800030000000001,1.1800030000000001
0.037678850000148936,-0.06974769,-0.0702467,1.25025,1.24975,1.1800030000000001,1.1800030000000001
0.03778125000015188,-0.06974769,-0.0702467,1.25025,1.24975,1.1800030000000001,1.1800030000000001
0.03788365000015483,-0.06974769,-0.0702467,1.25025,1.24975,1.1800030000000001,1.1800030000000001
0.03798605000015777,-0.06974769,-0.0702467,1.25025,1.24975,1.1800030000000001,1.1800030000000001
0.03808845000016072,-0.06974769,-0.0702467,1.25025,1.24975,1.1800030000000001,1.1800030000000001
0.03819085000016366,-0.06974769,-0.0702467,1.25025,1.24975,1.1800030000000001,1.1800030000000001
0.0382932500001666,-0.06974769,-0.0702467,1.25025,1.24975,1.1800030000000001,1.1800030000000001
0.03839565000016955,-0.06974769,-0.0702467,1.25025,1.24975,1.1800030000000001,1.1800030000000001
0.038498050000172486,-0.06974769,-0.0702467,1.25025,1.24975,1.1800030000000001,1.1800030000000001
0.03860045000017544,-0.06974769,-0.0702467,1.25025,1.24975,1.1800030000000001,1.1800030000000001
0.03870285000017838,-0.06974769,-0.0702467,1.25025,1.24975,1.1800030000000001,1.1800030000000001
0.038805250000181334,-0.06974769,-0.0702467,1.25025,1.24975,1.1800030000000001,1.1800030000000001
0.03890765000018427,-0.06974769,-0.0702467,1.25025,1.24975,1.1800030000000001,1.1800030000000001
0.039010050000187216,-0.06974769,-0.0702467,1.25025,1.24975,1.1800030000000001,1.1800030000000001
0.03911245000019016,-0.06974769,-0.0702467,1.25025,1.24975,1.1800030000000001,1.1800030000000001
0.03921485000019311,-0.06974769,-0.0702467,1.25025,1.24975,1.1800030000000001,1.1800030000000001
0.03931725000019605,-0.06974769,-0.0702467,1.25025,1.24975,1.1800030000000001,1.1800030000000001
0.03941965000019899,-0.06974769,-0.0702467,1.25025,1.24975,1.1800030000000001,1.1800030000000001
0.03952205000020194,-0.06974769,-0.0702467,1.25025,1.24975,1.1800030000000001,1.1800030000000001
0.03962445000020488,-0.06974769,-0.0702467,1.25025,1.24975,1.1800030000000001,1.1800030000000001
0.03972685000020783,-0.06974769,-0.0702467,1.25025,1.24975,1.1800030000000001,1.1800030000000001
0.039829250000210766,-0.06974769,-0.0702467,1.25025,1.24975,1.1800030000000001,1.1800030000000001
0.03993165000021372,-0.06974769,-0.0702467,1.25025,1.24975,1.1800030000000001,1.1800030000000001
0.04003405000021666,-0.06974769,-0.0702467,1.25025,1.24975,1.1800030000000001,1.1800030000000001
0.04013645000021961,-0.06974769,-0.0702467,1.25025,1.24975,1.1800030000000001,1.1800030000000001
0.04023885000022255,-0.06974769,-0.0702467,1.25025,1.24975,1.1800030000000001,1.1800030000000001
0.0403412500002255,-0.06974769,-0.0702467,1.25025,1.24975,1.1800030000000001,1.1800030000000001
0.04044365000022844,-0.06974769,-0.0702467,1.25025,1.24975,1.1800030000000001,1.1800030000000001
0.040546050000231385,-0.06974769,-0.0702467,1.25025,1.24975,1.1800030000000001,1.1800030000000001
0.04064845000023433,-0.06974769,-0.0702467,1.25025,1.24975,1.1800030000000001,1.1800030000000001
0.04075085000023727,-0.06974769,-0.0702467,1.25025,1.24975,1.1800030000000001,1.1800030000000001
0.04085325000024022,-0.06974769,-0.0702467,1.25025,1.24975,1.1800030000000001,1.1800030000000001
0.04095565000024316,-0.06974769,-0.0702467,1.25025,1.24975,1.1800030000000001,1.1800030000000001
0.041058050000246114,-0.06974769,-0.0702467,1.25025,1.24975,1.1800030000000001,1.1800030000000001
0.04116045000024905,-0.06974769,-0.0702467,1.25025,1.24975,1.1800030000000001,1.1800030000000001
0.041262850000252,-0.06974769,-0.0702467,1.25025,1.24975,1.1800030000000001,1.1800030000000001
0.041365250000254934,-0.06974769,-0.0702467,1.25025,1.24975,1.1800030000000001,1.1800030000000001
0.041467650000257886,-0.06974769,-0.0702467,1.25025,1.24975,1.1800030000000001,1.1800030000000001
0.04157005000026083,-0.06974769,-0.0702467,1.25025,1.24975,1.1800030000000001,1.1800030000000001
0.04167245000026378,-0.06974769,-0.0702467,1.25025,1.24975,1.1800030000000001,1.1800030000000001
0.04177485000026672,-0.06974769,-0.0702467,1.25025,1.24975,1.1800030000000001,1.1800030000000001
0.041877250000269664,-0.06974769,-0.0702467,1.25025,1.24975,1.1800030000000001,1.1800030000000001
0.041979650000272616,-0.06974769,-0.0702467,1.25025,1.24975,1.1800030000000001,1.1800030000000001
0.04208205000027555,-0.06974769,-0.0702467,1.25025,1.24975,1.1800030000000001,1.1800030000000001
0.0421844500002785,-0.06974769,-0.0702467,1.25025,1.24975,1.1800030000000001,1.1800030000000001
0.042286850000281435,-0.06974769,-0.0702467,1.25025,1.24975,1.1800030000000001,1.1800030000000001
0.04238925000028439,-0.06974769,-0.0702467,1.25025,1.24975,1.1800030000000001,1.1800030000000001
0.04249165000028733,-0.06974769,-0.0702467,1.25025,1.24975,1.1800030000000001,1.1800030000000001
0.04259405000029028,-0.06974769,-0.0702467,1.25025,1.24975,1.1800030000000001,1.1800030000000001
0.04269645000029322,-0.06974769,-0.0702467,1.25025,1.24975,1.1800030000000001,1.1800030000000001
0.04279885000029617,-0.06974769,-0.0702467,1.25025,1.24975,1.1800030000000001,1.1800030000000001
0.04290125000029911,-0.06974769,-0.0702467,1.25025,1.24975,1.1800030000000001,1.1800030000000001
0.04300365000030205,-0.06974769,-0.0702467,1.25025,1.24975,1.1800030000000001,1.1800030000000001
0.043106050000305,-0.06974769,-0.0702467,1.25025,1.24975,1.1800030000000001,1.1800030000000001
0.04320845000030794,-0.06974769,-0.0702467,1.25025,1.24975,1.1800030000000001,1.1800030000000001
0.04331085000031089,-0.06974769,-0.0702467,1.25025,1.24975,1.1800030000000001,1.1800030000000001
0.04341325000031383,-0.06974769,-0.0702467,1.25025,1.24975,1.1800030000000001,1.1800030000000001
0.043515650000316784,-0.06974769,-0.0702467,1.25025,1.24975,1.1800030000000001,1.1800030000000001
0.04361805000031972,-0.06974769,-0.0702467,1.25025,1.24975,1.1800030000000001,1.1800030000000001
0.043720450000322666,-0.06974769,-0.0702467,1.25025,1.24975,1.1800030000000001,1.1800030000000001
0.04382285000032561,-0.06974769,-0.0702467,1.25025,1.24975,1.1800030000000001,1.1800030000000001
0.04392525000032856,-0.06974769,-0.0702467,1.25025,1.24975,1.1800030000000001,1.1800030000000001
0.0440276500003315,-0.06974769,-0.0702467,1.25025,1.24975,1.1800030000000001,1.1800030000000001
0.04413005000033445,-0.06974769,-0.0702467,1.25025,1.24975,1.1800030000000001,1.1800030000000001
0.04423245000033739,-0.06974769,-0.0702467,1.25025,1.24975,1.1800030000000001,1.1800030000000001
0.044334850000340334,-0.06974769,-0.0702467,1.25025,1.24975,1.1800030000000001,1.1800030000000001
0.04443725000034328,-0.06974769,-0.0702467,1.25025,1.24975,1.1800030000000001,1.1800030000000001
0.044539650000346216,-0.06974769,-0.0702467,1.25025,1.24975,1.1800030000000001,1.1800030000000001
0.04464205000034917,-0.06974769,-0.0702467,1.25025,1.24975,1.1800030000000001,1.1800030000000001
0.04474445000035211,-0.06974769,-0.0702467,1.25025,1.24975,1.1800030000000001,1.1800030000000001
0.044846850000355064,-0.06974769,-0.0702467,1.25025,1.24975,1.1800030000000001,1.1800030000000001
0.044949250000358,-0.06974769,-0.0702467,1.25025,1.24975,1.1800030000000001,1.1800030000000001
0.045,-0.06974769,-0.0702467,1.25025,1.24975,1.1800030000000001,1.1800030000000001
0.04500001,-0.06975901,-0.07023525,1.250113,1.249637,1.179878,1.179878
0.04500003,-0.06978178,-0.0702126,1.24984,1.2494100000000001,1.1796280000000001,1.1796280000000001
0.0450001,-0.06986129,-0.07013321,1.2488860000000002,1.248614,1.1787530000000002,1.1787530000000002
0.04500021714285715,-0.06999394,-0.07000045,1.2472889999999999,1.247282,1.177289,1.177289
0.0450003342857143,-0.07012633,-0.06986799,1.245692,1.245951,1.175824,1.175824
0.04500045142857144,-0.07025846,-0.06973582,1.2440959999999999,1.244618,1.17436,1.17436
0.04500056857142858,-0.07039032,-0.06960394,1.2425,1.2432860000000001,1.172896,1.172896
0.04500068571428573,-0.07052192,-0.06947235,1.240904,1.241953,1.171431,1.171431
0.045000802857142884,-0.07065326,-0.06934106,1.239308,1.24062,1.169967,1.169967
0.04500092000000002,-0.07078433,-0.06921005,1.2377129999999998,1.239287,1.168503,1.168503
0.04500297714285723,-0.07303358,-0.06696076,1.209749,1.215822,1.1427889999999998,1.1427889999999998
0.04500503428571442,-0.07520729,-0.06478701,1.181861,1.192282,1.117074,1.117074
0.04500709142857163,-0.07730546,-0.06268881,1.1540489999999999,1.168665,1.09136,1.09136
0.045009148571428834,-0.0793281,-0.06066615,1.126312,1.144974,1.0656459999999999,1.0656459999999999
0.04501120571428603,-0.08127521,-0.05871904,1.098651,1.121207,1.039931,1.039931
0.04501326285714323,-0.08314678,-0.05684747,1.071065,1.097364,1.014217,1.014217
0.045015320000000435,-0.08494282,-0.05505145,1.043554,1.073446,0.9885029000000001,0.9885029000000001
0.045019620000000565,-0.08845601,-0.05153829,0.9862911,1.023209,0.9347529,0.9347529
0.04502392000000068,-0.09174795,-0.04824636,0.9292492,0.9727508,0.8810029,0.8810029
0.04502822000000081,-0.09481865,-0.04517567,0.8724284999999999,0.9220715,0.8272528,0.8272528
0.04503252000000093,-0.09766811,-0.04232621,0.8158291,0.8711709999999999,0.7735028,0.7735028
0.04503682000000105,-0.1002963,-0.03969798,0.7594508000000001,0.8200492,0.7197528,0.7197528
0.045041120000001184,-0.10270330000000001,-0.03729099,0.7032938,0.7687061,0.6660028,0.6660028
0.0450454200000013,-0.10488900000000001,-0.03510523,0.6473581,0.7171419,0.6122528,0.6122528
0.04505102000000146,-0.1075414,-0.03245288,0.5747057,0.6497943,0.5422528,0.5422528
0.045052791428572936,-0.10832409999999999,-0.03167024,0.5517801999999999,0.6284341,0.5201100000000001,0.5201100000000001
0.04505456285714442,-0.1090839,-0.03091049,0.5288776,0.607051,0.49796709999999994,0.49796709999999994
0.0450563342857159,-0.1098207,-0.03017362,0.5059979,0.585645,0.4758242999999999,0.4758242999999999
0.04505810571428738,-0.1105347,-0.02945964,0.483141,0.5642161,0.4536814,0.4536814
0.04505987714285886,-0.1112258,-0.02876854,0.46030709999999997,0.5427644,0.43153850000000005,0.43153850000000005
0.045061648571430336,-0.11189400000000001,-0.02810033,0.437496,0.5212897,0.40939570000000003,0.40939570000000003
0.04506342000000182,-0.1125394,-0.027455,0.41470779999999996,0.4997922000000001,0.38725279999999995,0.38725279999999995
0.04506754857143051,-0.1139529,-0.0260415,0.36168720000000004,0.44959849999999996,0.33564570000000005,0.33564570000000005
0.0450716771428592,-0.11528060000000001,-0.02471378,0.3087523,0.3993191,0.2840385,0.2840385
0.04507580571428789,-0.11652260000000002,-0.02347183,0.2559032,0.34895390000000004,0.23243139999999998,0.23243139999999998
0.045079934285716584,-0.1176787,-0.02231567,0.20313989999999998,0.298503,0.18082420000000002,0.18082420000000002
0.045084062857145266,-0.1187491,-0.02124528,0.1504624,0.24796620000000003,0.1292171,0.1292171
0.04508819142857396,-0.1197337,-0.02026068,0.09787061,0.1973437,0.07760993,0.07760993
0.04509232000000265,-0.1206326,-0.01936185,0.04536463,0.1466354,0.02600278,0.02600278
0.045093417142859415,-0.1208641,-0.0191303,0.03141879,0.1331526,0.0122885,0.0122885
0.04509451428571618,-0.1210914,-0.01890306,0.01747727,0.1196656,-0.001425791,-0.001425791
0.045095611428572935,-0.1213143,-0.01868013,0.003540051,0.1061742,-0.01514008,-0.01514008
0.045096708571429715,-0.1215329,-0.01846151,-0.01039285,0.09267857,-0.02885436,-0.02885436
0.04509780571428648,-0.1217472,-0.01824721,-0.02432144,0.07917858,-0.04256865,-0.04256865
0.045098902857143235,-0.12195719999999999,-0.01803723,-0.03824571,0.06567428,-0.05628294,-0.05628294
0.0451,-0.12216289999999999,-0.01783156,-0.05216567,0.05216567,-0.06999723,-0.06999723
0.04510001,-0.12215339999999998,-0.01784102,-0.05215621,0.05215621,-0.06999723,-0.06999723
0.04510003000000001,-0.12213450000000001,-0.01786,-0.05213723,0.05213723,-0.06999723,-0.06999723
0.04510504714285729,-0.1176553,-0.02233919,-0.04765804,0.04765804,-0.06999724,-0.06999724
0.04511006428571458,-0.11349560000000002,-0.02649886,-0.04349838,0.04349838,-0.06999724,-0.06999724
0.04511508142857187,-0.1096555,-0.030339,-0.03965824,0.03965824,-0.06999725,-0.06999725
0.04512009857142915,-0.10613489999999999,-0.03385962,-0.03613763,0.03613763,-0.06999725,-0.06999725
0.045125115714286436,-0.10293379999999999,-0.03706071,-0.03293655,0.03293655,-0.06999726,-0.06999726
0.045130132857143734,-0.1000522,-0.03994228,-0.03005499,0.03005499,-0.06999726,-0.06999726
0.04513515000000101,-0.09749022,-0.04250431,-0.02749295,0.02749295,-0.06999727,-0.06999727
0.04513770714285823,-0.0962446,-0.04374995,-0.02624733,0.02624733,-0.06999727,-0.06999727
0.04514026428571544,-0.09504981,-0.04494474,-0.02505254,0.02505254,-0.06999728,-0.06999728
0.04514282142857266,-0.09390587,-0.04608869,-0.02390859,0.02390859,-0.06999728,-0.06999728
0.04514537857142988,-0.09281276,-0.04718181,-0.02281548,0.02281548,-0.06999728,-0.06999728
0.0451479357142871,-0.09177049,-0.04822408,-0.0217732,0.0217732,-0.06999728,-0.06999728
0.045150492857144314,-0.09077905,-0.04921552,-0.02078177,0.02078177,-0.06999729,-0.06999729
0.045153050000001534,-0.08983846,-0.05015612,-0.01984117,0.01984117,-0.06999729,-0.06999729
0.04515315000000153,-0.08980234,-0.05019224,-0.01980505,0.01980505,-0.06999729,-0.06999729
0.045158164285715965,-0.08810175,-0.05189284,-0.01810446,0.01810446,-0.06999729,-0.06999729
0.04516317857143039,-0.08652243,-0.05347217,-0.01652513,0.01652513,-0.0699973,-0.0699973
0.045168192857144816,-0.08506436,-0.05493025,-0.01506706,0.01506706,-0.06999731,-0.06999731
0.04517320714285925,-0.08372756,-0.05626707,-0.01373025,0.01373025,-0.06999731,-0.06999731
0.04517822142857368,-0.08251202,-0.05748262,-0.0125147,0.0125147,-0.06999732,-0.06999732
0.04518323571428811,-0.08141773,-0.05857692,-0.01142041,0.01142041,-0.06999733,-0.06999733
0.04518825000000254,-0.08044471,-0.05954996,-0.01044738,0.01044738,-0.06999733,-0.06999733
0.04519326428571697,-0.07954764,-0.06044704,-0.009550297,0.009550297,-0.06999734,-0.06999734
0.0451982785714314,-0.07871453,-0.06128016,-0.008717183,0.008717183,-0.06999735,-0.06999735
0.04520329285714583,-0.07794539,-0.06204932,-0.007948035,0.007948035,-0.06999735,-0.06999735
0.04520830714286026,-0.07724021,-0.06275451,-0.007242854,0.007242854,-0.06999736,-0.06999736
0.04521332142857469,-0.076599,-0.06339573,-0.006601638000000001,0.006601638000000001,-0.06999736,-0.06999736
0.04521833571428912,-0.07602176,-0.06397298,-0.006024388,0.006024388,-0.06999737,-0.06999737
0.04522335000000355,-0.07550848,-0.06448627,-0.005511104,0.005511104,-0.06999738,-0.06999738
0.0452279357142894,-0.07507296,-0.06492181,-0.005075577,0.005075577,-0.06999738,-0.06999738
0.045232521428575236,-0.07466639,-0.06532838,-0.004669006,0.004669007,-0.06999739,-0.06999739
0.04523710714286109,-0.07428878,-0.065706,-0.004291393,0.0042913940000000005,-0.06999739,-0.06999739
0.04524169285714693,-0.07394013,-0.06605466,-0.003942737,0.0039427379999999995,-0.06999739,-0.06999739
0.045246278571432784,-0.07362044,-0.06637436,-0.003623038,0.003623039,-0.0699974,-0.0699974
0.04525086428571862,-0.0733297,-0.06666511,-0.003332297,0.003332297,-0.0699974,-0.0699974
0.04525545000000447,-0.07306792,-0.06692689,-0.003070513,0.003070513,-0.06999741,-0.06999741
0.04525555000000447,-0.07306233,-0.06693248,-0.0030649229999999998,0.0030649229999999998,-0.06999741,-0.06999741
0.04526057857143319,-0.07279847,-0.06719636,-0.002801055,0.002801055,-0.06999741,-0.06999741
0.04526560714286191,-0.07255346,-0.06744138,-0.002556044,0.002556044,-0.06999742,-0.06999742
0.045270635714290616,-0.07232732,-0.06766754,-0.00232989,0.00232989,-0.06999743,-0.06999743
0.04527566428571934,-0.07212002,-0.06787484,-0.002122592,0.002122592,-0.06999743,-0.06999743
0.04528069285714805,-0.07193159,-0.06806329,-0.00193415,0.00193415,-0.06999744,-0.06999744
0.045285721428576765,-0.07176201,-0.06823288,-0.001764565,0.001764565,-0.06999745,-0.06999745
0.045290750000005486,-0.07161129,-0.06838362,-0.001613836,0.0016138370000000001,-0.06999745,-0.06999745
0.0452957785714342,-0.07147236,-0.06852256,-0.0014748970000000002,0.0014748970000000002,-0.06999746,-0.06999746
0.04530080714286292,-0.07134335,-0.06865158,-0.0013458860000000001,0.0013458860000000001,-0.06999747,-0.06999747
0.045305835714291635,-0.07122428,-0.06877067,-0.001226804,0.001226805,-0.06999747,-0.06999747
0.04531086428572035,-0.07111513,-0.06887983,-0.001117651,0.001117652,-0.06999748,-0.06999748
0.045315892857149064,-0.07101591,-0.06897905,-0.001018427,0.001018428,-0.06999748,-0.06999748
0.045320921428577784,-0.07092662,-0.06906835,-0.0009291324000000001,0.0009291325999999999,-0.06999749,-0.06999749
0.0453259500000065,-0.07084726,-0.06914772,-0.0008497661999999999,0.0008497664,-0.06999749,-0.06999749
0.04533050714286378,-0.0707805,-0.06921449,-0.0007830021,0.0007830022,-0.0699975,-0.0699975
0.04533506428572105,-0.07071816,-0.06927685,-0.000720655,0.0007206552,-0.0699975,-0.0699975
0.045339621428578315,-0.07066023,-0.06933478,-0.000662725,0.0006627252,-0.06999751,-0.06999751
0.045344178571435585,-0.07060673,-0.0693883,-0.0006092121,0.0006092123,-0.06999751,-0.06999751
0.04534873571429287,-0.07055764,-0.0694374,-0.0005601162999999999,0.0005601165,-0.06999752,-0.06999752
0.04535329285715014,-0.07051296,-0.06948209,-0.0005154376,0.0005154377,-0.06999752,-0.06999752
0.045357850000007416,-0.0704727,-0.06952235,-0.00047517589999999997,0.0004751761,-0.06999753,-0.06999753
0.04535795000000742,-0.07047184,-0.06952322,-0.00047431089999999996,0.000474311,-0.06999753,-0.06999753
0.04536299285715042,-0.0704309,-0.06956416,-0.0004333689,0.00043336910000000005,-0.06999753,-0.06999753
0.04536803571429342,-0.0703929,-0.06960218,-0.0003953592,0.0003953593,-0.06999754,-0.06999754
0.045373078571436416,-0.07035783,-0.06963726,-0.00036028169999999997,0.0003602818,-0.06999755,-0.06999755
0.04537812142857943,-0.07032569,-0.06966942,-0.0003281364,0.0003281366,-0.06999755,-0.06999755
0.04538316428572243,-0.07029648,-0.06969863,-0.00029892330000000003,0.0002989235,-0.06999756,-0.06999756
0.045388207142865435,-0.0702702,-0.06972492,-0.0002726425,0.0002726427,-0.06999756,-0.06999756
0.045393250000008434,-0.07024686,-0.06974827,-0.00024929389999999997,0.000249294,-0.06999756,-0.06999756
0.04539830714286573,-0.07022529,-0.06976985,-0.00022771880000000002,0.000227719,-0.06999757,-0.06999757
0.04540336428572301,-0.07020527,-0.06978989,-0.00020769229999999998,0.00020769240000000002,-0.06999758,-0.06999758
0.0454084214285803,-0.0701868,-0.06980837,-0.00018921430000000002,0.0001892145,-0.06999758,-0.06999758
0.045413478571437585,-0.07016987,-0.0698253,-0.000172285,0.00017228509999999997,-0.06999759,-0.06999759
0.04541853571429488,-0.0701545,-0.06984069,-0.0001569042,0.0001569043,-0.06999759,-0.06999759
0.04542359285715216,-0.07014067,-0.06985453,-0.0001430719,0.00014307209999999998,-0.0699976,-0.0699976
0.04542865000000945,-0.07012839,-0.06986681,-0.0001307883,0.0001307884,-0.0699976,-0.0699976
0.045433164285723866,-0.07011821,-0.06987701,-0.00012060280000000001,0.000120603,-0.06999761,-0.06999761
0.04543767857143828,-0.0701087,-0.06988653,-0.00011108620000000001,0.0001110863,-0.06999761,-0.06999761
0.0454421928571527,-0.07009986,-0.06989538,-0.00010223840000000001,0.0001022385,-0.06999762,-0.06999762
0.04544670714286712,-0.07009169,-0.06990357,-9.405944999999999e-05,9.405959e-05,-0.06999763,-0.06999763
0.04545122142858153,-0.07008418,-0.06991108,-8.654933000000001e-05,8.654947e-05,-0.06999763,-0.06999763
0.04545573571429595,-0.07007734,-0.06991793,-7.970806e-05,7.970819e-05,-0.06999763,-0.06999763
0.04546025000001036,-0.07007117,-0.0699241,-7.353562e-05,7.353575e-05,-0.06999764,-0.06999764
0.04546035000001036,-0.07007104,-0.06992424,-7.340174e-05,7.340188e-05,-0.06999764,-0.06999764
0.045465507142867664,-0.07006458,-0.06993071,-6.693332e-05,6.693347e-05,-0.06999764,-0.06999764
0.04547066428572495,-0.07005858,-0.06993671,-6.093625e-05,6.093639e-05,-0.06999765,-0.06999765
0.04547582142858224,-0.07005306,-0.06994224,-5.5410519999999995e-05,5.541066e-05,-0.06999765,-0.06999765
0.04548097857143953,-0.07004801,-0.0699473,-5.0356130000000006e-05,5.035627e-05,-0.06999766,-0.06999766
0.04548613571429682,-0.07004344,-0.06995189,-4.577308e-05,4.5773230000000006e-05,-0.06999766,-0.06999766
0.045491292857154114,-0.07003933,-0.06995601,-4.166138e-05,4.166152e-05,-0.06999767,-0.06999767
0.0454964500000114,-0.0700357,-0.06995965,-3.8021009999999995e-05,3.802116e-05,-0.06999768,-0.06999768
0.04550173571429727,-0.07003227,-0.06996309,-3.459361e-05,3.459376e-05,-0.06999768,-0.06999768
0.045507021428583136,-0.0700291,-0.06996626,-3.142073e-05,3.142087e-05,-0.06999768,-0.06999768
0.045512307142869,-0.07002619,-0.06996919,-2.850235e-05,2.8502490000000003e-05,-0.06999769,-0.06999769
0.045517592857154864,-0.07002353,-0.06997185,-2.5838490000000003e-05,2.583863e-05,-0.06999769,-0.06999769
0.04552287857144073,-0.07002113,-0.06997427,-2.342913e-05,2.342927e-05,-0.0699977,-0.0699977
0.0455281642857266,-0.07001898,-0.06997643,-2.127429e-05,2.1274429999999996e-05,-0.06999771,-0.06999771
0.045533450000012465,-0.07001709,-0.06997834,-1.937396e-05,1.93741e-05,-0.06999771,-0.06999771
0.045537621428584016,-0.07001569,-0.06997974,-1.7972839999999998e-05,1.7972989999999998e-05,-0.06999772,-0.06999772
0.04554179285715556,-0.07001438,-0.06998106,-1.66581e-05,1.665824e-05,-0.06999772,-0.06999772
0.04554596428572711,-0.07001316,-0.0699823,-1.542972e-05,1.542987e-05,-0.06999773,-0.06999773
0.04555013571429866,-0.07001202,-0.06998344,-1.4287720000000002e-05,1.428786e-05,-0.06999773,-0.06999773
0.04555430714287021,-0.07001097,-0.0699845,-1.3232079999999999e-05,1.3232220000000002e-05,-0.06999773,-0.06999773
0.04555847857144176,-0.07001,-0.06998548,-1.226281e-05,1.226296e-05,-0.06999774,-0.06999774
0.04556265000001331,-0.07000912,-0.06998636,-1.1379919999999999e-05,1.138006e-05,-0.06999774,-0.06999774
0.045562750000013315,-0.0700091,-0.06998638,-1.1359200000000001e-05,1.135934e-05,-0.06999774,-0.06999774
0.04556860714287062,-0.07000798,-0.06998751,-1.023447e-05,1.0234610000000001e-05,-0.06999775,-0.06999775
0.04557446428572793,-0.07000696,-0.06998856,-9.199982e-06,9.200123e-06,-0.06999776,-0.06999776
0.04558032142858524,-0.07000602,-0.06998951,-8.255746e-06,8.255887e-06,-0.06999776,-0.06999776
0.04558617857144255,-0.07000517,-0.06999037,-7.401758e-06,7.401899e-06,-0.06999777,-0.06999777
0.045592035714299865,-0.07000441,-0.06999114,-6.638017e-06,6.6381579999999995e-06,-0.06999777,-0.06999777
0.045597892857157166,-0.07000375,-0.06999182,-5.9645249999999994e-06,5.964665999999999e-06,-0.06999778,-0.06999778
0.04560375000001449,-0.07000317,-0.06999241,-5.381280000000001e-06,5.381421000000001e-06,-0.06999779,-0.06999779
0.04561039285715753,-0.07000258,-0.06999301,-4.784466e-06,4.784607e-06,-0.06999779,-0.06999779
0.045617035714300584,-0.07000204,-0.06999356,-4.2401569999999995e-06,4.240298e-06,-0.0699978,-0.0699978
0.04562367857144363,-0.07000156,-0.06999406,-3.748353e-06,3.748494e-06,-0.06999781,-0.06999781
0.04563032142858668,-0.07000112,-0.0699945,-3.309053e-06,3.309194e-06,-0.06999781,-0.06999781
0.045636964285729734,-0.07000074,-0.0699949,-2.9222590000000003e-06,2.9224e-06,-0.06999782,-0.06999782
0.04564360714287278,-0.07000041,-0.06999524,-2.587969e-06,2.5881099999999997e-06,-0.06999783,-0.06999783
0.04565025000001582,-0.07000014,-0.06999553,-2.306184e-06,2.306325e-06,-0.06999783,-0.06999783
0.04565236428573017,-0.07000005,-0.06999561,-2.219316e-06,2.219457e-06,-0.06999783,-0.06999783
0.04565447857144452,-0.06999997,-0.0699957,-2.135445e-06,2.135586e-06,-0.06999784,-0.06999784
0.04565659285715886,-0.06999989,-0.06999578,-2.05457e-06,2.054711e-06,-0.06999784,-0.06999784
0.04565870714287321,-0.06999982,-0.06999586,-1.976691e-06,1.976832e-06,-0.06999784,-0.06999784
0.045660821428587565,-0.06999974,-0.06999594,-1.9018100000000002e-06,1.9019499999999998e-06,-0.06999784,-0.06999784
0.0456629357143019,-0.06999968,-0.06999602,-1.829924e-06,1.830065e-06,-0.06999784,-0.06999784
0.04566505000001625,-0.06999961,-0.06999609,-1.761035e-06,1.7611760000000002e-06,-0.06999785,-0.06999785
0.04566515000001625,-0.06999961,-0.06999609,-1.757829e-06,1.75797e-06,-0.06999785,-0.06999785
0.04567415000001651,-0.06999936,-0.06999635,-1.50395e-06,1.5040909999999999e-06,-0.06999786,-0.06999786
0.04568315000001677,-0.06999914,-0.06999659,-1.277548e-06,1.277689e-06,-0.06999786,-0.06999786
0.04569215000001703,-0.06999895,-0.06999679,-1.0786209999999999e-06,1.078762e-06,-0.06999787,-0.06999787
0.04570115000001729,-0.06999879,-0.06999697,-9.071704e-07,9.073109000000001e-07,-0.06999788,-0.06999788
0.04571015000001755,-0.06999865,-0.06999713,-7.631956e-07,7.633360999999999e-07,-0.06999789,-0.06999789
0.04571915000001781,-0.06999855,-0.06999725,-6.466967e-07,6.468370999999999e-07,-0.0699979,-0.0699979
0.045728150000018064,-0.06999846,-0.06999735,-5.576738e-07,5.578141e-07,-0.06999791,-0.06999791
0.04573376428573251,-0.06999841,-0.06999741,-5.045389e-07,5.046791999999999e-07,-0.06999791,-0.06999791
0.04573937857144696,-0.06999837,-0.06999746,-4.5553449999999997e-07,4.5567479999999995e-07,-0.06999791,-0.06999791
0.0457449928571614,-0.06999833,-0.06999751,-4.1066049999999996e-07,4.108007e-07,-0.06999792,-0.06999792
0.04575060714287586,-0.06999829,-0.06999755,-3.69917e-07,3.7005720000000003e-07,-0.06999792,-0.06999792
0.0457562214285903,-0.06999826,-0.0699976,-3.333039e-07,3.3344409999999994e-07,-0.06999793,-0.06999793
0.04576183571430475,-0.06999824,-0.06999764,-3.0082129999999997e-07,3.009614e-07,-0.06999794,-0.06999794
0.04576745000001919,-0.06999822,-0.06999767,-2.724692e-07,2.726092e-07,-0.06999794,-0.06999794
0.0457675500000192,-0.06999822,-0.06999767,-2.71973e-07,2.721131e-07,-0.06999794,-0.06999794
0.0457821642857339,-0.06999817,-0.06999774,-2.1440339999999999e-07,2.1454339999999999e-07,-0.06999796,-0.06999796
0.045796778571448614,-0.06999813,-0.0699978,-1.6507760000000002e-07,1.652175e-07,-0.06999797,-0.06999797
0.04581139285716331,-0.06999811,-0.06999786,-1.239958e-07,1.241355e-07,-0.06999798,-0.06999798
0.04582600714287802,-0.06999809,-0.0699979,-9.115776e-08,9.129741e-08,-0.069998,-0.069998
0.04584062142859273,-0.06999807,-0.06999794,-6.656364999999999e-08,6.670317999999999e-08,-0.06999801,-0.06999801
0.045855235714307434,-0.06999807,-0.06999797,-5.0213419999999996e-08,5.0352819999999997e-08,-0.06999802,-0.06999802
0.04586985000002214,-0.06999808,-0.06999799,-4.210706e-08,4.224635e-08,-0.06999803,-0.06999803
0.045869950000022135,-0.06999808,-0.06999799,-4.203026999999999e-08,4.216957e-08,-0.06999803,-0.06999803
0.045972350000025086,-0.06999813,-0.06999812,-6.4458760000000005e-09,6.584437e-09,-0.06999812,-0.06999812
0.04607475000002803,-0.06999821,-0.06999821,-9.393399e-10,1.0771610000000001e-09,-0.06999821,-0.06999821
0.04617715000003098,-0.06999829,-0.06999829,-8.747626e-11,2.245866e-10,-0.06999829,-0.06999829
0.04627955000003392,-0.06999837,-0.06999837,4.402158e-11,9.231475e-11,-0.06999837,-0.06999837
0.04638195000003687,-0.06999844,-0.06999844,6.407094e-11,7.154453000000001e-11,-0.06999844,-0.06999844
0.04648435000003981,-0.06999852,-0.06999852,6.686882e-11,6.802538e-11,-0.06999852,-0.06999852
0.04658675000004275,-0.06999858,-0.06999858,6.700201999999999e-11,6.7181e-11,-0.06999858,-0.06999858
0.0466891500000457,-0.06999865,-0.06999865,6.67475e-11,6.67752e-11,-0.06999865,-0.06999865
0.046791550000048636,-0.06999871,-0.06999871,6.641847e-11,6.642275999999999e-11,-0.06999871,-0.06999871
0.04689395000005159,-0.06999877,-0.06999877,6.604991e-11,6.605057e-11,-0.06999877,-0.06999877
0.04699635000005453,-0.06999883,-0.06999883,6.565029e-11,6.565039e-11,-0.06999883,-0.06999883
0.047098750000057484,-0.06999889,-0.06999889,6.531109e-11,6.53111e-11,-0.06999889,-0.06999889
0.04720115000006042,-0.06999894,-0.06999894,6.49488e-11,6.49488e-11,-0.06999894,-0.06999894
0.047303550000063366,-0.06999899,-0.06999899,6.461959e-11,6.461959e-11,-0.06999899,-0.06999899
0.04740595000006631,-0.06999904,-0.06999904,6.430116999999999e-11,6.430116999999999e-11,-0.06999904,-0.06999904
0.04750835000006926,-0.06999908,-0.06999908,6.396076e-11,6.396076e-11,-0.06999908,-0.06999908
0.0476107500000722,-0.06999913,-0.06999913,6.359847e-11,6.359847e-11,-0.06999913,-0.06999913
0.04771315000007514,-0.06999918,-0.06999918,6.321438e-11,6.321438e-11,-0.06999918,-0.06999918
0.04781555000007809,-0.06999923,-0.06999923,6.285888e-11,6.285888e-11,-0.06999923,-0.06999923
0.04791795000008103,-0.06999926,-0.06999926,6.252628e-11,6.252628e-11,-0.06999926,-0.06999926
0.04802035000008398,-0.0699993,-0.0699993,6.217561999999999e-11,6.217561999999999e-11,-0.0699993,-0.0699993
0.048122750000086915,-0.06999934,-0.06999934,6.1807e-11,6.1807e-11,-0.06999934,-0.06999934
0.04822515000008987,-0.06999937,-0.06999937,6.154026999999999e-11,6.154026999999999e-11,-0.06999937,-0.06999937
0.04832755000009281,-0.0699994,-0.0699994,6.123332e-11,6.123332e-11,-0.0699994,-0.0699994
0.04842995000009576,-0.06999943,-0.06999943,6.091211e-11,6.091211e-11,-0.06999943,-0.06999943
0.0485323500000987,-0.06999946,-0.06999946,6.057669e-11,6.057669e-11,-0.06999946,-0.06999946
0.04863475000010165,-0.06999949,-0.06999949,6.022711e-11,6.022711e-11,-0.06999949,-0.06999949
0.04873715000010459,-0.06999952,-0.06999952,5.986345e-11,5.986345e-11,-0.06999952,-0.06999952
0.048839550000107534,-0.06999955,-0.06999955,5.948576e-11,5.948576e-11,-0.06999955,-0.06999955
0.04894195000011048,-0.06999958,-0.06999958,5.915313000000001e-11,5.915313000000001e-11,-0.06999958,-0.06999958
0.04904435000011342,-0.0699996,-0.0699996,5.884268000000001e-11,5.884268000000001e-11,-0.0699996,-0.0699996
0.04914675000011637,-0.06999963,-0.06999963,5.852186e-11,5.852186e-11,-0.06999963,-0.06999963
0.04924915000011931,-0.06999965,-0.06999965,5.819071e-11,5.819071e-11,-0.06999965,-0.06999965
0.049351550000122264,-0.06999967,-0.06999967,5.784927e-11,5.784927e-11,-0.06999967,-0.06999967
0.0494539500001252,-0.06999969,-0.06999969,5.749759e-11,5.749759e-11,-0.06999969,-0.06999969
0.04955635000012815,-0.06999971,-0.06999971,5.72483e-11,5.72483e-11,-0.06999971,-0.06999971
0.049658750000131084,-0.06999972,-0.06999972,5.6973380000000004e-11,5.6973380000000004e-11,-0.06999972,-0.06999972
0.049761150000134036,-0.06999974,-0.06999974,5.669182e-11,5.669182e-11,-0.06999974,-0.06999974
0.04986355000013698,-0.06999975,-0.06999975,5.640365e-11,5.640365e-11,-0.06999975,-0.06999975
0.04996595000013993,-0.06999977,-0.06999977,5.61089e-11,5.61089e-11,-0.06999977,-0.06999977
0.0499999500001409,-0.06999978,-0.06999978,5.599363000000001e-11,5.599363000000001e-11,-0.06999978,-0.06999978
0.05,-0.06999978,-0.06999978,5.5977e-11,5.5977e-11,-0.06999978,-0.06999978
