time,"V(N008,N005)","V(N009,N004)"
0.0,-0.07,-0.07
0.0001006310719994779,-0.07000001,-0.07000001
0.0002030310719994804,-0.07000002,-0.07000002
0.0003054310719994828,-0.07000002,-0.07000002
0.0004078310719994853,-0.07000003,-0.07000003
0.0005102310719994759,-0.07000004,-0.07000004
0.0006126310719994229,-0.07000005,-0.07000005
0.0007150310719993699,-0.07000005,-0.07000005
0.0008174310719993169,-0.07000006,-0.07000006
0.0009198310719992637,-0.07000007,-0.07000007
0.00102223107199926,-0.07000007,-0.07000007
0.001124631071999318,-0.07000008,-0.07000008
0.001227031071999376,-0.07000009,-0.07000009
0.001329431071999434,-0.0700001,-0.0700001
0.001431831071999492,-0.0700001,-0.0700001
0.00153423107199955,-0.07000011,-0.07000011
0.001636631071999608,-0.07000012,-0.07000012
0.001739031071999666,-0.07000013,-0.07000013
0.0018414310719997238,-0.07000013,-0.07000013
0.001943831071999782,-0.07000013,-0.07000013
0.002046231071999638,-0.07000013,-0.07000013
0.002148631071999474,-0.07000013,-0.07000013
0.0022510310719993103,-0.07000013,-0.07000013
0.0023534310719991462,-0.07000013,-0.07000013
0.002455831071998982,-0.07000013,-0.07000013
0.002558231071998818,-0.07000013,-0.07000013
0.002660631071998654,-0.07000013,-0.07000013
0.0027630310719984896,-0.07000013,-0.07000013
0.002865431071998326,-0.07000013,-0.07000013
0.002967831071998162,-0.07000013,-0.07000013
0.003070231071997998,-0.07000013,-0.07000013
0.003172631071997834,-0.07000013,-0.07000013
0.00327503107199767,-0.07000013,-0.07000013
0.003377431071997506,-0.07000013,-0.07000013
0.003479831071997342,-0.07000013,-0.07000013
0.003582231071997178,-0.07000013,-0.07000013
0.003684631071997014,-0.07000013,-0.07000013
0.00378703107199685,-0.07000013,-0.07000013
0.003889431071996686,-0.07000013,-0.07000013
0.003991831071996892,-0.07000013,-0.07000013
0.0040942310719971715,-0.07000013,-0.07000013
0.004196631071997452,-0.07000013,-0.07000013
0.0042990310719977325,-0.07000013,-0.07000013
0.004401431071998013,-0.07000013,-0.07000013
0.0045038310719982926,-0.07000013,-0.07000013
0.004606231071998573,-0.07000013,-0.07000013
0.0047086310719988535,-0.07000013,-0.07000013
0.004811031071999133,-0.07000013,-0.07000013
0.004913431071999414,-0.07000013,-0.07000013
0.005,-0.07000013,-0.07000013
0.0050000001579254645,-0.07000029,-0.06999997
0.005000000473776392,-0.07000064,-0.06999962
0.0050001,-0.07011353,-0.06988674
0.005000734522424982,-0.0708228,-0.06917746
0.005001369044849964,-0.07151678,-0.06848348
0.005002003567274946,-0.07219548,-0.06780478
0.005002638089699927,-0.07285888,-0.06714137
0.005003272612124909,-0.073507,-0.06649325
0.0050039071345498905,-0.07413983,-0.06586043
0.0050045416569748724,-0.07475737,-0.06524289
0.005005470228403447,-0.07563471,-0.06436555
0.005006398799832021,-0.07648519,-0.06351508
0.005007327371260595,-0.0773088,-0.06269147
0.0050082559426891686,-0.07810554,-0.06189473
0.005009184514117743,-0.07887541,-0.06112485
0.005010113085546318,-0.07961841,-0.06038184
0.00501104165697489,-0.08033454,-0.05966569
0.005011513085546321,-0.08068984,-0.05931041
0.005011984514117751,-0.08103935,-0.05896091
0.005012455942689181,-0.08138307,-0.0586172
0.00501292737126061,-0.081721,-0.05827927
0.0050133987998320405,-0.08205314,-0.05794713
0.00501387022840347,-0.08237949,-0.05762078
0.0050143416569749,-0.08270004,-0.05730021
0.0050144416569749,-0.08276741,-0.05723289
0.0050163130855463344,-0.08397176,-0.05602852
0.005018184514117768,-0.08510835,-0.05489193
0.005020055942689203,-0.08617718,-0.05382309
0.005021927371260635,-0.08717824,-0.05282203
0.005023798799832069,-0.08811154,-0.05188872
0.005025670228403502,-0.08897707,-0.05102318
0.005027541656974936,-0.08977485,-0.05022541
0.005030841656974945,-0.09103928,-0.04896097
0.005034141656974954,-0.09219344,-0.04780681
0.005037441656974963,-0.09323732,-0.04676294
0.0050407416569749714,-0.09417092,-0.04582934
0.005044041656974981,-0.09499425,-0.04500601
0.0050473416569749895,-0.0957073,-0.04429297
0.005050641656974999,-0.09631008,-0.0436902
0.0050564845141178715,-0.09719854,-0.04280176
0.005062327371260745,-0.09797525,-0.04202506
0.005068170228403618,-0.0986402,-0.04136013
0.005074013085546492,-0.09919341,-0.04080695
0.005079855942689365,-0.09963487,-0.04036552
0.005085698799832238,-0.09996458,-0.04003585
0.005091541656975111,-0.10018250000000001,-0.03981793
0.0051,-0.10048810000000001,-0.03951228
0.00510001,-0.10047710000000001,-0.03952324
0.00510003,-0.10045499999999999,-0.0395453
0.005102375714285721,-0.09800921,-0.04199113
0.005104721428571442,-0.0957288,-0.04427155
0.0051070671428571635,-0.09361381,-0.04638654
0.0051094128571428825,-0.09166424,-0.0483361
0.005111758571428603,-0.0898801,-0.05012024
0.005114104285714324,-0.08826138,-0.05173896
0.005116450000000045,-0.08680809,-0.05319226
0.005116550000000045,-0.08674741,-0.05325294
0.005119064285714338,-0.08531781,-0.05468251
0.00512157857142863,-0.08399029,-0.05601002
0.005124092857142923,-0.08276484,-0.05723549
0.005126607142857216,-0.08164146,-0.0583589
0.005129121428571509,-0.08062016,-0.05938026
0.0051316357142858005,-0.07970093,-0.06029956
0.005134150000000093,-0.07888377,-0.06111681
0.005136664285714386,-0.07813052,-0.06187007
0.005139178571428678,-0.07743104,-0.06256954
0.005141692857142971,-0.07678534,-0.06321524
0.005144207142857264,-0.07619341,-0.06380717
0.005146721428571557,-0.07565526,-0.06434532
0.0051492357142858495,-0.07517089,-0.06482969
0.005151750000000142,-0.07474029,-0.06526029
0.005154264285714434,-0.07434335,-0.06565724
0.005156778571428725,-0.07397475,-0.06602583
0.005159292857143019,-0.0736345,-0.06636608
0.005161807142857312,-0.0733226,-0.06667799
0.005164321428571605,-0.07303904,-0.06696154
0.005166835714285897,-0.07278383,-0.06721675
0.00516935000000019,-0.07255697,-0.06744361
0.005171864285714482,-0.0723478,-0.06765278
0.005174378571428774,-0.07215357,-0.06784701
0.005176892857143067,-0.07197428,-0.0680263
0.00517940714285736,-0.07180992,-0.06819066
0.005181921428571653,-0.07166051,-0.06834008
0.005184435714285945,-0.07152603,-0.06847456
0.005186950000000239,-0.07140648,-0.0685941
0.005189464285714531,-0.07129633,-0.06870425
0.0051919785714288225,-0.07119402,-0.06880656
0.0051944928571431145,-0.07109957,-0.06890101
0.005197007142857408,-0.07101298,-0.06898761
0.005199521428571701,-0.07093423,-0.06906635
0.005202035714285993,-0.07086334,-0.06913724
0.005204550000000286,-0.0708003,-0.06920028
0.005206592857143149,-0.07075247,-0.06924811
0.005208635714286011,-0.07070754,-0.06929305
0.0052106785714288745,-0.0706655,-0.06933508
0.005212721428571737,-0.07062637,-0.06937422
0.0052147642857146,-0.07059013,-0.06941045
0.0052168071428574615,-0.0705568,-0.06944379
0.005218850000000325,-0.07052636,-0.06947422
0.005218950000000325,-0.07052493,-0.06947565
0.005221464285714618,-0.07049051,-0.06951005
0.00522397857142891,-0.07045855,-0.069542
0.005226492857143203,-0.07042907,-0.0695715
0.005229007142857496,-0.07040206,-0.06959854
0.005231521428571789,-0.07037753,-0.06962313
0.005234035714286081,-0.07035546,-0.06964527
0.0052365500000003725,-0.07033587,-0.06966496
0.0052390785714289505,-0.07031769,-0.06968313
0.005241607142857529,-0.07030082,-0.0697
0.005244135714286108,-0.07028524,-0.06971559
0.005246664285714687,-0.07027095,-0.06972987
0.005249192857143265,-0.07025795,-0.06974287
0.005251721428571844,-0.07024625,-0.06975457
0.005254250000000422,-0.07023585,-0.06976497
0.005256778571429,-0.07022632,-0.0697745
0.005259307142857579,-0.07021747,-0.06978335
0.005261835714286157,-0.07020929,-0.06979153
0.005264364285714735,-0.07020178,-0.06979904
0.005266892857143313,-0.07019494,-0.06980588
0.005269421428571892,-0.07018877,-0.06981205
0.00527195000000047,-0.07018328,-0.06981754
0.00527450714285762,-0.07017823,-0.06982259
0.00527706428571477,-0.07017354,-0.06982728
0.00527962142857192,-0.07016921,-0.06983161
0.005282178571429068,-0.07016524,-0.06983558
0.005284735714286218,-0.07016164,-0.06983918
0.005287292857143369,-0.07015839,-0.06984243
0.005289850000000519,-0.0701555,-0.06984532
0.005292450000000525,-0.07015285,-0.06984797
0.0052950500000005325,-0.07015039,-0.06985043
0.0052976500000005405,-0.07014811,-0.06985271
0.005300250000000548,-0.07014601,-0.06985481
0.005302850000000555,-0.0701441,-0.06985672
0.005305450000000562,-0.07014238,-0.06985844
0.005308050000000569,-0.07014084,-0.06985998
0.005309935714286288,-0.07013981,-0.06986101
0.005311821428572008,-0.07013884,-0.06986198
0.005313707142857727,-0.07013793,-0.06986289
0.0053155928571434466,-0.07013708,-0.06986374
0.005317478571429166,-0.07013629,-0.06986453
0.005319364285714886,-0.07013555,-0.06986527
0.005321250000000605,-0.07013488,-0.06986594
0.005321350000000604,-0.07013488,-0.06986594
0.005324121428572042,-0.07013396,-0.06986683
0.005326892857143478,-0.07013313,-0.06986766
0.005329664285714914,-0.07013237,-0.06986844
0.00533243571428635,-0.07013169,-0.06986915
0.005335207142857786,-0.07013108,-0.06986981
0.005337978571429222,-0.07013056,-0.06987041
0.0053407500000006575,-0.07013011,-0.06987095
0.005343750000000667,-0.07012966,-0.06987139
0.005346750000000675,-0.07012925,-0.06987181
0.005349750000000683,-0.07012886,-0.0698722
0.00535275000000069,-0.0701285,-0.06987255
0.005355750000000699,-0.07012818,-0.06987288
0.0053587500000007076,-0.07012788,-0.06987318
0.005361750000000716,-0.07012761,-0.06987345
0.005365221428572154,-0.07012733,-0.06987373
0.005368692857143592,-0.07012709,-0.06987397
0.005372164285715029,-0.07012687,-0.06987419
0.005375635714286468,-0.07012668,-0.06987438
0.005379107142857906,-0.07012652,-0.06987453
0.005382578571429344,-0.07012639,-0.06987466
0.005386050000000782,-0.0701263,-0.06987476
0.0053905071428579365,-0.07012618,-0.06987488
0.005394964285715093,-0.07012608,-0.06987498
0.005399421428572248,-0.07012598,-0.06987508
0.005403878571429402,-0.0701259,-0.06987516
0.005408335714286557,-0.07012582,-0.06987524
0.0054127928571437115,-0.07012575,-0.0698753
0.0054172500000008676,-0.0701257,-0.06987536
0.005423750000000885,-0.07012558,-0.06987548
0.005431050000000904,-0.07012558,-0.06987557
0.005438350000000925,-0.07012558,-0.06987564
0.005445650000000945,-0.07012558,-0.0698757
0.005452950000000965,-0.07012558,-0.06987573
0.005460250000000985,-0.07012558,-0.06987575
0.005467550000001005,-0.07012558,-0.06987574
0.005474850000001025,-0.07012558,-0.06987572
0.005482164285715331,-0.07012559,-0.0698757
0.005489478571429636,-0.07012559,-0.0698757
0.005496792857143942,-0.07012559,-0.06987571
0.005504107142858248,-0.07012557,-0.06987573
0.005511421428572554,-0.07012554,-0.06987575
0.005518735714286859,-0.07012551,-0.06987579
0.005526050000001165,-0.07012546,-0.06987584
0.0055261500000011645,-0.07012546,-0.06987584
0.005628550000001445,-0.07012558,-0.06987596
0.0057309500000017255,-0.0701257,-0.06987607
0.005833350000002006,-0.07012582,-0.06987619
0.0059357500000022856,-0.07012594,-0.06987631
0.006038150000002566,-0.07012594,-0.06987631
0.0061405500000028465,-0.07012606,-0.06987643
0.006242950000003126,-0.07012618,-0.06987655
0.006345350000003407,-0.07012618,-0.06987655
0.006447750000003686,-0.0701263,-0.06987667
0.006550150000003966,-0.07012641,-0.06987679
0.006652550000004246,-0.07012641,-0.06987679
0.006754950000004526,-0.07012653,-0.06987691
0.006857350000004806,-0.07012653,-0.06987691
0.006959750000005086,-0.07012665,-0.06987703
0.007062150000005366,-0.07012665,-0.06987703
0.007164550000005645,-0.07012677,-0.06987715
0.007266950000005926,-0.07012677,-0.06987715
0.007369350000006206,-0.07012689,-0.06987727
0.007471750000006486,-0.07012689,-0.06987727
0.007574150000006765,-0.07012689,-0.06987727
0.0076765500000070454,-0.07012701,-0.06987739
0.007778950000007326,-0.07012701,-0.06987739
0.007881350000007009,-0.07012701,-0.06987739
0.007983750000006402,-0.07012713,-0.06987751
0.008086150000005794,-0.07012713,-0.06987751
0.008188550000005184,-0.07012713,-0.06987751
0.008290950000004576,-0.07012725,-0.06987762
0.008393350000003968,-0.07012725,-0.06987762
0.00849575000000336,-0.07012725,-0.06987762
0.008598150000002752,-0.07012725,-0.06987762
0.008700550000002144,-0.07012737,-0.06987774
0.008802950000001536,-0.07012737,-0.06987774
0.008905350000000927,-0.07012737,-0.06987774
0.009007750000000321,-0.07012737,-0.06987774
0.009110149999999713,-0.07012749,-0.06987786
0.009212549999999105,-0.07012749,-0.06987786
0.009314949999998495,-0.07012749,-0.06987786
0.009417349999997887,-0.07012749,-0.06987786
0.00951974999999728,-0.07012749,-0.06987786
0.009622149999996672,-0.07012749,-0.06987786
0.009724549999996062,-0.07012761,-0.06987798
0.009826949999995454,-0.07012761,-0.06987798
0.009929349999994846,-0.07012761,-0.06987798
0.010031749999994241,-0.07012761,-0.06987798
0.01013414999999363,-0.07012761,-0.06987798
0.01023654999999302,-0.07012761,-0.06987798
0.01033894999999241,-0.07012761,-0.06987798
0.010441349999991809,-0.07012761,-0.06987798
0.0105437499999912,-0.07012773,-0.0698781
0.010646149999990591,-0.07012773,-0.0698781
0.01074854999998998,-0.07012773,-0.0698781
0.01085094999998937,-0.07012773,-0.0698781
0.01095334999998877,-0.07012773,-0.0698781
0.01105574999998816,-0.07012773,-0.0698781
0.01115814999998755,-0.07012773,-0.0698781
0.01126054999998694,-0.07012773,-0.0698781
0.01136294999998633,-0.07012784,-0.06987822
0.01146534999998572,-0.07012784,-0.06987822
0.01156774999998512,-0.07012784,-0.06987822
0.01167014999998451,-0.07012784,-0.06987822
0.0117725499999839,-0.07012784,-0.06987822
0.01187494999998329,-0.07012784,-0.06987822
0.01197734999998268,-0.07012784,-0.06987822
0.01207974999998208,-0.07012784,-0.06987822
0.01218214999998147,-0.07012784,-0.06987822
0.012284549999980859,-0.07012784,-0.06987822
0.01238694999998025,-0.07012784,-0.06987822
0.012489349999979641,-0.07012784,-0.06987822
0.01259174999997904,-0.07012784,-0.06987822
0.01269414999997843,-0.07012784,-0.06987822
0.01279654999997782,-0.07012784,-0.06987822
0.012898949999977209,-0.07012784,-0.06987822
0.0130013499999766,-0.07012784,-0.06987822
0.01310374999997599,-0.07012784,-0.06987822
0.013206149999975391,-0.07012784,-0.06987822
0.01330854999997478,-0.07012784,-0.06987822
0.01341094999997417,-0.07012784,-0.06987822
0.01351334999997356,-0.07012784,-0.06987822
0.01361574999997295,-0.07012784,-0.06987822
0.01371814999997235,-0.07012784,-0.06987822
0.01382054999997174,-0.07012784,-0.06987822
0.013922949999971129,-0.07012784,-0.06987822
0.01402534999997052,-0.07012784,-0.06987822
0.01412774999996991,-0.07012784,-0.06987822
0.01423014999996931,-0.07012784,-0.06987822
0.0143325499999687,-0.07012784,-0.06987822
0.01443494999996809,-0.07012784,-0.06987822
0.014537349999967482,-0.07012784,-0.06987822
0.014639749999966869,-0.07012784,-0.06987822
0.014742149999966259,-0.07012784,-0.06987822
0.01484454999996566,-0.07012784,-0.06987822
0.01494694999996505,-0.07012784,-0.06987822
0.015049349999964441,-0.07012784,-0.06987822
0.015151749999963831,-0.07012784,-0.06987822
0.015254149999963218,-0.07012784,-0.06987822
0.015356549999962619,-0.07012784,-0.06987822
0.015458949999962009,-0.07012784,-0.06987822
0.0155613499999614,-0.07012784,-0.06987822
0.01566374999996079,-0.07012784,-0.06987822
0.01576614999996018,-0.07012784,-0.06987822
0.01586854999995958,-0.07012784,-0.06987822
0.015970949999958968,-0.07012784,-0.06987822
0.01607334999995836,-0.07012784,-0.06987822
0.01617574999995775,-0.07012784,-0.06987822
0.01627814999995714,-0.07012784,-0.06987822
0.01638054999995654,-0.07012784,-0.06987822
0.01648294999995593,-0.07012784,-0.06987822
0.01658534999995532,-0.07012784,-0.06987822
0.01668774999995471,-0.07012784,-0.06987822
0.0167901499999541,-0.07012784,-0.06987822
0.0168925499999535,-0.07012784,-0.06987822
0.01699494999995289,-0.07012784,-0.06987822
0.017097349999952282,-0.07012784,-0.06987822
0.01719974999995167,-0.07012784,-0.06987822
0.01730214999995106,-0.07012784,-0.06987822
0.01740454999995045,-0.07012784,-0.06987822
0.01750694999994985,-0.07012784,-0.06987822
0.01760934999994924,-0.07012784,-0.06987822
0.01771174999994863,-0.07012784,-0.06987822
0.017814149999948018,-0.07012784,-0.06987822
0.01791654999994741,-0.07012784,-0.06987822
0.01801894999994681,-0.07012784,-0.06987822
0.0181213499999462,-0.07012784,-0.06987822
0.01822374999994559,-0.07012784,-0.06987822
0.01832614999994498,-0.07012784,-0.06987822
0.01842854999994437,-0.07012784,-0.06987822
0.018530949999943768,-0.07012784,-0.06987822
0.01863334999994316,-0.07012784,-0.06987822
0.01873574999994255,-0.07012784,-0.06987822
0.01883814999994194,-0.07012784,-0.06987822
0.018940549999941332,-0.07012784,-0.06987822
0.019042949999940717,-0.07012784,-0.06987822
0.01914534999994012,-0.07012784,-0.06987822
0.019247749999939508,-0.07012784,-0.06987822
0.0193501499999389,-0.07012784,-0.06987822
0.01945254999993829,-0.07012784,-0.06987822
0.01955494999993768,-0.07012784,-0.06987822
0.019657349999937082,-0.07012784,-0.06987822
0.019759749999936467,-0.07012784,-0.06987822
0.01986214999993586,-0.07012784,-0.06987822
0.01996454999993525,-0.07012784,-0.06987822
0.02006694999993464,-0.07012784,-0.06987822
0.02016934999993403,-0.07012784,-0.06987822
0.02027174999993343,-0.07012784,-0.06987822
0.020374149999932818,-0.07012784,-0.06987822
0.02047654999993221,-0.07012784,-0.06987822
0.0205789499999316,-0.07012784,-0.06987822
0.02068134999993099,-0.07012784,-0.06987822
0.02078374999993039,-0.07012784,-0.06987822
0.02088614999992978,-0.07012784,-0.06987822
0.02098854999992917,-0.07012784,-0.06987822
0.021090949999928558,-0.07012784,-0.06987822
0.02119334999992795,-0.07012784,-0.06987822
0.02129574999992735,-0.07012784,-0.06987822
0.02139814999992674,-0.07012784,-0.06987822
0.021500549999926132,-0.07012784,-0.06987822
0.021602949999925517,-0.07012784,-0.06987822
0.02170534999992491,-0.07012784,-0.06987822
0.0218077499999243,-0.07012784,-0.06987822
0.0219101499999237,-0.07012784,-0.06987822
0.02201254999992309,-0.07012784,-0.06987822
0.02211494999992248,-0.07012784,-0.06987822
0.02221734999992187,-0.07012784,-0.06987822
0.02231974999992126,-0.07012784,-0.06987822
0.02242214999992066,-0.07012784,-0.06987822
0.02252454999992005,-0.07012784,-0.06987822
0.02262694999991944,-0.07012784,-0.06987822
0.02272934999991883,-0.07012784,-0.06987822
0.02283174999991822,-0.07012784,-0.06987822
0.02293414999991762,-0.07012784,-0.06987822
0.02303654999991701,-0.07012784,-0.06987822
0.0231389499999164,-0.07012784,-0.06987822
0.02324134999991579,-0.07012784,-0.06987822
0.023343749999915182,-0.07012784,-0.06987822
0.023446149999914567,-0.07012784,-0.06987822
0.02354854999991397,-0.07012784,-0.06987822
0.023650949999913358,-0.07012784,-0.06987822
0.02375334999991275,-0.07012784,-0.06987822
0.02385574999991214,-0.07012784,-0.06987822
0.02395814999991153,-0.07012784,-0.06987822
0.024060549999910932,-0.07012784,-0.06987822
0.024162949999910317,-0.07012784,-0.06987822
0.02426534999990971,-0.07012784,-0.06987822
0.0243677499999091,-0.07012784,-0.06987822
0.02447014999990849,-0.07012784,-0.06987822
0.02457254999990789,-0.07012784,-0.06987822
0.02467494999990728,-0.07012784,-0.06987822
0.02477734999990667,-0.07012784,-0.06987822
0.02487974999990606,-0.07012784,-0.06987822
0.02498214999990545,-0.07012784,-0.06987822
0.025,-0.07012784,-0.06987822
0.02500001,-0.07011664,-0.06988955
0.02500003,-0.07009387,-0.0699122
0.0250002,-0.06990159,-0.0701046
0.02500109285714285,-0.06891291,-0.07109321
0.0250019857142857,-0.06795347,-0.07205262
0.02500287857142856,-0.06702324,-0.07298282
0.02500377142857141,-0.06612224,-0.07388383
0.02500466428571426,-0.06525046,-0.07475562
0.02500555714285711,-0.06440791,-0.07559822
0.02500644999999997,-0.06359458,-0.0764116
0.02500847857142852,-0.06185679,-0.0781494
0.025010507142857092,-0.06022349,-0.07978271
0.02501253571428564,-0.05869468,-0.08131152
0.0250145642857142,-0.05727035,-0.08273583
0.02501659285714276,-0.0559505,-0.08405565
0.02501862142857132,-0.05473514,-0.08527097
0.02502064999999988,-0.05362427,-0.08638179
0.02502389285714272,-0.05202567,-0.08798043
0.02502713571428556,-0.05056483,-0.08944128
0.02503037857142839,-0.04924177,-0.09076435
0.02503362142857123,-0.04805648,-0.09194964
0.02503686428571407,-0.04700897,-0.09299715
0.02504010714285691,-0.04609922,-0.09390687
0.02504334999999975,-0.04532725,-0.09467882
0.02504717857142829,-0.04451425,-0.09549185
0.02505100714285685,-0.04377975,-0.09622637
0.025054835714285392,-0.04312373,-0.09688239
0.02505866428571394,-0.04254621,-0.09745991
0.02506249285714249,-0.04204718,-0.09795892
0.025066321428571042,-0.04162664,-0.09837944
0.02507014999999959,-0.04128459,-0.09872144
0.02507190714285672,-0.04113341,-0.09887263
0.02507366428571385,-0.04099019,-0.09901584
0.02507542142857099,-0.04085495,-0.09915109
0.02507717857142812,-0.04072768,-0.09927835
0.02507893571428525,-0.04060838,-0.09939765
0.02508069285714238,-0.04049705,-0.09950897
0.02508244999999951,-0.0403937,-0.09961233
0.025083949999999508,-0.04030944,-0.09969658
0.0250894214285709,-0.04005384,-0.09995218
0.0250948928571423,-0.03982861,-0.10017739999999999
0.025100364285713692,-0.03963373,-0.10037230000000001
0.02510583571428509,-0.03946922,-0.10053680000000001
0.02511130714285649,-0.03933507,-0.1006709
0.02511677857142788,-0.03923128,-0.1007747
0.02512224999999928,-0.03915785,-0.10084810000000001
0.02512539285714211,-0.03911555,-0.1008904
0.025128535714284958,-0.03907649,-0.10092949999999999
0.02513167857142779,-0.03904066,-0.10096530000000001
0.025134821428570632,-0.03900808,-0.10099789999999999
0.02513796428571347,-0.03897873,-0.1010272
0.02514110714285631,-0.03895263,-0.1010533
0.02514424999999915,-0.03892976,-0.1010761
0.0251863499999989,-0.03874898,-0.1012567
0.0252,-0.03871799,-0.1012876
0.02520001,-0.03872931,-0.1012763
0.02520003,-0.03875208,-0.1012535
0.02520253285714284,-0.04141773,-0.09858785
0.02520503571428569,-0.04389375,-0.09611184
0.02520753857142853,-0.04618011,-0.09382548
0.02521004142857137,-0.04827683,-0.09172876
0.02521254428571421,-0.05018391,-0.08982168
0.02521504714285706,-0.05190134,-0.08810425
0.0252175499999999,-0.05342913,-0.08657646
0.025220064285714168,-0.05484379,-0.0851618
0.02522257857142844,-0.05615746,-0.08384813
0.02522509285714271,-0.05737012,-0.08263547
0.025227607142856982,-0.05848178,-0.08152381
0.02523012142857125,-0.05949244,-0.08051315
0.02523263571428552,-0.0604021,-0.07960349
0.02523514999999979,-0.06121075,-0.07879484
0.02523766428571406,-0.06195611,-0.07804938
0.02524017857142833,-0.06264826,-0.07735716
0.0252426928571426,-0.0632872,-0.07671817
0.02524520714285688,-0.06387292,-0.07613241
0.02524772142857115,-0.06440544,-0.07559988
0.02525023571428542,-0.06488474,-0.07512058
0.025252749999999692,-0.06531084,-0.07469451
0.02525526428571396,-0.06570362,-0.07430173
0.025257778571428233,-0.06606836,-0.07393699
0.0252602928571425,-0.06640506,-0.07360029
0.02526280714285677,-0.06671371,-0.07329164
0.02526532142857104,-0.06699431,-0.07301104
0.02526783571428531,-0.06724687,-0.07275848
0.02527034999999958,-0.06747139,-0.07253397
0.02527286428571385,-0.06767834,-0.07232701
0.02527537857142813,-0.06787052,-0.07213483
0.0252778928571424,-0.06804792,-0.07195743
0.02528040714285667,-0.06821056,-0.07179479
0.02528292142857094,-0.06835842,-0.07164693
0.02528543571428521,-0.06849151,-0.07151384
0.02528794999999948,-0.06860983,-0.07139552
0.02528844999999948,-0.06863272,-0.07137263
0.02529096428571375,-0.06873974,-0.07126552
0.025293478571428017,-0.06883912,-0.07116606
0.02529599285714229,-0.06893088,-0.07107425
0.025298507142856558,-0.06901501,-0.07099009
0.02530102142857083,-0.06909151,-0.07091358
0.0253035357142851,-0.06916038,-0.07084471
0.02530604999999937,-0.06922162,-0.0707835
0.02530856428571364,-0.06927805,-0.07072706
0.02531107857142791,-0.06933045,-0.07067466
0.025313592857142183,-0.06937883,-0.07062629
0.02531610714285646,-0.06942317,-0.07058194
0.02531862142857073,-0.06946349,-0.07054162
0.025321135714285,-0.06949978,-0.07050533
0.025323649999999268,-0.06953204,-0.07047307
0.02532616428571354,-0.06956177,-0.07044335
0.025328678571427808,-0.06958937,-0.07041574
0.025331192857142082,-0.06961486,-0.07039025
0.02533370714285635,-0.06963823,-0.07036689
0.02533622142857062,-0.06965947,-0.07034564
0.02533873571428489,-0.06967859,-0.07032652
0.02534124999999916,-0.06969559,-0.07030952
0.02534377857142772,-0.06971125,-0.07029377
0.02534630714285628,-0.0697258,-0.07027915
0.025348835714284833,-0.06973924,-0.07026566
0.02535136428571339,-0.06975157,-0.07025329
0.02535389285714194,-0.06976279,-0.07024206
0.0253564214285705,-0.0697729,-0.07023195
0.025358949999999058,-0.0697819,-0.07022297
0.0253614928571419,-0.0697902,-0.07021467
0.02536403571428474,-0.06979791,-0.07020696
0.02536657857142758,-0.06980503,-0.07019984
0.02536912142857043,-0.06981155,-0.07019332
0.025371664285713268,-0.06981748,-0.07018739
0.025374207142856108,-0.06982281,-0.07018206
0.02537674999999895,-0.06982756,-0.07017732
0.02537874999999894,-0.06983101,-0.07017386
0.025380749999998932,-0.06983427,-0.07017061
0.02538274999999892,-0.06983731,-0.07016756
0.025384749999998908,-0.06984016,-0.07016471
0.02538674999999889,-0.0698428,-0.07016207
0.02538874999999888,-0.06984523,-0.07015964
0.02539074999999887,-0.06984746,-0.07015741
0.02539084999999887,-0.06984758,-0.07015729
0.02539344999999885,-0.0698502,-0.07015458
0.02539604999999884,-0.06985263,-0.07015208
0.02539864999999882,-0.06985488,-0.07014978
0.02540124999999881,-0.06985694,-0.07014768
0.02540384999999879,-0.06985881,-0.07014579
0.025406449999998783,-0.0698605,-0.07014411
0.02540904999999876,-0.06986201,-0.07014263
0.025411721428570167,-0.06986339,-0.07014124
0.02541439285714158,-0.06986467,-0.07013996
0.025417064285713,-0.06986586,-0.07013877
0.025419735714284408,-0.06986695,-0.07013768
0.025422407142855832,-0.06986794,-0.07013669
0.02542507857142724,-0.06986884,-0.0701358
0.02542774999999865,-0.06986964,-0.070135
0.0254305785714272,-0.06987039,-0.07013424
0.02543340714285576,-0.06987109,-0.07013355
0.02543623571428431,-0.06987172,-0.07013291
0.025439064285712867,-0.0698723,-0.07013233
0.025441892857141418,-0.06987282,-0.07013181
0.02544472142856998,-0.06987329,-0.07013135
0.025447549999998532,-0.06987369,-0.07013094
0.0254506642857128,-0.06987402,-0.07013052
0.02545377857142707,-0.06987433,-0.07013014
0.025456892857141332,-0.06987462,-0.07012979
0.0254600071428556,-0.0698749,-0.07012948
0.02546312142856987,-0.06987515,-0.07012922
0.02546623571428414,-0.06987538,-0.07012899
0.0254693499999984,-0.0698756,-0.0701288
0.025472749999998382,-0.06987578,-0.07012862
0.02547614999999836,-0.06987595,-0.07012844
0.02547954999999834,-0.06987612,-0.07012828
0.025482949999998318,-0.06987627,-0.07012813
0.0254863499999983,-0.06987641,-0.07012798
0.02548974999999828,-0.06987655,-0.07012785
0.02549314999999826,-0.06987667,-0.07012773
0.02549324999999826,-0.06987667,-0.07012773
0.0254980785714268,-0.06987669,-0.07012761
0.02550290714285535,-0.06987672,-0.07012751
0.02550773571428389,-0.06987677,-0.07012741
0.02551256428571243,-0.06987682,-0.07012733
0.02551739285714097,-0.06987688,-0.07012725
0.025522221428569518,-0.06987695,-0.07012719
0.02552704999999806,-0.06987703,-0.07012713
0.025534635714283733,-0.06987709,-0.0701271
0.0255422214285694,-0.06987713,-0.07012706
0.02554980714285507,-0.06987715,-0.07012703
0.025557392857140742,-0.06987715,-0.07012699
0.02556497857142641,-0.06987713,-0.07012696
0.02557256428571208,-0.06987709,-0.07012693
0.02558014999999774,-0.06987703,-0.07012689
0.02559564999999765,-0.06987703,-0.07012689
0.02561026428571185,-0.06987704,-0.07012681
0.02562487857142605,-0.06987704,-0.07012674
0.02563949285714025,-0.06987704,-0.07012668
0.02565410714285445,-0.06987702,-0.07012663
0.02566872142856865,-0.06987699,-0.07012659
0.02568333571428285,-0.06987696,-0.07012656
0.02569794999999705,-0.06987691,-0.07012653
0.02569804999999704,-0.06987691,-0.07012653
0.02580044999999644,-0.06987679,-0.07012641
0.02590284999999583,-0.06987655,-0.07012618
0.02600524999999522,-0.06987643,-0.07012606
0.026107649999994608,-0.06987619,-0.07012582
0.026210049999994,-0.06987607,-0.0701257
0.0263124499999934,-0.06987596,-0.07012558
0.02641484999999279,-0.06987572,-0.07012534
0.026517249999992182,-0.0698756,-0.07012522
0.026619649999991567,-0.06987548,-0.0701251
0.02672204999999096,-0.06987536,-0.07012498
0.026824449999990358,-0.06987524,-0.07012486
0.02692684999998975,-0.06987512,-0.07012475
0.027029249999989142,-0.069875,-0.07012463
0.02713164999998853,-0.06987488,-0.07012451
0.02723404999998792,-0.06987476,-0.07012439
0.02733644999998731,-0.06987464,-0.07012427
0.02743884999998671,-0.06987453,-0.07012415
0.0275412499999861,-0.06987453,-0.07012415
0.02764364999998549,-0.06987441,-0.07012403
0.02774604999998488,-0.06987429,-0.07012391
0.02784844999998427,-0.06987417,-0.07012379
0.02795084999998367,-0.06987417,-0.07012379
0.02805324999998306,-0.06987405,-0.07012367
0.02815564999998245,-0.06987405,-0.07012367
0.028258049999981837,-0.06987393,-0.07012355
0.028360449999981233,-0.06987381,-0.07012343
0.028462849999980618,-0.06987381,-0.07012343
0.02856524999998002,-0.06987369,-0.07012331
0.02866764999997941,-0.06987369,-0.07012331
0.0287700499999788,-0.06987357,-0.0701232
0.02887244999997819,-0.06987357,-0.0701232
0.02897484999997758,-0.06987357,-0.0701232
0.029077249999976983,-0.06987345,-0.07012308
0.029179649999976368,-0.06987345,-0.07012308
0.029282049999975763,-0.06987333,-0.07012296
0.02938444999997515,-0.06987333,-0.07012296
0.029486849999974536,-0.06987333,-0.07012296
0.02958924999997394,-0.06987321,-0.07012284
0.02969164999997333,-0.06987321,-0.07012284
0.02979404999997272,-0.06987321,-0.07012284
0.029896449999972114,-0.06987309,-0.07012272
0.0299988499999715,-0.06987309,-0.07012272
0.030101249999970887,-0.06987309,-0.07012272
0.030203649999970286,-0.06987309,-0.07012272
0.03030604999996968,-0.06987298,-0.0701226
0.03040844999996907,-0.06987298,-0.0701226
0.030510849999968462,-0.06987298,-0.0701226
0.03061324999996785,-0.06987298,-0.0701226
0.03071564999996725,-0.06987286,-0.07012248
0.030818049999966637,-0.06987286,-0.07012248
0.030920449999966033,-0.06987286,-0.07012248
0.031022849999965418,-0.06987286,-0.07012248
0.031125249999964813,-0.06987286,-0.07012248
0.031227649999964212,-0.06987286,-0.07012248
0.031330049999966365,-0.06987274,-0.07012236
0.03143244999996932,-0.06987274,-0.07012236
0.03153484999997226,-0.06987274,-0.07012236
0.03163724999997521,-0.06987274,-0.07012236
0.03173964999997815,-0.06987274,-0.07012236
0.0318420499999811,-0.06987274,-0.07012236
0.03194444999998404,-0.06987262,-0.07012224
0.032046849999986984,-0.06987262,-0.07012224
0.03214924999998993,-0.06987262,-0.07012224
0.03225164999999287,-0.06987262,-0.07012224
0.03235404999999582,-0.06987262,-0.07012224
0.03245644999999876,-0.06987262,-0.07012224
0.032558850000001714,-0.06987262,-0.07012224
0.03266125000000465,-0.06987262,-0.07012224
0.0327636500000076,-0.06987262,-0.07012224
0.032866050000010534,-0.06987262,-0.07012224
0.032968450000013486,-0.06987262,-0.07012224
0.03307085000001643,-0.06987262,-0.07012224
0.03317325000001938,-0.06987262,-0.07012224
0.03327565000002232,-0.06987262,-0.07012224
0.033378050000025264,-0.0698725,-0.07012212
0.033480450000028215,-0.0698725,-0.07012212
0.03358285000003115,-0.0698725,-0.07012212
0.0336852500000341,-0.0698725,-0.07012212
0.033787650000037035,-0.0698725,-0.07012212
0.03389005000003999,-0.0698725,-0.07012212
0.03399245000004293,-0.0698725,-0.07012212
0.03409485000004588,-0.0698725,-0.07012212
0.03419725000004882,-0.0698725,-0.07012212
0.03429965000005177,-0.0698725,-0.07012212
0.03440205000005471,-0.0698725,-0.07012212
0.03450445000005765,-0.0698725,-0.07012212
0.0346068500000606,-0.0698725,-0.07012212
0.034709250000063537,-0.0698725,-0.07012212
0.03481165000006649,-0.0698725,-0.07012212
0.03491405000006943,-0.0698725,-0.07012212
0.035016450000072384,-0.06987238,-0.070122
0.03511885000007532,-0.06987238,-0.070122
0.035221250000078266,-0.06987238,-0.070122
0.03532365000008121,-0.06987238,-0.070122
0.03542605000008416,-0.06987238,-0.070122
0.0355284500000871,-0.06987238,-0.070122
0.03563085000009005,-0.06987238,-0.070122
0.03573325000009299,-0.06987238,-0.070122
0.035835650000095934,-0.06987238,-0.070122
0.03593805000009888,-0.06987238,-0.070122
0.036040450000101816,-0.06987238,-0.070122
0.03614285000010477,-0.06987238,-0.070122
0.03624525000010771,-0.06987238,-0.070122
0.036347650000110664,-0.06987238,-0.070122
0.0364500500001136,-0.06987238,-0.070122
0.03655245000011655,-0.06987238,-0.070122
0.03665485000011949,-0.06987238,-0.070122
0.036757250000122435,-0.06987238,-0.070122
0.03685965000012538,-0.06987238,-0.070122
0.03696205000012832,-0.06987238,-0.070122
0.03706445000013127,-0.06987238,-0.070122
0.03716685000013421,-0.06987238,-0.070122
0.037269250000137165,-0.06987238,-0.070122
0.0373716500001401,-0.06987238,-0.070122
0.03747405000014305,-0.06987238,-0.070122
0.037576450000145985,-0.06987238,-0.070122
0.037678850000148936,-0.06987238,-0.070122
0.03778125000015188,-0.06987238,-0.070122
0.03788365000015483,-0.06987238,-0.070122
0.03798605000015777,-0.06987238,-0.070122
0.03808845000016072,-0.06987238,-0.070122
0.03819085000016366,-0.06987238,-0.070122
0.0382932500001666,-0.06987238,-0.070122
0.03839565000016955,-0.06987238,-0.070122
0.038498050000172486,-0.06987238,-0.070122
0.03860045000017544,-0.06987238,-0.070122
0.03870285000017838,-0.06987238,-0.070122
0.038805250000181334,-0.06987238,-0.070122
0.03890765000018427,-0.06987238,-0.070122
0.039010050000187216,-0.06987238,-0.070122
0.03911245000019016,-0.06987238,-0.070122
0.03921485000019311,-0.06987238,-0.070122
0.03931725000019605,-0.06987238,-0.070122
0.03941965000019899,-0.06987238,-0.070122
0.03952205000020194,-0.06987238,-0.070122
0.03962445000020488,-0.06987238,-0.070122
0.03972685000020783,-0.06987238,-0.070122
0.039829250000210766,-0.06987238,-0.070122
0.03993165000021372,-0.06987238,-0.070122
0.04003405000021666,-0.06987238,-0.070122
0.04013645000021961,-0.06987238,-0.070122
0.04023885000022255,-0.06987238,-0.070122
0.0403412500002255,-0.06987238,-0.070122
0.04044365000022844,-0.06987238,-0.070122
0.040546050000231385,-0.06987238,-0.070122
0.04064845000023433,-0.06987238,-0.070122
0.04075085000023727,-0.06987238,-0.070122
0.04085325000024022,-0.06987238,-0.070122
0.04095565000024316,-0.06987238,-0.070122
0.041058050000246114,-0.06987238,-0.070122
0.04116045000024905,-0.06987238,-0.070122
0.041262850000252,-0.06987238,-0.070122
0.041365250000254934,-0.06987238,-0.070122
0.041467650000257886,-0.06987238,-0.070122
0.04157005000026083,-0.06987238,-0.070122
0.04167245000026378,-0.06987238,-0.070122
0.04177485000026672,-0.06987238,-0.070122
0.041877250000269664,-0.06987238,-0.070122
0.041979650000272616,-0.06987238,-0.070122
0.04208205000027555,-0.06987238,-0.070122
0.0421844500002785,-0.06987238,-0.070122
0.042286850000281435,-0.06987238,-0.070122
0.04238925000028439,-0.06987238,-0.070122
0.04249165000028733,-0.06987238,-0.070122
0.04259405000029028,-0.06987238,-0.070122
0.04269645000029322,-0.06987238,-0.070122
0.04279885000029617,-0.06987238,-0.070122
0.04290125000029911,-0.06987238,-0.070122
0.04300365000030205,-0.06987238,-0.070122
0.043106050000305,-0.06987238,-0.070122
0.04320845000030794,-0.06987238,-0.070122
0.04331085000031089,-0.06987238,-0.070122
0.04341325000031383,-0.06987238,-0.070122
0.043515650000316784,-0.06987238,-0.070122
0.04361805000031972,-0.06987238,-0.070122
0.043720450000322666,-0.06987238,-0.070122
0.04382285000032561,-0.06987238,-0.070122
0.04392525000032856,-0.06987238,-0.070122
0.0440276500003315,-0.06987238,-0.070122
0.04413005000033445,-0.06987238,-0.070122
0.04423245000033739,-0.06987238,-0.070122
0.044334850000340334,-0.06987238,-0.070122
0.04443725000034328,-0.06987238,-0.070122
0.044539650000346216,-0.06987238,-0.070122
0.04464205000034917,-0.06987238,-0.070122
0.04474445000035211,-0.06987238,-0.070122
0.044846850000355064,-0.06987238,-0.070122
0.044949250000358,-0.06987238,-0.070122
0.045,-0.06987238,-0.070122
0.04500001,-0.06988358,-0.07011068
0.04500003,-0.06990623,-0.07008791
0.0450001,-0.06998575,-0.07000864
0.045000156,-0.07004905,-0.06994534
0.04500042000000001,-0.07034576,-0.0696485
0.045001420000000035,-0.07144149,-0.06855282
0.045002420000000064,-0.07250134,-0.06749301
0.045003420000000086,-0.07352531,-0.06646906
0.04500442000000012,-0.0745134,-0.06548099
0.04500542000000015,-0.07546562,-0.06452878
0.04500642000000018,-0.07638195,-0.06361245
0.045007420000000214,-0.0772624,-0.06273198
0.04500954857142884,-0.07901768,-0.06097671
0.04501167714285748,-0.08066324,-0.05933115
0.04501380571428611,-0.08219908,-0.0577953
0.04501593428571474,-0.0836252,-0.05636918
0.04501806285714337,-0.0849416,-0.05505277
0.04502019142857201,-0.08614827,-0.05384607
0.045022320000000636,-0.08724523,-0.0527491
0.045025691428572163,-0.088803,-0.05119132
0.045029062857143684,-0.09022274,-0.04977158
0.04503243428571521,-0.09150444,-0.04848988
0.04503580571428674,-0.09264811,-0.04734622
0.04503917714285827,-0.09365374,-0.0463406
0.04504254857142979,-0.09452134,-0.04547302
0.04504592000000132,-0.0952509,-0.04474348
0.04505102000000146,-0.09625024,-0.04374415
0.04505423428571584,-0.09677791,-0.04321647
0.045057448571430216,-0.09726063,-0.04273375
0.045060662857144586,-0.0976984,-0.04229599
0.045063877142858984,-0.0980912,-0.04190318
0.04506709142857335,-0.09843906,-0.04155533
0.04507030571428773,-0.09874195,-0.04125243
0.045073520000002115,-0.09899989,-0.0409945
0.04507542000000216,-0.09914421,-0.04085019
0.04507732000000222,-0.09928042,-0.04071398
0.04507922000000227,-0.09940854,-0.04058587
0.045081120000002334,-0.09952855,-0.04046587
0.04508302000000238,-0.09964046,-0.04035396
0.045084920000002436,-0.09974427,-0.04025016
0.04508682000000249,-0.09983997,-0.04015446
0.045088702857145,-0.09992904,-0.04006539
0.045090585714287486,-0.1000132,-0.03998123
0.04509246857143,-0.1000924,-0.03990198
0.0450943514285725,-0.1001668,-0.03982765
0.045096234285715,-0.1002362,-0.03975824
0.0450981171428575,-0.10030069999999999,-0.03969374
0.0451,-0.10036030000000001,-0.03963415
0.04510001,-0.1003493,-0.03964518
0.04510003000000001,-0.10032719999999999,-0.03966725
0.045102532857142934,-0.09772967,-0.04226479
0.04510503571428586,-0.09531694,-0.04467753
0.04510753857142879,-0.09308902,-0.04690545
0.045110041428571716,-0.0910459,-0.04894857
0.04511254428571465,-0.0891876,-0.05080688
0.04511504714285758,-0.0875141,-0.05248039
0.04511755000000051,-0.08602541,-0.05396908
0.04512006428571486,-0.0846469,-0.0553476
0.04512257857142922,-0.08336683,-0.05662768
0.045125092857143584,-0.08218518,-0.05780934
0.04512760714285794,-0.08110195,-0.05889257
0.0451301214285723,-0.08011715,-0.05987737
0.04513263571428666,-0.07923078,-0.06076374
0.04513515000000101,-0.07844284,-0.06155169
0.04513766428571537,-0.07771648,-0.06227806
0.04514017857142973,-0.07704198,-0.06295257
0.04514269285714408,-0.07641935,-0.06357521
0.04514520714285845,-0.07584858,-0.06414599
0.0451477214285728,-0.07532967,-0.0646649
0.04515023571428716,-0.07486262,-0.06513195
0.04515275000000152,-0.07444744,-0.06554714
0.04515315000000153,-0.07438311,-0.06561147
0.04515566428571589,-0.07400591,-0.06598868
0.04515817857143024,-0.07365564,-0.06633895
0.0451606928571446,-0.07333231,-0.0666623
0.04516320714285897,-0.07303591,-0.0669587
0.04516572142857332,-0.07276643,-0.06722818
0.04516823571428768,-0.0725239,-0.06747072
0.045170750000002036,-0.07230829,-0.06768633
0.045173264285716386,-0.07210954,-0.06788509
0.04517577857143075,-0.07192497,-0.06806966
0.045178292857145114,-0.0717546,-0.06824003
0.04518080714285947,-0.07159842,-0.06839622
0.045183321428573835,-0.07145644,-0.06853821
0.045185835714288185,-0.07132864,-0.06866602
0.045188350000002535,-0.07121504,-0.06877963
0.0451908642857169,-0.07111031,-0.06888436
0.04519337857143126,-0.07101306,-0.06898161
0.04519589285714561,-0.07092329,-0.06907139
0.045198407142859984,-0.070841,-0.06915369
0.045200921428574334,-0.07076618,-0.06922851
0.04520343571428869,-0.07069885,-0.06929585
0.04520595000000305,-0.07063899,-0.06935572
0.04520846428571741,-0.07058381,-0.06941091
0.04521097857143176,-0.07053257,-0.06946215
0.04521349285714612,-0.07048526,-0.06950946
0.04521600714286048,-0.0704419,-0.06955282
0.04521852142857484,-0.07040248,-0.06959225
0.0452210357142892,-0.070367,-0.06962774
0.04522355000000355,-0.07033546,-0.06965928
0.04522606428571791,-0.07030639,-0.06968836
0.04522857857143227,-0.07027939,-0.06971537
0.04523109285714663,-0.07025447,-0.0697403
0.04523360714286099,-0.07023162,-0.06976315
0.04523612142857535,-0.07021085,-0.06978393
0.0452386357142897,-0.07019216,-0.06980262
0.04524115000000406,-0.07017554,-0.06981925
0.045243192857146966,-0.07016292,-0.06983187
0.045245235714289886,-0.07015107,-0.06984373
0.04524727857143281,-0.07013998,-0.06985482
0.04524932142857573,-0.07012965,-0.06986515
0.04525136428571864,-0.07012009,-0.06987472
0.045253407142861565,-0.07011129,-0.06988352
0.04525545000000447,-0.07010326,-0.06989156
0.04525555000000447,-0.07010287,-0.06989194
0.045258078571433116,-0.07009376,-0.06990106
0.045260607142861765,-0.0700853,-0.06990953
0.045263135714290414,-0.07007749,-0.06991735
0.04526566428571905,-0.07007034,-0.06992451
0.045268192857147685,-0.07006384,-0.06993101
0.04527072142857634,-0.07005799,-0.06993686
0.04527325000000498,-0.0700528,-0.06994206
0.0452758071428622,-0.07004796,-0.0699469
0.04527836428571942,-0.07004348,-0.06995139
0.045280921428576634,-0.07003934,-0.06995553
0.04528347857143385,-0.07003556,-0.06995932
0.045286035714291066,-0.07003213,-0.06996276
0.04528859285714828,-0.07002904,-0.06996585
0.0452911500000055,-0.07002631,-0.06996859
0.045293750000005566,-0.07002375,-0.06997115
0.04529635000000565,-0.07002138,-0.06997353
0.04529895000000572,-0.0700192,-0.06997572
0.0453015500000058,-0.07001721,-0.06997772
0.04530415000000587,-0.0700154,-0.06997953
0.04530675000000595,-0.07001378,-0.06998116
0.04530935000000602,-0.07001235,-0.0699826
0.045312035714291814,-0.07001099,-0.06998396
0.04531472142857761,-0.07000974,-0.06998522
0.0453174071428634,-0.07000859,-0.06998638
0.045320092857149184,-0.07000753,-0.06998743
0.045322778571434984,-0.07000659,-0.06998838
0.04532546428572077,-0.07000574,-0.06998924
0.04532815000000656,-0.07000499,-0.06998999
0.04533097857143521,-0.07000428,-0.06999071
0.04533380714286387,-0.07000362,-0.06999138
0.04533663571429252,-0.07000302,-0.06999199
0.04533946428572117,-0.07000247,-0.06999254
0.045342292857149816,-0.07000198,-0.06999304
0.04534512142857848,-0.07000154,-0.06999348
0.04534795000000713,-0.07000116,-0.06999386
0.045349364285721463,-0.07000098,-0.06999405
0.04535077857143578,-0.07000081,-0.06999422
0.045352192857150114,-0.07000065,-0.06999439
0.04535360714286444,-0.07000049,-0.06999455
0.04535502142857877,-0.07000034,-0.0699947
0.04535643571429309,-0.0700002,-0.06999485
0.045357850000007416,-0.07000007,-0.06999498
0.04535795000000742,-0.07000006,-0.06999499
0.04536132142857895,-0.06999978,-0.06999528
0.04536469285715047,-0.06999953,-0.06999554
0.04536806428572199,-0.0699993,-0.06999578
0.04537143571429352,-0.06999909,-0.06999599
0.04537480714286505,-0.06999891,-0.06999618
0.04537817857143657,-0.06999875,-0.06999634
0.0453815500000081,-0.06999862,-0.06999647
0.04538577857143679,-0.06999848,-0.06999663
0.045390007142865486,-0.06999835,-0.06999676
0.045394235714294184,-0.06999824,-0.06999688
0.04539846428572287,-0.06999814,-0.06999699
0.04540269285715156,-0.06999806,-0.06999708
0.045406921428580264,-0.069998,-0.06999716
0.04541115000000895,-0.06999795,-0.06999722
0.04541726428572341,-0.06999789,-0.06999729
0.04542337857143787,-0.06999784,-0.06999736
0.04542949285715233,-0.06999779,-0.06999742
0.0454356071428668,-0.06999776,-0.06999746
0.045441721428581265,-0.06999773,-0.0699975
0.04544783571429572,-0.06999772,-0.06999753
0.04545395000001018,-0.06999771,-0.06999755
0.04546035000001036,-0.0699977,-0.06999758
0.04547393571429647,-0.06999769,-0.06999761
0.04548752142858258,-0.06999769,-0.06999764
0.04550110714286868,-0.06999769,-0.06999766
0.04551469285715478,-0.0699977,-0.06999768
0.045528278571440886,-0.06999771,-0.0699977
0.045541864285726985,-0.06999772,-0.06999772
0.0455554500000131,-0.06999774,-0.06999773
0.045562750000013315,-0.06999774,-0.06999774
0.04566515000001625,-0.06999784,-0.06999784
0.0457675500000192,-0.06999794,-0.06999794
0.045869950000022135,-0.06999803,-0.06999803
0.045972350000025086,-0.06999812,-0.06999812
0.04607475000002803,-0.0699982,-0.0699982
0.04617715000003098,-0.06999829,-0.06999829
0.04627955000003392,-0.06999838,-0.06999838
0.04638195000003687,-0.06999844,-0.06999844
0.04648435000003981,-0.06999852,-0.06999852
0.04658675000004275,-0.06999858,-0.06999858
0.0466891500000457,-0.06999865,-0.06999865
0.046791550000048636,-0.06999872,-0.06999872
0.04689395000005159,-0.06999878,-0.06999878
0.04699635000005453,-0.06999883,-0.06999883
0.047098750000057484,-0.06999888,-0.06999888
0.04720115000006042,-0.06999893,-0.06999893
0.047303550000063366,-0.06999899,-0.06999899
0.04740595000006631,-0.06999905,-0.06999905
0.04750835000006926,-0.0699991,-0.0699991
0.0476107500000722,-0.06999914,-0.06999914
0.04771315000007514,-0.06999917,-0.06999917
0.04781555000007809,-0.06999921,-0.06999921
0.04791795000008103,-0.06999926,-0.06999926
0.04802035000008398,-0.06999929,-0.06999929
0.048122750000086915,-0.06999933,-0.06999933
0.04822515000008987,-0.06999937,-0.06999937
0.04832755000009281,-0.0699994,-0.0699994
0.04842995000009576,-0.06999944,-0.06999944
0.0485323500000987,-0.06999947,-0.06999947
0.04863475000010165,-0.06999949,-0.06999949
0.04873715000010459,-0.06999952,-0.06999952
0.048839550000107534,-0.06999954,-0.06999954
0.04894195000011048,-0.06999957,-0.06999957
0.04904435000011342,-0.06999959,-0.06999959
0.04914675000011637,-0.06999961,-0.06999961
0.04924915000011931,-0.06999964,-0.06999964
0.049351550000122264,-0.06999966,-0.06999966
0.0494539500001252,-0.06999968,-0.06999968
0.04955635000012815,-0.0699997,-0.0699997
0.049658750000131084,-0.06999972,-0.06999972
0.049761150000134036,-0.06999975,-0.06999975
0.04986355000013698,-0.06999977,-0.06999977
0.04996595000013993,-0.06999979,-0.06999979
0.0499999500001409,-0.0699998,-0.0699998
0.05,-0.0699998,-0.0699998
